experience,country,education,languages,frameworks,company_size,salary_usd
34,Germany,Masters,"Rust, JavaScript","Vue, ASP.NET",201-1000,172292
9,UK,Masters,"C#, JavaScript","Ruby on Rails, Spring",201-1000,82311
8,USA,Some College,"C++, Go","Vue, React",5000+,109637
29,USA,Masters,"C++, Ruby","Spring, Angular",Nov-50,214386
7,USA,Bachelors,"C#, Rust","React, Express",10-Jan,107584
13,USA,Bachelors,"Java, C++","React, ASP.NET",201-1000,121148
31,UK,Bachelors,"Python, Rust","Flask, Angular",51-200,157919
16,USA,Masters,"Go, Ruby","Angular, Angular",201-1000,155283
11,USA,Masters,"Rust, C#","Laravel, Vue",Nov-50,114780
27,Canada,Bachelors,"Python, Swift","ASP.NET, Ruby on Rails",5000+,139982
39,India,High School,"C++, Swift","Express, React",10-Jan,109902
18,USA,Masters,"JavaScript, C#","Laravel, ASP.NET",Nov-50,124517
2,USA,Bachelors,"Java, Rust","ASP.NET, Ruby on Rails",1001-5000,112299
25,India,Masters,"C#, C++","Ruby on Rails, Flask",5000+,96139
29,USA,Bachelors,"PHP, PHP","Flask, Ruby on Rails",Nov-50,171332
24,USA,Bachelors,"Python, C#","Express, ASP.NET",201-1000,193452
8,Germany,Masters,"PHP, C++","Laravel, Laravel",201-1000,78403
11,USA,Bachelors,"Python, Ruby","React, Angular",201-1000,119559
5,Canada,Bachelors,"Java, PHP","Ruby on Rails, Django",5000+,106531
31,Germany,Masters,"JavaScript, Java","Ruby on Rails, Ruby on Rails",51-200,166325
32,Germany,Bachelors,"Rust, C#","Flask, React",51-200,169050
29,Germany,Masters,"Ruby, Java","Django, Laravel",5000+,177714
1,France,Masters,"PHP, PHP","Express, ASP.NET",51-200,66540
38,Canada,Bachelors,"C++, Java","Express, React",5000+,220782
18,USA,Masters,"Swift, C++","Laravel, ASP.NET",1001-5000,128352
20,Canada,Bachelors,"Rust, C#","Vue, ASP.NET",10-Jan,119171
22,USA,Bachelors,"C++, Python","Express, ASP.NET",201-1000,154795
38,Japan,Bachelors,"C#, PHP","Angular, Laravel",1001-5000,137458
38,USA,Masters,"Rust, Go","ASP.NET, Django",5000+,201824
12,USA,Bachelors,"Python, PHP","Laravel, Django",5000+,143826
14,USA,Bachelors,"PHP, Python","Flask, Vue",10-Jan,157976
24,USA,High School,"C++, Java","Ruby on Rails, Flask",1001-5000,163781
24,USA,Masters,"Ruby, Go","Django, Ruby on Rails",Nov-50,199125
10,Germany,Bachelors,"Rust, C++","Flask, Laravel",Nov-50,80213
20,Australia,Bachelors,"Ruby, Rust","ASP.NET, Django",5000+,104779
7,USA,Bachelors,"Java, Rust","Django, Angular",Nov-50,128384
40,India,Some College,"Ruby, Swift","Flask, Flask",201-1000,153995
32,USA,Bachelors,"JavaScript, JavaScript","Spring, ASP.NET",1001-5000,168318
38,India,Bachelors,"Java, Ruby","React, Django",51-200,147029
14,USA,Bachelors,"C++, Rust","Ruby on Rails, React",5000+,171315
25,USA,High School,"Go, Java","Flask, Laravel",10-Jan,190794
8,Germany,Some College,"Python, PHP","Django, React",5000+,97645
11,Canada,PhD,"Python, Go","Express, Ruby on Rails",201-1000,123045
18,India,Bachelors,"C++, Python","Django, Ruby on Rails",201-1000,77232
19,Canada,Bachelors,"Rust, JavaScript","Express, Laravel",201-1000,138342
27,UK,High School,"JavaScript, Python","Laravel, Ruby on Rails",201-1000,122496
14,Canada,Some College,"Python, PHP","Flask, Flask",Nov-50,101830
14,USA,High School,"JavaScript, JavaScript","Angular, Ruby on Rails",1001-5000,121512
1,USA,PhD,"C++, Rust","ASP.NET, React",201-1000,121009
0,India,Bachelors,"Go, C#","React, Ruby on Rails",1001-5000,14246
23,India,Bachelors,"Python, C++","Spring, Django",5000+,86776
24,Australia,Bachelors,"C#, Swift","Express, Express",1001-5000,140459
11,Canada,Bachelors,"JavaScript, Go","Laravel, Express",Nov-50,110597
17,USA,Bachelors,"Swift, Rust","Spring, Spring",1001-5000,166979
40,USA,Masters,"Ruby, Rust","React, ASP.NET",51-200,182141
31,USA,Bachelors,"Python, C++","Django, ASP.NET",5000+,203336
11,France,Bachelors,"PHP, Go","Vue, Express",51-200,97202
18,India,Some College,"JavaScript, Swift","Laravel, Django",51-200,81560
11,USA,Masters,"C#, Python","Spring, Spring",5000+,134566
29,Japan,Bachelors,"C++, PHP","React, ASP.NET",Nov-50,147010
33,USA,Bachelors,"Ruby, C#","React, Express",1001-5000,203448
26,USA,Bachelors,"Rust, Rust","Vue, Django",5000+,152594
29,Japan,Bachelors,"Python, C#","Django, React",10-Jan,112494
29,Canada,Bachelors,"Rust, Go","Angular, Django",201-1000,151207
2,USA,Masters,"C++, Java","Ruby on Rails, ASP.NET",5000+,130921
39,USA,Bachelors,"Ruby, Swift","Spring, Express",1001-5000,240744
16,India,PhD,"Swift, PHP","Flask, Vue",1001-5000,73969
2,USA,Masters,"Java, Java","Spring, Spring",5000+,105236
4,UK,Bachelors,"C++, C#","Flask, ASP.NET",51-200,74556
17,India,Some College,"C#, C++","Express, Flask",51-200,59362
36,France,Bachelors,"PHP, PHP","Flask, Django",51-200,139690
31,USA,Bachelors,"Java, Swift","Flask, Django",5000+,218016
32,UK,Bachelors,"Swift, Swift","ASP.NET, Angular",201-1000,174386
5,Japan,High School,"JavaScript, Java","Vue, Django",1001-5000,72261
19,UK,Bachelors,"Python, Swift","Angular, React",10-Jan,100622
3,USA,High School,"Python, PHP","Django, Flask",10-Jan,83128
21,USA,Masters,"PHP, Rust","React, Express",51-200,173971
16,Brazil,Bachelors,"Rust, Rust","Django, Spring",10-Jan,108370
0,Canada,Bachelors,"Swift, C#","Angular, Spring",201-1000,69221
4,USA,Bachelors,"PHP, PHP","Angular, ASP.NET",5000+,107081
39,USA,Bachelors,"Swift, C++","Vue, Ruby on Rails",Nov-50,206913
11,UK,Masters,"Python, Java","Spring, ASP.NET",1001-5000,120967
8,Singapore,Bachelors,"Java, PHP","Django, Django",51-200,63872
8,Japan,Masters,"Go, Rust","ASP.NET, Ruby on Rails",51-200,75821
17,Singapore,Masters,"JavaScript, Python","Ruby on Rails, Angular",10-Jan,98897
38,India,Bachelors,"Python, Rust","Flask, Angular",10-Jan,142848
38,Canada,Bachelors,"JavaScript, Swift","Laravel, Spring",10-Jan,193931
26,USA,Masters,"Java, Go","Angular, Express",51-200,166204
13,Germany,Bachelors,"C++, Python","Ruby on Rails, Vue",10-Jan,106754
20,USA,Masters,"Ruby, Go","ASP.NET, ASP.NET",Nov-50,191459
9,Germany,PhD,"Go, Go","Express, Django",Nov-50,111663
16,Canada,Masters,"Rust, PHP","Ruby on Rails, Flask",Nov-50,111019
20,Canada,Bachelors,"Go, Java","Vue, Vue",1001-5000,96809
33,Brazil,Bachelors,"Java, C++","React, Express",201-1000,128099
1,USA,Bachelors,"Swift, C++","ASP.NET, Angular",10-Jan,83478
40,Canada,Bachelors,"C++, Java","Laravel, Ruby on Rails",10-Jan,145363
26,USA,Bachelors,"C++, PHP","ASP.NET, Ruby on Rails",1001-5000,176354
8,USA,High School,"Go, JavaScript","Django, Vue",1001-5000,114491
25,USA,PhD,"Rust, Go","Django, React",10-Jan,219358
29,Germany,Bachelors,"Python, Python","Ruby on Rails, Flask",51-200,161802
31,France,PhD,"Java, Ruby","Laravel, Vue",Nov-50,181463
23,USA,Masters,"Java, C#","Laravel, Django",5000+,207360
0,Singapore,Bachelors,"C++, JavaScript","Spring, Spring",1001-5000,47465
33,Canada,Bachelors,"Java, Rust","Angular, Laravel",10-Jan,188880
33,USA,Bachelors,"Java, Go","Django, Angular",10-Jan,166611
19,USA,Some College,"Ruby, Java","Ruby on Rails, Vue",201-1000,130133
18,UK,Bachelors,"Go, Go","React, React",5000+,123329
36,USA,Bachelors,"Java, Rust","Django, Spring",1001-5000,185880
16,Brazil,Bachelors,"Rust, PHP","Vue, Vue",201-1000,94359
36,Canada,Bachelors,"Python, C++","Express, Django",1001-5000,137072
24,UK,Masters,"JavaScript, C++","Express, React",201-1000,160580
8,USA,Bachelors,"Python, PHP","Laravel, Ruby on Rails",1001-5000,111238
4,USA,Bachelors,"PHP, C++","Express, Angular",Nov-50,102781
5,Japan,Bachelors,"Swift, C++","Flask, Flask",Nov-50,75160
21,USA,Masters,"Java, Swift","ASP.NET, Express",1001-5000,140045
4,USA,Bachelors,"Java, C++","ASP.NET, Express",Nov-50,81848
18,USA,PhD,"C#, Python","Spring, Angular",5000+,147269
26,USA,Bachelors,"C++, Java","React, Angular",201-1000,181991
24,Germany,Bachelors,"Ruby, PHP","Angular, React",201-1000,142461
37,Singapore,Bachelors,"Go, Rust","Angular, React",Nov-50,168334
38,India,Bachelors,"Python, Rust","Spring, Spring",201-1000,146030
11,Canada,Bachelors,"PHP, Swift","ASP.NET, Ruby on Rails",51-200,74610
26,USA,Bachelors,"JavaScript, Python","Angular, Spring",51-200,162059
2,Australia,Masters,"PHP, C++","Ruby on Rails, React",10-Jan,70930
25,USA,Masters,"Python, Python","Express, Laravel",Nov-50,181367
10,USA,Masters,"JavaScript, C++","Ruby on Rails, Spring",201-1000,114051
9,USA,Bachelors,"C#, PHP","Flask, ASP.NET",Nov-50,136757
22,Australia,Masters,"Java, C++","Flask, Laravel",201-1000,131022
25,India,Bachelors,"C#, Ruby","Ruby on Rails, Vue",5000+,96045
40,Germany,Bachelors,"PHP, Go","Laravel, Ruby on Rails",51-200,205765
25,Canada,Bachelors,"Ruby, PHP","React, Angular",5000+,128108
3,Australia,Bachelors,"Ruby, C++","Flask, Ruby on Rails",10-Jan,57468
36,USA,Bachelors,"Python, Java","Django, React",1001-5000,192377
2,USA,Masters,"Python, Java","Express, ASP.NET",10-Jan,116633
11,France,Bachelors,"PHP, Rust","Express, ASP.NET",1001-5000,96152
38,Japan,Bachelors,"JavaScript, C++","ASP.NET, Ruby on Rails",10-Jan,189201
16,India,Bachelors,"Swift, Java","Flask, Express",201-1000,62006
29,USA,Masters,"C++, Java","Ruby on Rails, ASP.NET",201-1000,151505
2,USA,High School,"C++, C++","Spring, Angular",201-1000,78047
32,USA,Masters,"JavaScript, C#","ASP.NET, Express",201-1000,182834
37,USA,Some College,"Python, JavaScript","Ruby on Rails, Laravel",10-Jan,237488
2,Australia,Bachelors,"C#, Go","Angular, Vue",1001-5000,55255
8,Germany,Masters,"Swift, Rust","Spring, Express",51-200,98177
7,Japan,Bachelors,"C#, PHP","Django, Express",5000+,73884
40,Singapore,Bachelors,"Ruby, Rust","Flask, Django",5000+,182648
16,USA,Some College,"PHP, Python","React, Spring",201-1000,143043
36,UK,Masters,"JavaScript, Swift","ASP.NET, Django",Nov-50,158584
23,USA,Some College,"JavaScript, Java","Angular, Ruby on Rails",1001-5000,189326
16,France,Some College,"Python, C#","Flask, Ruby on Rails",10-Jan,100237
24,USA,Bachelors,"Python, C++","React, Flask",1001-5000,183756
38,USA,Bachelors,"PHP, Swift","Spring, Ruby on Rails",51-200,201692
28,India,Bachelors,"PHP, PHP","Ruby on Rails, Vue",51-200,99325
11,USA,Bachelors,"Rust, C++","Django, Spring",5000+,162421
24,Singapore,High School,"Ruby, Ruby","Flask, Express",201-1000,126539
18,USA,Bachelors,"Python, JavaScript","Angular, Flask",51-200,137741
27,USA,Bachelors,"Java, PHP","Express, ASP.NET",Nov-50,199218
36,USA,High School,"Swift, Go","Django, Ruby on Rails",1001-5000,207784
37,Japan,Masters,"Rust, PHP","Ruby on Rails, Spring",51-200,183647
23,USA,Bachelors,"C#, C++","Spring, React",1001-5000,189265
31,India,Bachelors,"C++, C++","Ruby on Rails, Django",1001-5000,110956
10,India,Bachelors,"C++, C++","Ruby on Rails, Express",51-200,53774
14,Australia,Bachelors,"Ruby, Java","Express, Django",5000+,126878
27,Germany,Bachelors,"Rust, Go","Flask, ASP.NET",10-Jan,156383
1,USA,Some College,"C++, Go","ASP.NET, Flask",10-Jan,111190
23,France,Bachelors,"C#, C#","Spring, ASP.NET",1001-5000,120609
13,USA,Bachelors,"Ruby, Java","Ruby on Rails, Spring",10-Jan,150020
11,USA,Bachelors,"Python, C#","Express, Express",51-200,124187
7,UK,High School,"JavaScript, JavaScript","Vue, Flask",201-1000,93605
20,USA,Bachelors,"C#, PHP","Vue, Ruby on Rails",10-Jan,151649
18,UK,Some College,"C#, C++","Express, Django",51-200,105789
20,Germany,Masters,"C++, JavaScript","Flask, Express",1001-5000,122138
26,USA,Bachelors,"PHP, Ruby","React, Flask",201-1000,164339
16,USA,Some College,"JavaScript, C++","Vue, Flask",5000+,134149
6,USA,Bachelors,"C#, Java","ASP.NET, Ruby on Rails",51-200,102770
27,Japan,Bachelors,"C#, Go","Spring, Django",1001-5000,120609
6,UK,Masters,"PHP, Python","ASP.NET, Laravel",51-200,72125
22,France,Masters,"PHP, Ruby","Django, Express",201-1000,135202
20,UK,Some College,"Ruby, JavaScript","Express, React",1001-5000,126818
5,UK,Masters,"PHP, Java","ASP.NET, Vue",10-Jan,69426
3,USA,Masters,"Rust, PHP","Spring, ASP.NET",51-200,99746
21,Canada,Bachelors,"PHP, PHP","Angular, Vue",10-Jan,112612
35,India,Bachelors,"C#, Java","ASP.NET, Django",51-200,141385
17,UK,Bachelors,"Ruby, PHP","Laravel, Flask",5000+,118005
34,Germany,Bachelors,"Rust, Java","Flask, Laravel",Nov-50,153545
2,USA,High School,"PHP, Java","Django, Angular",51-200,91083
29,Germany,Bachelors,"PHP, C++","Ruby on Rails, ASP.NET",51-200,139216
29,Germany,Bachelors,"Ruby, PHP","Vue, Django",51-200,125029
26,USA,Bachelors,"Python, Python","Laravel, Spring",1001-5000,177400
12,India,Masters,"Go, JavaScript","Vue, Express",51-200,71437
33,Canada,Bachelors,"Go, PHP","Flask, Laravel",51-200,168455
21,France,Bachelors,"C#, PHP","Ruby on Rails, Spring",10-Jan,107271
12,USA,Bachelors,"C++, PHP","Django, Django",51-200,121515
4,India,Bachelors,"Go, Ruby","React, Ruby on Rails",51-200,21700
23,USA,High School,"Swift, PHP","Angular, Django",51-200,176177
26,Japan,Masters,"Python, JavaScript","Spring, Ruby on Rails",1001-5000,153637
13,France,Some College,"Python, Rust","Ruby on Rails, React",1001-5000,75150
38,Brazil,Bachelors,"Ruby, C++","Angular, Vue",51-200,167488
18,France,Masters,"Ruby, Java","Spring, Ruby on Rails",Nov-50,131671
11,Japan,Bachelors,"C++, Ruby","Vue, Laravel",1001-5000,68513
37,Germany,Bachelors,"Ruby, Swift","Ruby on Rails, Vue",51-200,152916
11,USA,Bachelors,"PHP, Swift","ASP.NET, Flask",51-200,135497
38,USA,Some College,"Ruby, C#","Angular, ASP.NET",201-1000,213901
15,India,High School,"PHP, Java","Angular, Spring",5000+,76967
8,USA,Bachelors,"Rust, C#","ASP.NET, Ruby on Rails",51-200,97641
1,USA,PhD,"C#, PHP","Flask, Spring",51-200,111834
21,Australia,Bachelors,"Java, JavaScript","Express, Express",1001-5000,117880
33,USA,Masters,"JavaScript, Rust","Vue, Django",201-1000,171323
25,USA,Masters,"Rust, Swift","Angular, ASP.NET",10-Jan,155268
36,USA,Masters,"C++, Python","React, Ruby on Rails",5000+,202214
22,UK,Masters,"PHP, C#","React, Ruby on Rails",5000+,155524
6,India,Bachelors,"Python, Swift","Vue, Angular",201-1000,32184
10,UK,Some College,"Ruby, JavaScript","Angular, Laravel",10-Jan,98614
30,France,Masters,"C++, Java","Laravel, Express",Nov-50,166430
9,Germany,Bachelors,"PHP, JavaScript","Spring, Express",5000+,116083
15,Germany,Bachelors,"PHP, C++","Express, Flask",Nov-50,118788
0,USA,Some College,"Rust, Java","ASP.NET, Vue",Nov-50,80550
26,Canada,Bachelors,"C#, Rust","Express, Flask",5000+,170598
26,India,PhD,"Ruby, C#","Spring, Spring",Nov-50,107530
39,Singapore,Bachelors,"Swift, Ruby","React, Spring",51-200,145121
29,UK,Masters,"Java, C#","Vue, Spring",51-200,187673
37,USA,High School,"Python, C#","ASP.NET, Spring",1001-5000,225720
11,USA,Masters,"C#, PHP","Vue, Angular",5000+,124412
4,Germany,Masters,"JavaScript, C++","Spring, Vue",Nov-50,78884
11,India,Bachelors,"Python, Ruby","ASP.NET, React",51-200,39644
12,Germany,Masters,"Swift, Java","Vue, Vue",1001-5000,100256
28,France,Bachelors,"Java, JavaScript","Express, React",Nov-50,154150
18,Germany,Bachelors,"Swift, JavaScript","Spring, Django",51-200,102503
3,Brazil,Bachelors,"Go, JavaScript","Laravel, React",201-1000,60492
20,UK,Some College,"C#, Swift","Spring, React",Nov-50,132417
23,USA,Some College,"C#, Python","ASP.NET, Spring",201-1000,145904
37,India,High School,"Ruby, PHP","ASP.NET, Express",51-200,147351
33,USA,PhD,"JavaScript, Ruby","Spring, React",1001-5000,198251
9,Canada,Masters,"C++, PHP","Angular, Django",51-200,113027
20,Canada,Masters,"PHP, PHP","Vue, ASP.NET",Nov-50,120071
9,France,Bachelors,"Rust, Java","Express, Django",51-200,90469
28,USA,Masters,"C++, JavaScript","Angular, ASP.NET",1001-5000,196776
19,Canada,Bachelors,"C#, Python","React, ASP.NET",5000+,143788
17,USA,PhD,"Go, C#","Laravel, Vue",1001-5000,193045
6,Canada,Bachelors,"C++, Ruby","Express, Spring",5000+,95330
9,UK,Masters,"JavaScript, Swift","React, Vue",201-1000,84838
30,USA,PhD,"Swift, C++","Laravel, Spring",51-200,199331
15,India,Some College,"Ruby, C++","Flask, Django",1001-5000,64191
0,Germany,Some College,"JavaScript, Python","Ruby on Rails, Laravel",Nov-50,49808
28,Germany,Masters,"Ruby, PHP","ASP.NET, Flask",Nov-50,161947
26,UK,Bachelors,"PHP, PHP","Django, Laravel",51-200,126042
6,USA,Bachelors,"Go, C++","Vue, Spring",1001-5000,107531
11,Japan,Some College,"Java, C++","Angular, Vue",201-1000,85594
21,USA,Bachelors,"Swift, Go","Spring, Vue",51-200,144270
5,USA,Some College,"PHP, PHP","Flask, Flask",5000+,96948
13,USA,Masters,"JavaScript, C++","React, Django",10-Jan,116015
23,France,Bachelors,"Go, PHP","Ruby on Rails, Vue",5000+,135012
9,India,Masters,"Java, C#","Flask, Angular",51-200,47155
2,USA,Some College,"JavaScript, C++","Spring, React",10-Jan,79654
3,Canada,Masters,"C#, C++","ASP.NET, Django",51-200,70481
37,UK,Bachelors,"Java, Python","Django, Angular",1001-5000,201069
36,France,Bachelors,"PHP, JavaScript","Angular, Express",51-200,153874
34,Japan,Bachelors,"JavaScript, Python","Ruby on Rails, Laravel",51-200,125838
3,USA,High School,"Go, JavaScript","Express, React",201-1000,94363
23,Germany,Bachelors,"Java, C++","Express, Spring",201-1000,113603
21,Singapore,Masters,"Java, Rust","Express, Django",5000+,144984
36,Australia,Bachelors,"Rust, Go","Flask, Vue",5000+,158904
22,USA,Masters,"C#, Rust","Laravel, Spring",1001-5000,145741
36,India,Bachelors,"C++, Go","Laravel, Express",10-Jan,114592
5,UK,Bachelors,"PHP, Go","Spring, Express",51-200,78385
31,USA,Bachelors,"Swift, PHP","Vue, Angular",51-200,147794
16,UK,Masters,"Swift, Java","Laravel, Flask",5000+,111331
4,USA,Bachelors,"Rust, Swift","Laravel, Express",Nov-50,105314
37,Germany,Some College,"PHP, Python","Angular, Spring",Nov-50,148727
27,USA,Bachelors,"C#, Rust","Flask, Vue",10-Jan,168764
19,USA,High School,"Java, Ruby","Laravel, Ruby on Rails",10-Jan,174159
0,India,Masters,"C++, PHP","Laravel, Express",1001-5000,29590
23,UK,Masters,"Python, Java","Angular, Vue",51-200,112337
32,USA,Bachelors,"JavaScript, C++","React, Express",51-200,175473
5,France,Masters,"Python, Swift","Angular, Django",5000+,105129
16,Canada,Masters,"PHP, JavaScript","Django, Django",5000+,145016
19,USA,Masters,"Java, Java","Express, ASP.NET",1001-5000,130945
18,USA,Masters,"Swift, C++","ASP.NET, Spring",51-200,170604
8,USA,Bachelors,"Go, Rust","Django, Express",10-Jan,118423
39,India,Some College,"Go, Java","React, Spring",1001-5000,155135
40,India,Bachelors,"PHP, Swift","Flask, Express",1001-5000,113856
33,USA,Some College,"PHP, C++","Vue, Vue",51-200,203258
4,Canada,Masters,"Java, C++","Express, ASP.NET",1001-5000,67678
16,UK,PhD,"C++, Ruby","Ruby on Rails, Laravel",10-Jan,145557
17,France,Some College,"Python, Ruby","Angular, Flask",10-Jan,102691
12,India,Masters,"Python, Rust","Vue, Django",1001-5000,51386
26,USA,Bachelors,"C#, JavaScript","Ruby on Rails, Express",5000+,194976
35,Canada,Bachelors,"Rust, JavaScript","Laravel, Ruby on Rails",201-1000,197255
1,USA,Bachelors,"Rust, Python","Express, Express",1001-5000,96272
36,Australia,Bachelors,"Java, Swift","Flask, Flask",201-1000,174427
34,USA,Some College,"Rust, Python","Ruby on Rails, Spring",Nov-50,224008
25,UK,Some College,"Swift, JavaScript","Express, Spring",5000+,145657
4,Canada,Masters,"Go, Java","Ruby on Rails, Express",201-1000,84805
14,USA,Masters,"PHP, Java","Django, Angular",201-1000,170079
31,Germany,Bachelors,"Java, Java","Express, Spring",201-1000,123878
34,India,Bachelors,"C++, Java","Vue, Laravel",Nov-50,138575
21,Singapore,Bachelors,"Go, PHP","Ruby on Rails, Django",Nov-50,114341
2,USA,PhD,"C++, Swift","Spring, Flask",1001-5000,97364
22,Canada,Bachelors,"Java, Rust","ASP.NET, Spring",5000+,131896
18,France,Some College,"Rust, C++","Flask, Spring",201-1000,123751
34,Brazil,Bachelors,"PHP, C#","Spring, Ruby on Rails",1001-5000,163239
18,USA,PhD,"Go, JavaScript","Express, Spring",5000+,150202
22,India,Masters,"Java, Java","Laravel, Ruby on Rails",5000+,111024
14,USA,Masters,"PHP, C#","Ruby on Rails, Django",5000+,159222
32,Germany,Bachelors,"Swift, Ruby","Laravel, Django",51-200,165846
31,Germany,PhD,"C++, PHP","Express, Flask",1001-5000,192191
8,USA,Bachelors,"Rust, PHP","Django, Laravel",Nov-50,125628
29,UK,Masters,"Rust, PHP","Spring, Ruby on Rails",Nov-50,125967
13,USA,Masters,"Python, Swift","Vue, Angular",1001-5000,160872
13,USA,Bachelors,"Java, JavaScript","Flask, Ruby on Rails",51-200,148493
14,USA,Bachelors,"Java, PHP","Ruby on Rails, Flask",10-Jan,108826
28,Australia,Bachelors,"PHP, C++","Flask, Flask",Nov-50,132444
30,UK,Bachelors,"PHP, Ruby","React, React",1001-5000,144290
25,UK,Some College,"Ruby, C++","Laravel, ASP.NET",5000+,129226
35,Canada,Some College,"Rust, C++","Angular, Spring",51-200,135198
15,Australia,Bachelors,"PHP, Ruby","Django, ASP.NET",5000+,123423
10,UK,Bachelors,"C#, PHP","Angular, Laravel",5000+,100309
5,UK,Masters,"JavaScript, Ruby","Ruby on Rails, ASP.NET",51-200,70340
14,Japan,Masters,"Swift, Rust","Vue, Vue",5000+,111325
4,India,Bachelors,"JavaScript, C#","Express, Vue",51-200,26082
37,USA,Some College,"PHP, Java","Flask, React",1001-5000,211862
27,UK,Some College,"Python, Ruby","React, Flask",5000+,167000
9,USA,Bachelors,"JavaScript, C++","Ruby on Rails, Flask",10-Jan,139266
40,USA,High School,"C++, Go","Ruby on Rails, Angular",51-200,185252
21,Canada,Masters,"Python, Python","Django, Express",1001-5000,155624
30,USA,Bachelors,"Swift, Python","Angular, Angular",201-1000,170846
31,Canada,PhD,"PHP, Java","Ruby on Rails, Vue",201-1000,169638
28,USA,Bachelors,"Ruby, Go","React, Spring",201-1000,190500
16,India,Bachelors,"Java, Swift","Spring, Express",5000+,86944
3,Canada,Some College,"JavaScript, Rust","Vue, Spring",5000+,76336
18,Germany,Bachelors,"C++, Java","Laravel, Ruby on Rails",10-Jan,97560
28,Germany,Bachelors,"JavaScript, Go","React, React",Nov-50,125506
34,Germany,Bachelors,"Go, Java","Flask, Laravel",1001-5000,145603
27,USA,Masters,"Rust, Java","Django, Flask",1001-5000,154026
40,USA,Masters,"JavaScript, Go","ASP.NET, Vue",1001-5000,245645
8,Canada,Bachelors,"Ruby, Java","Vue, Ruby on Rails",1001-5000,84757
27,India,High School,"Go, Java","Django, Django",Nov-50,87020
13,USA,Masters,"C#, Python","React, Laravel",1001-5000,134816
28,USA,Masters,"JavaScript, C#","Ruby on Rails, Flask",201-1000,159607
8,Australia,Some College,"Java, Python","Flask, Spring",1001-5000,78625
35,Australia,Masters,"Ruby, Ruby","Express, Laravel",5000+,205866
24,Australia,Masters,"Ruby, Java","Angular, Ruby on Rails",51-200,125444
0,India,PhD,"Ruby, Ruby","Spring, Django",51-200,29053
2,Canada,Bachelors,"PHP, PHP","Ruby on Rails, Express",51-200,66823
17,Canada,Bachelors,"Java, Python","Flask, Angular",Nov-50,98650
33,UK,Bachelors,"Rust, C#","React, Ruby on Rails",10-Jan,189119
33,Canada,Bachelors,"Java, Go","Angular, React",5000+,155593
22,UK,Bachelors,"Ruby, Java","Vue, Django",1001-5000,109817
27,UK,High School,"PHP, C#","Django, React",Nov-50,142868
1,Germany,Bachelors,"C++, Java","ASP.NET, Ruby on Rails",Nov-50,53111
31,USA,Masters,"Ruby, Go","Ruby on Rails, React",Nov-50,165940
15,USA,Masters,"Ruby, PHP","Vue, Laravel",10-Jan,156865
8,USA,Bachelors,"Swift, Java","Vue, Flask",201-1000,119876
35,Canada,Some College,"Ruby, C#","Express, Ruby on Rails",201-1000,134003
19,Canada,Bachelors,"PHP, Go","Flask, React",201-1000,101549
31,USA,Bachelors,"Swift, PHP","Angular, Express",10-Jan,156340
39,France,Bachelors,"Swift, Go","Ruby on Rails, Laravel",5000+,156273
3,USA,Masters,"Rust, Python","Express, React",Nov-50,121247
37,India,High School,"Python, C++","Ruby on Rails, Angular",201-1000,145326
39,Canada,Bachelors,"Python, JavaScript","React, Ruby on Rails",5000+,209510
4,Japan,Masters,"Go, JavaScript","React, Vue",5000+,84974
4,Germany,Masters,"Swift, C++","Spring, ASP.NET",51-200,66207
14,India,Bachelors,"Ruby, Ruby","Django, Flask",10-Jan,47921
16,Germany,Masters,"C++, C#","Angular, Ruby on Rails",10-Jan,135513
22,USA,Bachelors,"Rust, JavaScript","Laravel, Django",5000+,144753
33,UK,Bachelors,"Swift, PHP","Django, Express",10-Jan,132397
37,Germany,Bachelors,"Go, Ruby","Spring, Angular",51-200,170631
3,USA,Bachelors,"Rust, JavaScript","Django, Express",1001-5000,94295
36,Singapore,Bachelors,"PHP, Ruby","Express, ASP.NET",51-200,181394
9,UK,Masters,"Go, Python","Angular, Angular",201-1000,107475
0,USA,Masters,"JavaScript, JavaScript","Laravel, Laravel",5000+,96750
4,UK,Masters,"Python, JavaScript","Vue, Django",51-200,98050
35,India,Some College,"Rust, Swift","Ruby on Rails, ASP.NET",1001-5000,133269
10,France,Bachelors,"Java, JavaScript","Angular, ASP.NET",1001-5000,91020
34,Germany,Some College,"Python, Ruby","Express, Express",10-Jan,188087
26,UK,Bachelors,"Rust, Rust","React, Laravel",Nov-50,149119
10,Canada,Bachelors,"Ruby, Swift","Laravel, Flask",10-Jan,95505
36,USA,Some College,"Swift, Java","ASP.NET, Vue",5000+,172901
29,India,Masters,"Go, PHP","ASP.NET, Vue",10-Jan,92061
12,Australia,Bachelors,"Python, PHP","Spring, Django",10-Jan,79122
14,Japan,Bachelors,"PHP, Ruby","Ruby on Rails, Django",10-Jan,79426
14,USA,Bachelors,"Java, Ruby","Express, Spring",201-1000,131923
6,Brazil,Bachelors,"Ruby, Ruby","Ruby on Rails, Flask",201-1000,73898
31,UK,Bachelors,"Swift, Swift","Spring, Flask",10-Jan,172753
25,USA,Some College,"Go, Java","Flask, Django",51-200,138120
18,Australia,Masters,"C++, Ruby","React, Express",Nov-50,111547
7,France,Bachelors,"C++, C#","Spring, ASP.NET",1001-5000,71776
8,USA,Bachelors,"Swift, C#","Ruby on Rails, Laravel",Nov-50,122945
5,Canada,Masters,"Java, Python","Django, Ruby on Rails",51-200,69413
15,USA,Bachelors,"Ruby, PHP","React, Spring",Nov-50,157887
19,Canada,Bachelors,"Rust, Python","React, Ruby on Rails",1001-5000,99807
15,Canada,Bachelors,"JavaScript, Go","Ruby on Rails, Spring",201-1000,88885
19,India,Bachelors,"Go, Ruby","Laravel, Vue",201-1000,61116
39,USA,Some College,"JavaScript, Python","Angular, Ruby on Rails",10-Jan,201517
11,USA,Bachelors,"Python, C#","Spring, ASP.NET",5000+,158206
4,USA,Masters,"C#, Java","ASP.NET, Django",51-200,110004
34,India,Masters,"Swift, Python","Laravel, Vue",51-200,147356
20,Singapore,Bachelors,"JavaScript, JavaScript","Spring, Vue",201-1000,101521
0,USA,Bachelors,"Rust, C++","Express, Django",5000+,98873
27,USA,Bachelors,"Swift, C++","Flask, Django",Nov-50,186065
24,Canada,Bachelors,"Swift, Java","Django, Django",1001-5000,128215
9,USA,Bachelors,"Java, C#","Vue, Vue",201-1000,129902
12,UK,Bachelors,"Go, Rust","ASP.NET, Laravel",201-1000,89329
12,Germany,Bachelors,"Ruby, Swift","Vue, Spring",51-200,114244
36,France,Bachelors,"JavaScript, JavaScript","Express, Vue",5000+,165757
8,Japan,Bachelors,"Ruby, Go","Laravel, Express",1001-5000,61724
3,India,Bachelors,"Swift, C++","Angular, Express",Nov-50,22323
24,Germany,Bachelors,"Java, C#","Laravel, Spring",51-200,109362
20,USA,Bachelors,"Swift, Go","Express, ASP.NET",1001-5000,145150
5,USA,Masters,"Rust, Ruby","React, Angular",51-200,128490
22,USA,Bachelors,"C#, JavaScript","Angular, Spring",51-200,147344
8,USA,Bachelors,"Go, Ruby","Express, Vue",Nov-50,92929
31,USA,High School,"Python, Swift","React, Flask",5000+,235986
16,USA,Bachelors,"Java, JavaScript","Ruby on Rails, Flask",10-Jan,163510
4,India,Bachelors,"Java, Python","Flask, Django",51-200,28585
9,USA,Bachelors,"Rust, JavaScript","Angular, Laravel",Nov-50,122927
21,USA,Bachelors,"C#, Python","ASP.NET, Angular",201-1000,136425
7,Canada,Masters,"Rust, JavaScript","Django, Vue",Nov-50,77385
9,USA,Bachelors,"Python, Go","React, Spring",Nov-50,94747
3,USA,Bachelors,"JavaScript, Swift","ASP.NET, Express",51-200,99901
11,UK,Bachelors,"Rust, JavaScript","ASP.NET, React",1001-5000,91545
3,USA,PhD,"Java, C#","Django, Express",5000+,117864
37,Canada,Bachelors,"Ruby, Go","ASP.NET, Flask",201-1000,144778
30,USA,Masters,"C++, Rust","ASP.NET, Ruby on Rails",51-200,204011
6,USA,Bachelors,"C#, PHP","Vue, Angular",10-Jan,103382
21,USA,Bachelors,"Rust, C#","Vue, Angular",201-1000,139095
20,Australia,High School,"Rust, Swift","Django, Django",10-Jan,108667
31,Canada,PhD,"Python, C++","Laravel, Angular",201-1000,139919
35,India,Masters,"Ruby, Go","Express, Ruby on Rails",5000+,134153
23,Singapore,Bachelors,"Ruby, PHP","Django, Django",1001-5000,122522
13,USA,Bachelors,"Python, Swift","Spring, Express",51-200,138217
15,Germany,Masters,"JavaScript, Python","React, Spring",201-1000,135617
2,UK,Bachelors,"Rust, PHP","ASP.NET, React",201-1000,58892
34,Canada,Bachelors,"JavaScript, Go","Angular, Flask",1001-5000,133843
39,Canada,Bachelors,"Java, C++","Laravel, Django",201-1000,142976
26,Canada,Bachelors,"Swift, Go","Ruby on Rails, ASP.NET",Nov-50,152744
9,UK,Some College,"Swift, Ruby","Laravel, Ruby on Rails",201-1000,74993
9,Canada,Bachelors,"C#, Go","Django, Express",Nov-50,73335
39,India,Masters,"Ruby, Ruby","Spring, Express",Nov-50,135837
35,France,Bachelors,"Swift, Ruby","Express, Angular",1001-5000,178706
19,USA,Masters,"Rust, C#","ASP.NET, Flask",Nov-50,148835
33,USA,Masters,"C++, Python","Express, Django",5000+,173804
15,Germany,Masters,"JavaScript, Swift","Vue, Express",51-200,121415
26,France,Masters,"Swift, JavaScript","Ruby on Rails, Flask",10-Jan,142812
7,USA,Masters,"Rust, JavaScript","Ruby on Rails, Spring",5000+,138187
22,USA,Bachelors,"Java, Ruby","Django, Django",201-1000,185574
36,India,Bachelors,"Rust, Rust","Express, Vue",5000+,147373
36,France,Bachelors,"Ruby, Go","Vue, Django",10-Jan,178836
21,Australia,Bachelors,"Java, Java","Spring, Django",10-Jan,123517
26,USA,Bachelors,"Python, Rust","ASP.NET, Vue",201-1000,136214
27,Singapore,Bachelors,"PHP, Swift","Angular, Flask",51-200,121464
13,Canada,Bachelors,"Rust, Go","Laravel, Laravel",5000+,120802
12,Germany,Masters,"PHP, PHP","Flask, Express",5000+,142476
23,UK,Masters,"Swift, C#","Flask, Express",51-200,157305
17,USA,Bachelors,"PHP, Java","Flask, Flask",51-200,123597
34,USA,Bachelors,"Go, Java","Django, Express",10-Jan,209451
27,Australia,Bachelors,"Go, Swift","Express, Ruby on Rails",1001-5000,134483
4,USA,Bachelors,"Rust, Ruby","Ruby on Rails, Django",1001-5000,83246
36,USA,PhD,"Python, JavaScript","Angular, Laravel",Nov-50,226118
19,USA,Masters,"Go, C#","Express, Flask",1001-5000,140622
31,USA,Masters,"Java, Python","ASP.NET, Spring",10-Jan,205203
7,France,Bachelors,"JavaScript, Java","Laravel, Ruby on Rails",201-1000,63775
6,USA,Bachelors,"JavaScript, Python","Vue, Ruby on Rails",Nov-50,111680
21,UK,Bachelors,"Java, Java","React, Laravel",51-200,103951
29,USA,Bachelors,"C#, PHP","ASP.NET, Laravel",Nov-50,171073
11,UK,Masters,"PHP, Rust","Laravel, Laravel",5000+,131191
21,France,Masters,"JavaScript, Swift","React, Spring",1001-5000,112030
26,Australia,Masters,"Ruby, Swift","Angular, Spring",51-200,129965
38,USA,Bachelors,"JavaScript, JavaScript","Express, Flask",5000+,211120
31,USA,Masters,"Swift, PHP","Angular, Angular",1001-5000,170301
35,Canada,Masters,"PHP, PHP","Spring, Vue",201-1000,188189
0,USA,Masters,"Rust, Java","ASP.NET, Express",Nov-50,116963
18,Germany,Bachelors,"C#, Rust","Angular, Vue",Nov-50,98564
16,UK,Bachelors,"JavaScript, Java","ASP.NET, Express",10-Jan,101354
39,Germany,Masters,"Java, Java","Laravel, Laravel",5000+,240298
16,USA,Masters,"Go, Swift","ASP.NET, Laravel",10-Jan,164888
31,Germany,Masters,"C#, Ruby","Spring, Ruby on Rails",5000+,188712
14,USA,Bachelors,"Go, PHP","Spring, ASP.NET",201-1000,108491
27,Japan,Bachelors,"Swift, JavaScript","Laravel, Laravel",10-Jan,141811
7,USA,Masters,"PHP, Rust","Angular, React",10-Jan,137524
27,USA,Masters,"JavaScript, C#","Angular, Angular",51-200,153184
0,USA,Masters,"Java, C#","Django, ASP.NET",1001-5000,114303
31,USA,Masters,"C#, PHP","Django, Laravel",201-1000,166856
11,Canada,Bachelors,"Go, Rust","Spring, Vue",51-200,86333
9,USA,High School,"Rust, Rust","Spring, Angular",201-1000,109269
2,USA,Some College,"Java, Ruby","React, Laravel",1001-5000,110441
16,UK,Masters,"Rust, Go","React, Django",Nov-50,137534
25,Japan,Bachelors,"Java, Ruby","ASP.NET, React",201-1000,137818
35,Singapore,Bachelors,"C++, Rust","Spring, ASP.NET",201-1000,164297
28,UK,Bachelors,"Java, Rust","ASP.NET, Django",5000+,158856
30,USA,High School,"C#, Rust","ASP.NET, ASP.NET",10-Jan,209214
17,Germany,Bachelors,"PHP, Ruby","Angular, Spring",Nov-50,97017
40,Canada,Bachelors,"Java, C#","Spring, ASP.NET",1001-5000,214875
26,UK,PhD,"Java, Rust","Angular, Ruby on Rails",51-200,183601
12,Germany,Bachelors,"Rust, Go","Spring, Spring",51-200,89678
13,Canada,Bachelors,"PHP, Swift","Django, Express",51-200,80633
10,USA,PhD,"PHP, JavaScript","Flask, Express",51-200,127348
11,Canada,Bachelors,"JavaScript, Ruby","Express, Spring",5000+,96286
35,Germany,Bachelors,"Swift, PHP","Flask, Laravel",201-1000,134401
7,Japan,Some College,"Go, JavaScript","Spring, ASP.NET",51-200,83960
0,Japan,Some College,"Java, PHP","Spring, Angular",51-200,40347
5,Singapore,Masters,"Swift, JavaScript","React, Django",5000+,76546
11,USA,Bachelors,"Java, Rust","Vue, Flask",10-Jan,102649
34,Canada,Masters,"C++, C#","ASP.NET, Laravel",201-1000,143698
35,UK,Bachelors,"PHP, Swift","Vue, Express",Nov-50,138292
22,USA,Bachelors,"Go, Java","React, Spring",5000+,193079
28,Canada,Some College,"Rust, Swift","React, Ruby on Rails",51-200,144966
39,UK,Bachelors,"C++, C#","ASP.NET, Django",5000+,206262
15,USA,High School,"Ruby, C++","Laravel, Spring",5000+,129043
8,Canada,Bachelors,"Ruby, C#","Express, Laravel",Nov-50,100184
10,USA,Some College,"C++, Python","ASP.NET, Angular",5000+,116922
21,USA,Bachelors,"Swift, Swift","Spring, ASP.NET",1001-5000,178127
15,India,High School,"Go, C#","Flask, React",1001-5000,55293
25,USA,Masters,"Go, JavaScript","Ruby on Rails, Laravel",201-1000,143291
13,Germany,Bachelors,"Go, PHP","Django, Express",5000+,98507
23,UK,Masters,"JavaScript, C#","Ruby on Rails, React",Nov-50,139968
38,UK,Masters,"Python, Go","Laravel, Vue",5000+,233168
34,USA,Masters,"Rust, Ruby","Flask, Spring",51-200,228268
30,USA,Bachelors,"C++, Rust","ASP.NET, Flask",5000+,204022
20,UK,Masters,"Swift, JavaScript","Spring, Laravel",1001-5000,131775
3,Japan,Masters,"JavaScript, Go","Laravel, React",10-Jan,72664
24,UK,Some College,"C#, Swift","Spring, Ruby on Rails",5000+,133662
2,UK,Bachelors,"C++, C#","Laravel, Angular",10-Jan,62519
31,Canada,Bachelors,"JavaScript, C#","Django, Django",5000+,157283
11,France,Masters,"Go, Ruby","Laravel, React",5000+,117554
36,India,Masters,"C++, JavaScript","Flask, Flask",5000+,162119
32,UK,Masters,"Python, Java","Spring, Angular",201-1000,159230
24,USA,Bachelors,"C#, Rust","Express, Django",5000+,142444
7,USA,Bachelors,"Rust, C#","Django, Angular",5000+,109408
34,Germany,Masters,"Ruby, JavaScript","ASP.NET, Spring",5000+,195417
11,Germany,High School,"Rust, Python","Django, ASP.NET",10-Jan,83435
2,India,Some College,"Go, Go","Angular, React",10-Jan,18940
10,Germany,Bachelors,"Go, PHP","Angular, Ruby on Rails",Nov-50,95574
28,Canada,Masters,"Swift, PHP","Express, Spring",51-200,148044
33,Germany,Bachelors,"Python, JavaScript","Flask, Express",5000+,188154
37,UK,Bachelors,"C++, Java","Ruby on Rails, Ruby on Rails",10-Jan,185792
23,Japan,Masters,"JavaScript, Java","Spring, Angular",51-200,113390
26,Germany,Bachelors,"Python, Swift","Spring, Spring",10-Jan,149678
9,USA,Bachelors,"Ruby, PHP","Vue, Spring",5000+,119524
20,UK,Masters,"Python, Swift","Vue, ASP.NET",1001-5000,136261
1,Germany,PhD,"Go, Rust","Flask, ASP.NET",1001-5000,83538
23,USA,Bachelors,"JavaScript, C#","React, React",51-200,156259
17,UK,Bachelors,"JavaScript, Python","Flask, Spring",5000+,145827
17,Japan,Some College,"Python, Swift","ASP.NET, Vue",201-1000,102690
10,France,Masters,"JavaScript, JavaScript","React, React",Nov-50,95531
24,Germany,Masters,"Rust, Rust","Angular, Express",10-Jan,156216
32,Australia,Bachelors,"Python, Java","React, Ruby on Rails",Nov-50,162040
4,France,Bachelors,"Swift, Go","Flask, Angular",1001-5000,66281
5,Germany,Some College,"JavaScript, C++","Flask, Django",5000+,98137
27,Canada,Some College,"PHP, Go","ASP.NET, ASP.NET",1001-5000,155437
32,Australia,Bachelors,"Swift, Rust","Ruby on Rails, Vue",51-200,126639
4,USA,Masters,"Rust, C++","Django, Angular",10-Jan,132119
39,USA,Masters,"JavaScript, Rust","React, Spring",10-Jan,202449
26,USA,Bachelors,"Go, C#","React, Django",51-200,186715
21,Canada,Masters,"Ruby, C#","Vue, Ruby on Rails",1001-5000,125304
27,USA,Bachelors,"PHP, Rust","React, React",10-Jan,148294
36,UK,Bachelors,"Rust, Rust","Express, Express",10-Jan,185978
14,Canada,Bachelors,"C++, JavaScript","Vue, Angular",10-Jan,106661
3,USA,Bachelors,"PHP, C#","Ruby on Rails, Vue",51-200,97354
24,UK,Bachelors,"PHP, Go","Spring, Spring",1001-5000,130069
3,USA,PhD,"Java, Ruby","Django, Ruby on Rails",1001-5000,117592
25,UK,Bachelors,"Swift, PHP","ASP.NET, Ruby on Rails",201-1000,125175
6,Australia,Bachelors,"Rust, C++","Django, Vue",Nov-50,79648
25,France,Bachelors,"Go, PHP","Spring, React",Nov-50,140916
8,Singapore,Masters,"Ruby, Python","Vue, Spring",10-Jan,77559
6,France,Some College,"JavaScript, Python","Ruby on Rails, ASP.NET",5000+,82412
35,USA,PhD,"JavaScript, Java","ASP.NET, Angular",5000+,235183
27,Australia,Some College,"C++, Python","Laravel, Angular",201-1000,126669
39,France,Bachelors,"C++, Swift","Flask, Vue",5000+,173114
11,India,Bachelors,"Rust, Rust","Spring, Spring",5000+,64695
4,USA,Masters,"Go, PHP","Vue, Laravel",201-1000,111546
39,Germany,PhD,"PHP, Swift","Vue, Express",201-1000,167799
36,Japan,Masters,"Ruby, JavaScript","Angular, Vue",1001-5000,144228
31,USA,Masters,"JavaScript, PHP","React, React",1001-5000,196737
16,Brazil,High School,"PHP, Python","Flask, React",201-1000,114764
22,UK,Bachelors,"PHP, Java","Angular, Flask",51-200,118694
15,USA,Bachelors,"C++, Rust","Ruby on Rails, ASP.NET",Nov-50,130814
7,Australia,Bachelors,"Java, JavaScript","Vue, Django",1001-5000,67376
32,Japan,Bachelors,"JavaScript, C#","Laravel, Flask",51-200,153172
14,Australia,Bachelors,"Swift, C++","Laravel, Vue",1001-5000,89042
3,USA,High School,"Go, C++","Django, Express",51-200,85570
1,France,Bachelors,"C#, Python","Django, Angular",1001-5000,61092
23,France,Bachelors,"PHP, Ruby","Express, Vue",Nov-50,104414
26,Canada,High School,"JavaScript, Rust","Laravel, Laravel",Nov-50,112807
2,UK,Some College,"Go, Go","Django, Laravel",201-1000,60365
7,USA,Masters,"Java, Ruby","Vue, Angular",Nov-50,127546
2,India,Bachelors,"JavaScript, Swift","Angular, Angular",51-200,17130
36,France,High School,"Ruby, JavaScript","React, Ruby on Rails",1001-5000,168758
40,USA,Bachelors,"C#, Swift","Express, ASP.NET",Nov-50,207472
14,Germany,Masters,"Ruby, Python","React, Laravel",10-Jan,132034
22,USA,Some College,"C++, Python","Express, Ruby on Rails",5000+,203171
18,USA,Masters,"Python, Rust","Vue, Spring",Nov-50,183189
12,Germany,Masters,"Python, Go","Vue, Ruby on Rails",51-200,107271
8,Canada,Bachelors,"Python, Rust","React, React",201-1000,76989
16,France,Masters,"Rust, Swift","Laravel, Vue",51-200,117878
16,India,Bachelors,"C#, Swift","Flask, Spring",1001-5000,67185
20,France,Some College,"C#, Rust","Django, Laravel",1001-5000,92251
14,USA,Masters,"C++, PHP","Vue, Vue",1001-5000,121612
36,Brazil,Masters,"JavaScript, C#","React, Express",5000+,214530
28,USA,PhD,"Ruby, PHP","ASP.NET, Ruby on Rails",1001-5000,178930
36,UK,Some College,"JavaScript, Rust","Angular, Flask",51-200,198054
14,Canada,Some College,"PHP, Swift","React, Spring",Nov-50,112391
7,USA,Masters,"PHP, Swift","Ruby on Rails, Django",1001-5000,112108
10,UK,Bachelors,"Swift, C++","Angular, Express",1001-5000,76449
12,USA,Bachelors,"Go, Python","Flask, Flask",201-1000,102320
35,Singapore,Masters,"C++, Ruby","Ruby on Rails, Flask",201-1000,151084
36,USA,Bachelors,"Rust, Swift","Laravel, Angular",1001-5000,230956
39,UK,Masters,"Python, JavaScript","Angular, Laravel",1001-5000,177956
38,France,Masters,"C++, JavaScript","React, Flask",51-200,198712
8,India,Masters,"Swift, C#","Ruby on Rails, Laravel",201-1000,43977
17,France,High School,"Python, JavaScript","Flask, Laravel",201-1000,92740
8,Canada,High School,"Python, Swift","Spring, Flask",Nov-50,68705
8,Germany,PhD,"Python, Python","Laravel, Laravel",1001-5000,85630
6,Germany,Masters,"Rust, Ruby","Ruby on Rails, Spring",10-Jan,102316
40,France,Some College,"C++, JavaScript","Express, Ruby on Rails",5000+,216298
24,Canada,Masters,"PHP, C++","ASP.NET, Ruby on Rails",10-Jan,134649
25,USA,Some College,"Python, C++","Express, Django",5000+,159473
35,USA,Masters,"C#, Rust","Ruby on Rails, Angular",5000+,196267
21,India,Bachelors,"Swift, C#","ASP.NET, Angular",1001-5000,71614
7,France,Masters,"Java, Python","Express, Laravel",51-200,78314
7,Canada,Bachelors,"C#, Ruby","React, Django",51-200,85162
24,India,Bachelors,"C#, Python","Flask, Vue",201-1000,100613
23,UK,High School,"PHP, Python","Angular, Laravel",1001-5000,140750
40,USA,Bachelors,"Ruby, Ruby","Ruby on Rails, ASP.NET",1001-5000,208536
39,UK,Masters,"Ruby, Go","Laravel, Django",Nov-50,189065
28,USA,Bachelors,"Java, JavaScript","Ruby on Rails, Angular",201-1000,152156
0,Japan,Bachelors,"Rust, Python","Angular, Ruby on Rails",1001-5000,42456
16,Canada,Masters,"PHP, Ruby","Flask, Laravel",10-Jan,133432
15,USA,Some College,"Rust, Java","ASP.NET, Laravel",201-1000,146077
22,Australia,Some College,"Java, JavaScript","Flask, Flask",5000+,122644
38,India,PhD,"Rust, PHP","Laravel, Spring",5000+,146067
11,UK,Bachelors,"Java, Ruby","Laravel, Spring",10-Jan,89940
24,USA,Bachelors,"Java, Go","Express, Laravel",51-200,138532
19,Germany,Bachelors,"Python, Ruby","Spring, Django",201-1000,103897
3,Canada,Bachelors,"C++, PHP","Spring, Ruby on Rails",201-1000,63786
23,Germany,Bachelors,"C++, Rust","React, Laravel",10-Jan,124269
30,USA,Bachelors,"Ruby, JavaScript","Flask, Express",10-Jan,202519
35,USA,Masters,"Swift, JavaScript","Vue, Angular",1001-5000,196855
31,Japan,Masters,"Swift, Python","Vue, Flask",201-1000,163921
28,UK,Some College,"Java, JavaScript","Laravel, React",1001-5000,147507
38,USA,High School,"Java, Rust","Spring, Angular",10-Jan,193507
11,USA,Bachelors,"Go, PHP","Flask, ASP.NET",1001-5000,133029
1,UK,Bachelors,"C#, Swift","Vue, Flask",51-200,69678
28,USA,Bachelors,"Java, JavaScript","ASP.NET, Flask",5000+,194961
31,Canada,PhD,"JavaScript, Rust","Vue, Flask",201-1000,153573
2,Canada,Masters,"C++, Ruby","Spring, Laravel",5000+,74764
38,USA,Masters,"C++, Ruby","React, Vue",10-Jan,215593
27,Canada,Bachelors,"JavaScript, Rust","Vue, React",201-1000,113260
27,Brazil,Masters,"Java, JavaScript","Flask, ASP.NET",201-1000,154182
7,USA,Masters,"Ruby, Go","ASP.NET, Spring",201-1000,129660
20,USA,Bachelors,"Go, Python","Django, React",51-200,155707
30,Germany,Masters,"C#, Swift","Vue, Flask",5000+,207056
21,Japan,Masters,"Swift, Python","Vue, Flask",Nov-50,130033
36,Canada,Bachelors,"Ruby, Ruby","Spring, ASP.NET",5000+,159114
1,Canada,Bachelors,"C++, PHP","Django, Vue",Nov-50,64999
10,Australia,Bachelors,"Swift, Ruby","Laravel, Laravel",51-200,95517
1,USA,Bachelors,"Go, Swift","ASP.NET, Ruby on Rails",1001-5000,95163
33,UK,Bachelors,"C++, Rust","Flask, Express",201-1000,149915
31,USA,Some College,"C++, Java","Flask, Ruby on Rails",51-200,160558
0,Germany,High School,"C++, PHP","Vue, Express",10-Jan,57246
17,USA,PhD,"C++, C++","Ruby on Rails, Angular",201-1000,129230
21,UK,Some College,"Java, PHP","Spring, Django",10-Jan,114940
0,USA,Masters,"JavaScript, C#","Spring, ASP.NET",5000+,133925
23,USA,Bachelors,"Swift, JavaScript","React, Laravel",201-1000,132968
6,USA,Bachelors,"C#, Rust","Vue, Flask",1001-5000,115869
11,UK,Bachelors,"JavaScript, Python","Django, Vue",51-200,103448
6,USA,Masters,"Go, PHP","ASP.NET, ASP.NET",51-200,111923
32,Canada,Bachelors,"Go, C++","Vue, Laravel",1001-5000,169555
4,Brazil,Bachelors,"Ruby, Swift","ASP.NET, Laravel",5000+,69628
26,UK,Some College,"Java, Rust","React, Laravel",51-200,127962
30,France,Bachelors,"Java, Swift","Django, Spring",10-Jan,121386
28,USA,Masters,"Java, C++","Ruby on Rails, Angular",Nov-50,169720
7,India,Bachelors,"JavaScript, C#","Vue, Vue",10-Jan,31490
39,USA,Masters,"JavaScript, Python","Express, ASP.NET",201-1000,248516
9,USA,Bachelors,"Ruby, Go","Spring, Express",10-Jan,130266
29,USA,Masters,"Python, Ruby","ASP.NET, Flask",51-200,154409
33,UK,Bachelors,"JavaScript, Rust","Angular, Django",201-1000,153869
8,Australia,Masters,"PHP, Go","React, Vue",201-1000,67322
27,USA,Masters,"PHP, C#","Spring, Express",51-200,185164
1,Singapore,Masters,"Java, Swift","Ruby on Rails, Django",201-1000,72311
12,USA,PhD,"Ruby, Java","Angular, Laravel",10-Jan,118620
26,India,Masters,"Ruby, PHP","React, ASP.NET",201-1000,113554
34,Australia,Masters,"Rust, JavaScript","Vue, Flask",51-200,191551
38,Brazil,Bachelors,"Ruby, Python","Vue, Laravel",51-200,182554
16,Canada,PhD,"Python, Go","Ruby on Rails, Ruby on Rails",10-Jan,129972
9,France,Masters,"Swift, Python","Spring, Express",5000+,97974
8,USA,Masters,"Java, Python","Laravel, Ruby on Rails",201-1000,104961
8,USA,Masters,"Swift, Ruby","Django, React",201-1000,102052
40,USA,Masters,"Ruby, Python","Django, Flask",51-200,260424
7,France,Masters,"JavaScript, C++","Ruby on Rails, ASP.NET",10-Jan,80300
13,USA,High School,"C++, JavaScript","Ruby on Rails, Spring",1001-5000,131230
21,USA,Bachelors,"Ruby, C#","Spring, Flask",5000+,188903
26,USA,Bachelors,"JavaScript, Java","Vue, Vue",5000+,167950
4,Singapore,Masters,"Swift, Python","Django, Spring",5000+,90067
9,Brazil,Bachelors,"Swift, Java","Laravel, ASP.NET",201-1000,82314
26,USA,PhD,"Rust, C++","Vue, Django",51-200,221046
38,India,Masters,"Ruby, Python","ASP.NET, Express",1001-5000,165298
26,Germany,High School,"JavaScript, Go","Express, Flask",1001-5000,122905
33,Japan,Bachelors,"Ruby, Java","Angular, React",201-1000,126221
19,Canada,Bachelors,"C++, Rust","Spring, React",1001-5000,104505
1,USA,Bachelors,"Go, C++","React, React",5000+,88447
32,Germany,PhD,"JavaScript, C#","Spring, Flask",10-Jan,154963
15,UK,Bachelors,"PHP, C++","Ruby on Rails, React",201-1000,114236
8,USA,Masters,"C#, Python","Django, ASP.NET",51-200,120250
1,India,Bachelors,"Python, C#","Express, Ruby on Rails",1001-5000,17433
4,USA,Bachelors,"JavaScript, Swift","Spring, Flask",10-Jan,117909
36,Japan,Bachelors,"Python, Ruby","Ruby on Rails, Laravel",201-1000,135306
35,USA,High School,"Ruby, Java","Laravel, Angular",10-Jan,215816
1,USA,Bachelors,"JavaScript, Go","Laravel, Ruby on Rails",5000+,111908
10,Canada,Bachelors,"C#, Python","ASP.NET, ASP.NET",51-200,80367
29,UK,Bachelors,"Java, Ruby","Ruby on Rails, Angular",Nov-50,160978
18,Australia,Bachelors,"Swift, Go","React, Spring",Nov-50,83548
9,USA,Masters,"JavaScript, JavaScript","Ruby on Rails, Laravel",Nov-50,141143
35,USA,Bachelors,"C++, Ruby","Django, Angular",201-1000,228198
26,Germany,Bachelors,"C++, Ruby","ASP.NET, Spring",5000+,127085
22,USA,PhD,"C#, Java","React, ASP.NET",51-200,153980
21,USA,High School,"Go, JavaScript","Express, React",1001-5000,132859
8,USA,Some College,"Ruby, Rust","ASP.NET, Laravel",51-200,114464
15,USA,Masters,"C++, Ruby","Angular, ASP.NET",5000+,168502
11,Australia,Masters,"Go, Python","Vue, Vue",201-1000,94787
38,India,Some College,"PHP, Python","Angular, ASP.NET",1001-5000,122894
30,USA,Masters,"Java, Go","Django, Ruby on Rails",51-200,200636
5,Brazil,Some College,"Python, JavaScript","Spring, Ruby on Rails",5000+,91813
33,USA,Some College,"C++, C#","Laravel, Flask",1001-5000,186009
19,Brazil,Masters,"Ruby, Rust","Spring, Ruby on Rails",201-1000,138338
29,USA,Bachelors,"Rust, Swift","Ruby on Rails, Django",201-1000,210268
6,USA,Masters,"Rust, Go","Ruby on Rails, Ruby on Rails",5000+,142445
32,USA,Bachelors,"C#, C#","Flask, Vue",1001-5000,174241
38,USA,Some College,"Swift, C#","Express, Laravel",201-1000,224400
27,UK,Bachelors,"PHP, Ruby","Django, Express",10-Jan,115252
7,USA,Masters,"JavaScript, Swift","ASP.NET, Spring",10-Jan,125324
2,USA,Masters,"C++, JavaScript","Vue, Laravel",1001-5000,106476
27,India,Masters,"PHP, JavaScript","Vue, React",51-200,92752
36,Germany,Bachelors,"Go, Swift","ASP.NET, ASP.NET",1001-5000,193031
39,USA,Bachelors,"C#, Java","Spring, Vue",10-Jan,210773
9,Germany,Bachelors,"C#, Go","ASP.NET, Vue",10-Jan,81040
5,India,Masters,"JavaScript, Java","Laravel, Ruby on Rails",5000+,55963
30,UK,Bachelors,"JavaScript, PHP","Spring, Django",51-200,175148
3,Germany,Masters,"C#, PHP","Vue, Angular",1001-5000,67563
22,Australia,Masters,"Go, Ruby","Spring, ASP.NET",51-200,109828
13,UK,Bachelors,"C#, PHP","Django, Laravel",51-200,83624
9,USA,Masters,"Swift, Go","ASP.NET, Express",5000+,137010
22,USA,Bachelors,"Java, Go","Laravel, Laravel",1001-5000,150626
37,USA,Bachelors,"Python, C++","Laravel, React",Nov-50,225599
32,USA,Masters,"Python, Rust","Flask, ASP.NET",1001-5000,173527
16,USA,Some College,"JavaScript, Java","Spring, Angular",51-200,153290
19,Germany,Masters,"Swift, Python","Flask, Angular",201-1000,148582
19,Canada,PhD,"C#, Go","Laravel, Flask",51-200,156290
37,USA,Bachelors,"Swift, Ruby","Express, Flask",5000+,229775
0,UK,Bachelors,"Go, Python","Flask, Laravel",1001-5000,62286
13,Canada,Bachelors,"Rust, Python","Angular, Flask",5000+,134780
26,Germany,Bachelors,"JavaScript, Go","Express, Django",Nov-50,114819
39,India,Bachelors,"Go, Swift","Ruby on Rails, Spring",1001-5000,141984
15,USA,Masters,"Go, Python","Ruby on Rails, Vue",Nov-50,153197
0,Australia,Bachelors,"Rust, PHP","Ruby on Rails, Flask",5000+,74229
20,Australia,Bachelors,"Rust, PHP","ASP.NET, React",10-Jan,94845
18,UK,Bachelors,"Rust, C++","Flask, ASP.NET",1001-5000,96248
14,Germany,High School,"Ruby, Python","Laravel, Express",201-1000,107980
19,USA,High School,"Rust, Python","Express, Ruby on Rails",Nov-50,176062
33,Brazil,Masters,"C#, Swift","Vue, Django",1001-5000,133671
17,USA,Bachelors,"Rust, Swift","Spring, Django",201-1000,159121
2,India,PhD,"Swift, Go","Ruby on Rails, Vue",51-200,40308
25,USA,Bachelors,"Rust, PHP","Flask, Express",Nov-50,154242
6,Canada,Masters,"Python, Ruby","Laravel, Flask",1001-5000,84655
2,India,Masters,"JavaScript, PHP","Angular, ASP.NET",1001-5000,37090
21,USA,Masters,"C#, C#","Spring, Express",Nov-50,189510
3,Canada,Masters,"Java, JavaScript","Django, ASP.NET",Nov-50,74005
40,USA,Bachelors,"Swift, Python","Angular, React",201-1000,224362
25,Canada,Bachelors,"Rust, C++","Django, Spring",201-1000,158621
27,Singapore,High School,"Java, Ruby","ASP.NET, ASP.NET",10-Jan,114482
24,India,Masters,"Python, Swift","Django, Django",51-200,105548
10,UK,Masters,"Go, JavaScript","Ruby on Rails, Spring",201-1000,114758
35,USA,Bachelors,"C#, Rust","ASP.NET, Django",51-200,176532
33,USA,Bachelors,"Python, JavaScript","Django, Spring",51-200,211923
7,USA,PhD,"Python, C#","React, Vue",201-1000,151773
25,Canada,Bachelors,"Ruby, Python","Django, Laravel",5000+,143842
22,India,Bachelors,"Rust, Go","Vue, Express",10-Jan,77716
34,Japan,Masters,"Python, JavaScript","Spring, Django",201-1000,148388
0,Singapore,Masters,"Swift, Python","Laravel, Express",5000+,80609
24,Germany,Bachelors,"JavaScript, C#","Laravel, React",51-200,157856
8,USA,Bachelors,"Java, Java","React, Vue",1001-5000,102263
18,UK,Bachelors,"C++, Go","ASP.NET, Spring",201-1000,112708
7,UK,Bachelors,"Go, C++","Spring, Laravel",51-200,83457
30,India,Masters,"C#, JavaScript","Express, Angular",5000+,144770
20,France,Bachelors,"Go, C#","Ruby on Rails, Vue",1001-5000,115631
21,UK,Bachelors,"Java, PHP","Laravel, Angular",10-Jan,110892
14,Brazil,Bachelors,"C++, JavaScript","Laravel, Laravel",1001-5000,94394
7,USA,High School,"Go, Swift","Vue, React",5000+,131946
37,Germany,Bachelors,"Ruby, C++","Express, Laravel",1001-5000,196711
0,USA,Masters,"Java, Python","Laravel, Flask",201-1000,83652
25,Brazil,Masters,"Ruby, Java","Express, Spring",201-1000,129569
32,UK,Masters,"Go, Swift","ASP.NET, Laravel",Nov-50,191477
19,France,Some College,"Python, Python","Django, Ruby on Rails",1001-5000,85601
14,UK,Masters,"C#, PHP","Vue, Vue",5000+,105927
4,USA,Masters,"C++, Swift","Django, Laravel",51-200,99369
5,UK,Bachelors,"Java, Java","Django, Express",51-200,84652
14,India,Bachelors,"Ruby, Rust","Laravel, Ruby on Rails",1001-5000,57207
4,USA,Some College,"Java, Ruby","Laravel, Flask",1001-5000,117125
35,USA,Bachelors,"Go, Ruby","Spring, React",10-Jan,180824
1,India,Masters,"Swift, Swift","Laravel, Flask",1001-5000,23425
14,USA,Bachelors,"C#, PHP","ASP.NET, ASP.NET",10-Jan,152157
26,France,Bachelors,"Swift, PHP","Spring, Django",1001-5000,145465
27,USA,PhD,"Swift, Java","Vue, Flask",Nov-50,163632
17,India,Bachelors,"Rust, Go","Spring, Angular",1001-5000,73112
6,USA,Bachelors,"Python, C++","Flask, React",201-1000,98223
37,Germany,Masters,"PHP, Ruby","Vue, Ruby on Rails",1001-5000,156886
4,Brazil,Bachelors,"C#, Rust","Express, Angular",201-1000,65653
32,USA,Masters,"Java, Ruby","Laravel, React",201-1000,233492
21,USA,Masters,"C++, Rust","Laravel, Vue",51-200,192166
17,Canada,Masters,"C++, Go","Express, Django",51-200,138256
19,Japan,Bachelors,"Rust, PHP","Ruby on Rails, Spring",1001-5000,89098
17,India,Masters,"JavaScript, C#","Angular, ASP.NET",10-Jan,75210
35,Canada,High School,"Python, Swift","ASP.NET, React",1001-5000,194667
20,USA,Masters,"Java, Python","Angular, Ruby on Rails",5000+,192572
9,UK,Bachelors,"Go, Python","ASP.NET, Laravel",1001-5000,74023
25,USA,Masters,"Swift, Ruby","Laravel, Django",51-200,158922
22,Canada,Masters,"PHP, Rust","Django, Flask",1001-5000,148619
35,USA,Bachelors,"Ruby, C#","Ruby on Rails, Ruby on Rails",51-200,225013
17,UK,Bachelors,"C++, Swift","Spring, Ruby on Rails",Nov-50,113206
11,UK,Masters,"Python, Go","Laravel, ASP.NET",1001-5000,83692
24,USA,Bachelors,"Python, Java","React, Flask",Nov-50,132978
10,USA,Masters,"Python, Java","Flask, Vue",5000+,127850
1,USA,Masters,"Go, Ruby","Laravel, Ruby on Rails",5000+,115346
36,USA,Some College,"Python, Ruby","Ruby on Rails, Express",10-Jan,200771
15,USA,Some College,"Rust, Swift","Express, Ruby on Rails",10-Jan,116188
29,India,Bachelors,"Go, JavaScript","Django, Express",201-1000,92008
27,USA,Bachelors,"Swift, C#","Vue, Flask",51-200,164906
15,France,Bachelors,"Go, JavaScript","Flask, Laravel",5000+,125419
11,Australia,Masters,"C#, Go","Express, ASP.NET",51-200,109779
39,India,Bachelors,"Rust, Swift","Flask, Laravel",Nov-50,131622
2,USA,Bachelors,"PHP, JavaScript","React, Flask",5000+,90401
30,UK,Bachelors,"JavaScript, C++","Express, Express",Nov-50,130919
36,USA,High School,"Swift, C++","Django, Angular",1001-5000,177776
11,USA,PhD,"JavaScript, Java","Flask, Spring",51-200,142249
10,USA,Bachelors,"Swift, JavaScript","Vue, Ruby on Rails",Nov-50,121068
34,USA,Bachelors,"Python, JavaScript","Django, Express",10-Jan,187078
37,USA,Masters,"Ruby, Go","Angular, Laravel",Nov-50,246355
5,USA,Bachelors,"Rust, PHP","Express, React",10-Jan,88908
37,France,Some College,"JavaScript, Java","Express, Ruby on Rails",1001-5000,174867
17,Singapore,Masters,"JavaScript, PHP","Angular, Flask",10-Jan,114744
21,USA,High School,"C#, C#","ASP.NET, Angular",10-Jan,148904
17,USA,Bachelors,"C#, C++","Django, Laravel",Nov-50,117398
35,USA,Masters,"Go, Rust","Express, Spring",10-Jan,198165
31,Germany,Bachelors,"C++, Python","Express, Vue",Nov-50,183577
16,USA,Bachelors,"Java, C++","Ruby on Rails, Express",10-Jan,124228
19,USA,Bachelors,"Ruby, C++","ASP.NET, Django",51-200,170464
37,UK,PhD,"Rust, C++","ASP.NET, Angular",201-1000,152882
30,Singapore,Bachelors,"Ruby, JavaScript","React, Angular",10-Jan,127325
17,USA,High School,"JavaScript, C#","Angular, Flask",201-1000,148631
21,Australia,Bachelors,"Python, Python","ASP.NET, Vue",1001-5000,126297
1,Canada,Bachelors,"Rust, Java","Vue, Flask",5000+,78649
37,USA,Bachelors,"PHP, C#","Angular, Spring",201-1000,238023
23,Germany,Bachelors,"Go, Go","Flask, Django",10-Jan,129286
31,India,Masters,"C++, Rust","Ruby on Rails, Express",201-1000,118427
37,USA,Bachelors,"C#, Ruby","Ruby on Rails, Ruby on Rails",1001-5000,190777
38,Germany,Masters,"PHP, Go","React, Vue",Nov-50,151987
26,India,PhD,"Java, C++","Spring, React",Nov-50,128668
8,UK,Bachelors,"Swift, Ruby","Laravel, Vue",10-Jan,79574
35,India,Bachelors,"Python, PHP","React, Ruby on Rails",1001-5000,104615
4,USA,Bachelors,"Rust, PHP","Flask, Spring",Nov-50,112383
14,Japan,Bachelors,"Swift, Rust","ASP.NET, Vue",1001-5000,109563
10,UK,Some College,"Java, Ruby","Vue, Angular",201-1000,107304
23,Germany,Bachelors,"Go, Swift","Ruby on Rails, Ruby on Rails",201-1000,131170
40,UK,Bachelors,"Swift, Rust","Angular, Ruby on Rails",Nov-50,174372
20,Germany,High School,"Python, C#","Laravel, Vue",1001-5000,104105
4,India,Masters,"PHP, Java","Ruby on Rails, Django",1001-5000,30064
21,UK,Bachelors,"Java, C++","Spring, Django",5000+,143889
39,USA,Some College,"PHP, Swift","Spring, Flask",10-Jan,240913
38,USA,Bachelors,"Ruby, Rust","Express, Laravel",10-Jan,180154
6,Canada,Bachelors,"Python, Rust","ASP.NET, ASP.NET",10-Jan,69191
23,USA,Masters,"Python, JavaScript","Spring, Ruby on Rails",201-1000,165810
8,France,Bachelors,"PHP, Java","Vue, Vue",10-Jan,88733
39,Canada,Bachelors,"Ruby, Go","Spring, React",201-1000,148658
40,UK,Some College,"Swift, JavaScript","Ruby on Rails, Vue",Nov-50,158616
34,USA,Bachelors,"Swift, Swift","Vue, Flask",5000+,178734
1,Australia,Bachelors,"Java, C#","React, Flask",Nov-50,52567
33,USA,Some College,"Rust, Python","Angular, ASP.NET",1001-5000,166176
33,India,Bachelors,"Rust, PHP","Flask, Vue",1001-5000,125068
5,UK,PhD,"Rust, Ruby","Laravel, Spring",51-200,98226
8,Germany,Masters,"Swift, Python","Django, Spring",201-1000,100444
38,Germany,Bachelors,"Python, Python","Ruby on Rails, Laravel",201-1000,188759
18,France,Bachelors,"C#, Python","Vue, Laravel",5000+,104939
6,Germany,Masters,"C++, Go","Ruby on Rails, Flask",51-200,81056
23,USA,Bachelors,"C#, Python","Ruby on Rails, Django",1001-5000,178444
4,Canada,Bachelors,"Python, Ruby","Angular, Express",10-Jan,82160
12,USA,Some College,"C#, Rust","Laravel, Laravel",5000+,134589
39,Japan,Masters,"PHP, Go","React, Flask",10-Jan,182275
24,France,Bachelors,"C++, Rust","Express, Flask",51-200,106733
10,India,Bachelors,"Go, Java","Ruby on Rails, Angular",51-200,36963
16,USA,Masters,"Swift, C#","Vue, Laravel",Nov-50,165587
36,USA,Masters,"C++, JavaScript","Spring, Laravel",10-Jan,225448
39,UK,High School,"Go, C++","Laravel, Spring",1001-5000,154829
24,Australia,Masters,"Java, Ruby","Ruby on Rails, Spring",201-1000,115047
6,USA,Some College,"Ruby, PHP","ASP.NET, Django",10-Jan,112525
23,USA,Bachelors,"C#, Rust","Django, Spring",201-1000,173637
33,USA,Some College,"Java, Go","Vue, Angular",Nov-50,156004
7,India,Bachelors,"Swift, C#","Express, Ruby on Rails",1001-5000,39296
21,UK,Bachelors,"PHP, Python","Angular, Spring",201-1000,129450
38,USA,Some College,"C#, C#","Angular, Laravel",Nov-50,203107
22,Singapore,Bachelors,"C++, PHP","Flask, Express",51-200,133368
7,USA,Some College,"Go, Ruby","Express, Express",201-1000,103194
40,USA,Bachelors,"C#, Rust","ASP.NET, Ruby on Rails",10-Jan,203213
15,USA,Bachelors,"Go, C#","Ruby on Rails, Vue",Nov-50,139668
23,Canada,Masters,"Java, Swift","ASP.NET, Django",201-1000,149475
35,Japan,Bachelors,"Python, JavaScript","Django, ASP.NET",Nov-50,131235
23,India,Masters,"Swift, C++","React, Django",1001-5000,109441
10,UK,Bachelors,"Python, Python","Flask, Django",10-Jan,107948
28,USA,Bachelors,"Python, Go","Angular, Spring",201-1000,183722
11,USA,Masters,"Swift, C#","ASP.NET, Angular",10-Jan,140050
8,Canada,Masters,"C++, C++","Ruby on Rails, React",51-200,77778
14,USA,Masters,"Ruby, Ruby","Flask, Flask",10-Jan,155050
11,Japan,Masters,"Swift, Ruby","Vue, Ruby on Rails",201-1000,78720
18,USA,Bachelors,"Java, PHP","Django, Angular",51-200,117038
38,UK,Bachelors,"Rust, Python","Django, React",Nov-50,187717
11,USA,Bachelors,"Python, Go","ASP.NET, ASP.NET",51-200,100995
14,India,High School,"C#, Java","Ruby on Rails, Angular",5000+,69271
0,France,Bachelors,"JavaScript, JavaScript","Laravel, Laravel",201-1000,56821
31,USA,Masters,"JavaScript, Ruby","Laravel, Django",10-Jan,179255
27,Germany,PhD,"Go, Rust","ASP.NET, Angular",51-200,182281
38,France,Bachelors,"Python, Rust","Express, Ruby on Rails",10-Jan,152056
5,India,Bachelors,"C++, C#","Express, Vue",201-1000,31725
29,Canada,PhD,"Ruby, Python","Vue, React",51-200,180186
12,Canada,High School,"Rust, Ruby","Laravel, Laravel",Nov-50,95410
37,Australia,PhD,"Swift, Ruby","Flask, Angular",201-1000,214289
29,Australia,Some College,"Java, Python","ASP.NET, React",10-Jan,134657
34,USA,Bachelors,"C++, C++","Express, Vue",201-1000,185352
10,USA,Bachelors,"Swift, Python","Vue, Express",Nov-50,117024
34,USA,Masters,"Rust, C#","ASP.NET, Express",1001-5000,204416
1,USA,Some College,"Swift, Rust","Ruby on Rails, Spring",5000+,95624
36,France,Bachelors,"PHP, Ruby","Laravel, Django",1001-5000,171359
31,India,Masters,"Ruby, Go","Django, Express",10-Jan,121358
9,Germany,Masters,"C++, Java","Angular, React",51-200,79090
36,Canada,Masters,"PHP, Java","Express, Laravel",51-200,193026
5,USA,Bachelors,"C++, Go","Spring, Spring",5000+,134565
36,USA,PhD,"Swift, Swift","Express, Vue",5000+,260844
32,USA,Bachelors,"Java, Swift","Django, Spring",51-200,183602
4,USA,High School,"Python, Python","Django, Express",51-200,84045
31,India,Masters,"JavaScript, Go","ASP.NET, Express",201-1000,125431
40,USA,Some College,"C#, Go","ASP.NET, ASP.NET",Nov-50,179287
26,India,Masters,"Rust, Python","Spring, Flask",10-Jan,101983
11,USA,Bachelors,"C++, JavaScript","Ruby on Rails, Spring",Nov-50,103394
21,Australia,Masters,"Swift, Ruby","React, Vue",1001-5000,146458
0,India,Bachelors,"JavaScript, PHP","Spring, Spring",51-200,16839
7,Japan,Bachelors,"Go, JavaScript","Angular, Ruby on Rails",Nov-50,67406
26,Canada,Bachelors,"JavaScript, Ruby","Django, Spring",10-Jan,111357
20,Japan,Bachelors,"C#, Python","Express, Vue",5000+,147538
5,Germany,Bachelors,"C++, Swift","Spring, Flask",Nov-50,76704
39,USA,Some College,"Go, Swift","ASP.NET, Vue",1001-5000,223292
12,UK,Masters,"Python, C#","Django, Express",Nov-50,117475
13,Germany,High School,"Rust, Python","Flask, Vue",Nov-50,113135
8,USA,Bachelors,"C++, Go","Laravel, Vue",Nov-50,98824
6,India,Masters,"Ruby, Ruby","Express, Django",51-200,44448
5,USA,Masters,"Go, Python","Vue, Express",Nov-50,92245
16,India,Bachelors,"JavaScript, Go","Ruby on Rails, Vue",201-1000,71478
29,India,Some College,"PHP, Java","ASP.NET, ASP.NET",201-1000,88070
11,UK,Bachelors,"PHP, C#","Vue, Angular",1001-5000,82183
36,India,Some College,"Rust, Java","ASP.NET, Express",201-1000,118854
10,Canada,Bachelors,"PHP, JavaScript","ASP.NET, Angular",51-200,76109
28,Singapore,Some College,"PHP, Java","Django, Flask",1001-5000,130711
20,France,Some College,"C++, Go","Django, Django",51-200,127022
32,USA,Masters,"PHP, Go","Vue, ASP.NET",Nov-50,191184
5,USA,Masters,"Python, Swift","React, Express",201-1000,103536
8,India,Bachelors,"Java, Swift","React, Flask",201-1000,40858
19,UK,High School,"Go, Ruby","Flask, Express",201-1000,122280
10,Australia,PhD,"Swift, Python","Flask, Flask",Nov-50,97365
12,USA,Masters,"Rust, PHP","Express, React",5000+,162323
9,India,Bachelors,"Python, Python","Spring, Ruby on Rails",1001-5000,42063
5,USA,High School,"C++, PHP","Django, Vue",1001-5000,99311
2,India,Masters,"C++, C#","Flask, Ruby on Rails",201-1000,35439
3,USA,Masters,"Java, C++","Vue, React",10-Jan,93531
34,UK,Masters,"Swift, Ruby","Express, Angular",201-1000,183327
13,Singapore,Bachelors,"PHP, JavaScript","ASP.NET, Spring",51-200,92607
20,USA,Bachelors,"Python, C++","React, Angular",51-200,123304
25,France,Bachelors,"Python, Swift","Spring, Angular",Nov-50,131779
10,Japan,Bachelors,"Ruby, Swift","Angular, Spring",1001-5000,69987
16,USA,Masters,"Rust, JavaScript","Spring, Laravel",10-Jan,126479
29,USA,Bachelors,"Rust, Python","Spring, Ruby on Rails",1001-5000,164101
7,Australia,Bachelors,"Rust, Swift","ASP.NET, React",10-Jan,59454
11,Singapore,High School,"Java, Go","Django, ASP.NET",1001-5000,68658
26,Canada,Masters,"JavaScript, Swift","Vue, Angular",5000+,181783
12,USA,Bachelors,"Ruby, PHP","Laravel, Django",51-200,145089
31,Singapore,Bachelors,"Ruby, Python","Flask, Django",Nov-50,143899
21,USA,Masters,"Ruby, Python","Django, Flask",5000+,212878
10,USA,Masters,"Rust, Swift","Ruby on Rails, Django",5000+,160227
29,USA,Some College,"Go, Rust","React, Vue",5000+,199349
16,India,Bachelors,"Java, PHP","Angular, Express",1001-5000,62453
9,France,Bachelors,"Go, PHP","Vue, Flask",201-1000,70751
20,UK,Bachelors,"Python, Swift","Django, Ruby on Rails",5000+,159421
38,France,Bachelors,"C#, PHP","Ruby on Rails, React",Nov-50,181932
37,Japan,High School,"Swift, Swift","Express, ASP.NET",5000+,206147
34,Germany,Masters,"Java, Rust","Vue, Flask",5000+,172317
26,France,Some College,"PHP, C#","React, Ruby on Rails",5000+,126061
14,Canada,Some College,"C++, Swift","Angular, Laravel",10-Jan,98936
39,USA,Masters,"Ruby, Java","Laravel, Django",201-1000,186452
12,Germany,Masters,"Python, JavaScript","Spring, Express",1001-5000,113014
25,USA,Bachelors,"C++, PHP","Angular, Laravel",10-Jan,176037
6,USA,Bachelors,"PHP, PHP","ASP.NET, Flask",Nov-50,96220
30,UK,Masters,"Java, Python","Ruby on Rails, Vue",10-Jan,129705
39,USA,Bachelors,"C++, Python","Flask, React",10-Jan,191073
11,Canada,Bachelors,"Go, JavaScript","React, Spring",51-200,76207
19,Canada,Bachelors,"Swift, PHP","Vue, Ruby on Rails",10-Jan,122850
30,USA,Masters,"Java, Ruby","Express, Laravel",Nov-50,203743
26,USA,Masters,"Swift, PHP","Flask, Angular",51-200,165102
37,Germany,High School,"C++, C++","Spring, Vue",10-Jan,193280
18,Canada,Masters,"Ruby, C++","Flask, Django",201-1000,142612
4,USA,PhD,"Java, C#","Vue, Flask",201-1000,143514
18,USA,Bachelors,"Go, Rust","React, React",201-1000,117562
23,France,Masters,"C#, Python","Laravel, Express",51-200,133991
9,Germany,Some College,"Java, C++","Express, ASP.NET",5000+,117704
7,USA,Bachelors,"PHP, JavaScript","Vue, Spring",51-200,94178
8,France,Some College,"Rust, C#","Angular, Ruby on Rails",1001-5000,65946
9,Australia,Masters,"PHP, Ruby","Angular, Laravel",5000+,106309
21,USA,Bachelors,"PHP, Go","Ruby on Rails, ASP.NET",10-Jan,128607
19,USA,Bachelors,"PHP, C#","Angular, Flask",5000+,131130
18,USA,Masters,"JavaScript, Rust","Ruby on Rails, Laravel",10-Jan,153959
21,USA,Masters,"Ruby, Python","Laravel, Vue",1001-5000,181343
27,USA,Some College,"Rust, Java","React, Django",1001-5000,189256
26,USA,Some College,"C++, Python","React, Django",1001-5000,150577
36,India,Masters,"Ruby, Python","Flask, Flask",10-Jan,147785
39,USA,Some College,"Swift, Java","Vue, Angular",51-200,193551
20,USA,Some College,"Ruby, Swift","Vue, Vue",51-200,177420
39,USA,Bachelors,"Ruby, PHP","React, Flask",51-200,222203
38,Canada,Masters,"Ruby, Java","Spring, Spring",1001-5000,164036
18,Germany,Masters,"C++, C++","Flask, Flask",5000+,113036
30,USA,Bachelors,"JavaScript, C#","Spring, Angular",10-Jan,178240
36,Japan,PhD,"Go, Go","Spring, Ruby on Rails",51-200,155509
19,UK,Bachelors,"C#, Rust","Angular, Django",1001-5000,117286
5,Australia,Bachelors,"PHP, Ruby","Ruby on Rails, Flask",5000+,69922
35,UK,Masters,"Rust, C#","Spring, Spring",5000+,186661
7,USA,Some College,"PHP, C++","Flask, Laravel",201-1000,125103
30,USA,Masters,"Ruby, Python","Spring, React",51-200,179635
14,USA,High School,"C#, C++","React, Angular",5000+,172871
23,India,Bachelors,"Python, Go","Spring, Angular",5000+,97335
26,USA,Masters,"C++, PHP","Django, Express",10-Jan,203932
21,UK,Masters,"Ruby, Java","Django, React",5000+,122758
15,Canada,Bachelors,"Python, Python","Laravel, Vue",5000+,109104
15,USA,Masters,"Python, C#","React, Django",1001-5000,156678
7,India,Some College,"Ruby, PHP","Vue, Express",5000+,53319
23,USA,Masters,"Ruby, Swift","Angular, Laravel",51-200,173571
4,USA,Bachelors,"JavaScript, Rust","ASP.NET, ASP.NET",51-200,81831
15,USA,Some College,"C#, Python","Laravel, Laravel",201-1000,159267
0,Brazil,Masters,"C#, Rust","Ruby on Rails, ASP.NET",5000+,66926
29,UK,Bachelors,"PHP, JavaScript","Vue, Vue",201-1000,138565
21,Australia,Masters,"JavaScript, Rust","ASP.NET, Express",51-200,125356
22,India,Masters,"Ruby, Java","Flask, Vue",Nov-50,105260
1,USA,Bachelors,"C#, Go","Vue, Express",51-200,102349
6,USA,Masters,"Ruby, Java","Django, Express",5000+,153675
27,India,Masters,"Java, Ruby","Django, Laravel",1001-5000,98652
33,USA,Masters,"JavaScript, C#","Spring, React",1001-5000,216140
11,USA,Bachelors,"C++, Rust","Ruby on Rails, Express",1001-5000,137741
33,Canada,Masters,"Go, Rust","Angular, Express",1001-5000,172410
4,USA,Masters,"C#, Java","Vue, Angular",51-200,127956
7,India,Bachelors,"Python, JavaScript","Ruby on Rails, Laravel",5000+,46308
12,USA,Bachelors,"Swift, Go","Laravel, Laravel",201-1000,115146
22,USA,High School,"Go, PHP","Ruby on Rails, Angular",1001-5000,159511
24,USA,Bachelors,"JavaScript, Ruby","Vue, Spring",5000+,178668
17,India,Masters,"Ruby, Python","Laravel, Laravel",201-1000,79089
28,USA,Bachelors,"C++, Swift","Django, Ruby on Rails",10-Jan,141006
15,USA,Bachelors,"Python, Rust","Spring, Django",Nov-50,129972
10,Germany,Bachelors,"Java, Go","Vue, ASP.NET",Nov-50,92255
18,Japan,Bachelors,"Java, C#","Express, Laravel",1001-5000,117851
34,Canada,Bachelors,"Python, Rust","Spring, Express",1001-5000,134774
28,Canada,Bachelors,"PHP, C++","Spring, Vue",5000+,180165
26,USA,Bachelors,"C++, C++","Angular, ASP.NET",1001-5000,150460
40,USA,High School,"Swift, Java","Flask, Flask",5000+,266333
25,Australia,Bachelors,"C#, Java","Laravel, Laravel",51-200,135268
4,Germany,Bachelors,"Python, PHP","Laravel, Spring",1001-5000,68917
18,Australia,Bachelors,"JavaScript, PHP","Angular, ASP.NET",201-1000,91799
19,India,Bachelors,"Ruby, Java","Angular, Spring",201-1000,69419
12,USA,Bachelors,"C++, Rust","Ruby on Rails, Angular",Nov-50,107637
34,USA,Masters,"JavaScript, Rust","Vue, Angular",Nov-50,195073
7,Singapore,Masters,"Go, Rust","Laravel, ASP.NET",201-1000,97005
24,USA,Bachelors,"PHP, Ruby","Django, Spring",1001-5000,131455
30,France,Bachelors,"Go, C++","ASP.NET, ASP.NET",5000+,175397
27,USA,Masters,"JavaScript, Rust","ASP.NET, React",51-200,162739
16,UK,PhD,"Ruby, C#","Flask, Laravel",51-200,127421
14,India,Some College,"Python, PHP","Express, Django",5000+,80583
16,Germany,Bachelors,"Go, Ruby","React, React",10-Jan,115152
36,USA,Bachelors,"Swift, Python","ASP.NET, React",1001-5000,208568
23,USA,Some College,"PHP, Swift","Vue, Ruby on Rails",10-Jan,132540
36,USA,Masters,"JavaScript, Python","Django, Spring",51-200,235327
7,USA,Some College,"Python, PHP","Laravel, Vue",1001-5000,107049
15,USA,Bachelors,"JavaScript, Swift","Vue, Ruby on Rails",10-Jan,131434
34,India,Bachelors,"JavaScript, Python","React, Angular",51-200,135016
39,USA,Bachelors,"Ruby, PHP","Ruby on Rails, Django",51-200,238771
4,Canada,Masters,"Swift, Rust","Angular, Vue",Nov-50,66265
28,USA,Masters,"Python, Rust","Laravel, ASP.NET",5000+,197146
29,Canada,Masters,"C#, Swift","Django, ASP.NET",201-1000,150638
4,USA,High School,"Java, Go","Angular, Spring",Nov-50,116690
40,Australia,Masters,"Swift, Rust","Angular, Django",51-200,197437
18,Australia,Bachelors,"Go, Swift","ASP.NET, Angular",51-200,108310
23,UK,Some College,"Swift, C++","Spring, React",201-1000,143258
24,Germany,Bachelors,"Swift, Java","React, Django",201-1000,144802
27,India,Bachelors,"Ruby, Go","Vue, Vue",51-200,87786
35,USA,Masters,"C++, Java","React, Flask",5000+,229573
26,USA,Masters,"Go, Ruby","Vue, Laravel",201-1000,169214
9,France,Bachelors,"Rust, Python","Express, ASP.NET",1001-5000,62904
2,Singapore,Some College,"Python, Python","Laravel, Spring",10-Jan,64587
11,India,Some College,"C++, Java","Angular, Vue",51-200,54389
34,USA,Bachelors,"C#, C++","React, Vue",10-Jan,159491
14,USA,High School,"PHP, C++","Spring, Express",Nov-50,142870
3,USA,Masters,"C#, Swift","Django, ASP.NET",51-200,120271
34,Japan,Bachelors,"C++, Rust","Spring, ASP.NET",Nov-50,154595
30,Singapore,Bachelors,"Python, JavaScript","ASP.NET, Angular",5000+,171410
15,USA,Bachelors,"PHP, Go","Spring, Express",201-1000,159164
18,Japan,Masters,"Python, Ruby","Spring, ASP.NET",1001-5000,97755
21,USA,Bachelors,"Python, C#","Vue, Ruby on Rails",201-1000,169345
2,UK,Bachelors,"C#, Java","Ruby on Rails, Django",51-200,78758
26,UK,Bachelors,"JavaScript, Rust","Ruby on Rails, Laravel",10-Jan,117949
3,Brazil,Bachelors,"C++, JavaScript","Django, React",1001-5000,60825
28,Brazil,Bachelors,"Python, C#","Ruby on Rails, Laravel",201-1000,124321
8,India,Masters,"Go, Go","Laravel, Spring",5000+,61966
31,Australia,Masters,"Python, PHP","ASP.NET, Ruby on Rails",Nov-50,174324
9,India,Bachelors,"PHP, Ruby","Laravel, Spring",51-200,42088
8,France,Bachelors,"Rust, Rust","Laravel, ASP.NET",5000+,100919
27,USA,Bachelors,"Rust, JavaScript","Spring, Spring",201-1000,182556
3,USA,Bachelors,"Java, C#","Laravel, Angular",1001-5000,100899
37,USA,Bachelors,"Rust, Swift","Ruby on Rails, Ruby on Rails",201-1000,239387
16,UK,Bachelors,"PHP, Go","ASP.NET, Flask",51-200,89324
33,USA,Masters,"Swift, C#","Express, Angular",5000+,244200
30,USA,Masters,"C#, Rust","Laravel, Vue",10-Jan,217893
25,Brazil,Bachelors,"Swift, Rust","Django, Spring",201-1000,139244
15,Germany,Masters,"Java, C#","Express, Django",10-Jan,137890
37,USA,Masters,"Ruby, C#","React, Express",51-200,228355
0,UK,Masters,"Java, C#","Ruby on Rails, Angular",201-1000,70044
32,USA,Masters,"C++, Swift","Express, Spring",201-1000,180195
15,UK,Bachelors,"Python, Python","Django, Flask",10-Jan,112031
27,USA,Masters,"JavaScript, Java","Vue, ASP.NET",Nov-50,200295
26,UK,Bachelors,"Ruby, Rust","Express, Vue",10-Jan,158151
31,USA,Bachelors,"C++, Ruby","ASP.NET, Laravel",51-200,191788
14,Canada,PhD,"C#, Swift","React, Express",51-200,119436
3,USA,PhD,"JavaScript, C++","Spring, Angular",51-200,115263
35,USA,Bachelors,"Swift, Rust","Flask, Vue",51-200,186386
12,USA,High School,"PHP, Go","Laravel, Django",1001-5000,104964
40,India,Bachelors,"JavaScript, Swift","Flask, Spring",10-Jan,150680
38,Japan,High School,"Swift, Ruby","ASP.NET, Angular",10-Jan,157800
20,Japan,Bachelors,"Swift, Python","Flask, Flask",201-1000,128412
17,Australia,Masters,"Go, C#","Flask, Angular",1001-5000,119270
34,USA,Some College,"JavaScript, Swift","Ruby on Rails, Spring",5000+,181920
39,USA,Masters,"Go, C++","Spring, Flask",5000+,273362
37,USA,High School,"Java, JavaScript","Express, ASP.NET",201-1000,219101
3,Germany,PhD,"Go, C++","Express, Vue",201-1000,72920
4,USA,Masters,"Rust, Python","Spring, Ruby on Rails",10-Jan,92998
24,Canada,Bachelors,"Go, PHP","React, Ruby on Rails",51-200,116713
31,USA,Some College,"Swift, Python","Express, Spring",Nov-50,208378
31,USA,Bachelors,"Swift, C#","Django, Ruby on Rails",10-Jan,196276
14,Japan,Bachelors,"Java, C++","React, ASP.NET",Nov-50,100230
4,USA,Bachelors,"JavaScript, Swift","Laravel, Ruby on Rails",1001-5000,117726
12,USA,Masters,"JavaScript, PHP","Angular, Vue",10-Jan,113175
20,France,Bachelors,"Rust, PHP","Spring, Laravel",51-200,92045
39,USA,Bachelors,"JavaScript, Rust","Django, ASP.NET",201-1000,173590
22,Canada,Bachelors,"JavaScript, C#","ASP.NET, ASP.NET",201-1000,101127
37,India,PhD,"Python, Go","Ruby on Rails, Ruby on Rails",201-1000,147097
4,USA,Bachelors,"JavaScript, Swift","Laravel, Spring",1001-5000,117814
30,Germany,Masters,"Swift, Rust","Django, Express",Nov-50,191258
18,Canada,Bachelors,"Python, C#","Ruby on Rails, React",Nov-50,108791
7,USA,Masters,"Java, PHP","Django, Express",1001-5000,135830
34,USA,High School,"Swift, Swift","Laravel, Express",5000+,186422
38,USA,Masters,"C++, Ruby","Spring, Flask",1001-5000,198231
18,Germany,Bachelors,"Python, Go","Ruby on Rails, Laravel",Nov-50,123824
10,Germany,Masters,"Swift, JavaScript","Angular, Angular",5000+,100871
11,USA,Some College,"Go, C#","Laravel, Ruby on Rails",10-Jan,142821
31,Canada,PhD,"Swift, Rust","React, Django",Nov-50,206262
17,Germany,Masters,"Ruby, Java","ASP.NET, Ruby on Rails",5000+,134390
13,USA,Bachelors,"C++, Ruby","ASP.NET, Ruby on Rails",1001-5000,129646
7,USA,Masters,"PHP, Rust","ASP.NET, Laravel",10-Jan,125489
37,France,Masters,"JavaScript, Java","Ruby on Rails, React",201-1000,192059
12,Canada,Bachelors,"C#, Rust","ASP.NET, React",10-Jan,96312
8,USA,Bachelors,"JavaScript, Rust","Angular, Express",Nov-50,126362
2,Australia,PhD,"PHP, Go","Angular, Flask",51-200,89967
10,Canada,Bachelors,"Swift, Ruby","ASP.NET, Express",201-1000,96175
28,Canada,Masters,"Java, Rust","React, Flask",1001-5000,177052
34,France,Bachelors,"Swift, Go","ASP.NET, Express",201-1000,181502
16,USA,Bachelors,"Python, Ruby","Laravel, Django",51-200,160304
11,Germany,Masters,"Swift, C++","Laravel, ASP.NET",1001-5000,91409
34,Japan,Bachelors,"Ruby, Python","ASP.NET, Flask",201-1000,151196
34,Germany,Masters,"Python, C#","ASP.NET, Vue",Nov-50,154594
1,India,PhD,"Python, C++","Spring, Flask",1001-5000,44056
11,USA,Bachelors,"JavaScript, Go","Ruby on Rails, React",1001-5000,146428
24,USA,Masters,"JavaScript, Ruby","Laravel, ASP.NET",51-200,198596
23,Canada,Bachelors,"Java, Java","Spring, Express",Nov-50,135414
33,UK,Bachelors,"JavaScript, Python","Vue, Django",51-200,178816
20,UK,Bachelors,"Rust, Java","Django, Laravel",5000+,129565
0,USA,Bachelors,"JavaScript, Ruby","Vue, Angular",1001-5000,91716
17,France,Masters,"C++, PHP","Spring, Django",201-1000,97678
5,USA,Bachelors,"Go, C#","Angular, Laravel",Nov-50,92831
34,India,Masters,"Ruby, Rust","Laravel, Ruby on Rails",5000+,120214
40,Germany,Bachelors,"Java, Java","Ruby on Rails, React",10-Jan,155148
1,USA,Bachelors,"C++, PHP","Vue, Express",1001-5000,100719
18,USA,Bachelors,"Rust, Python","Vue, ASP.NET",Nov-50,124540
5,India,Bachelors,"Go, Go","Flask, Vue",201-1000,34023
23,Germany,Masters,"Rust, Go","Flask, Django",1001-5000,161389
39,Brazil,Masters,"C++, Rust","Flask, ASP.NET",51-200,151051
19,USA,Bachelors,"Ruby, Rust","Flask, Django",Nov-50,153310
15,Germany,Bachelors,"Python, Java","Vue, Vue",10-Jan,92053
1,Canada,Bachelors,"C++, Python","Flask, ASP.NET",Nov-50,63006
25,USA,Bachelors,"Go, C++","Django, Flask",10-Jan,157628
25,UK,Masters,"Go, C++","Flask, React",1001-5000,134977
39,USA,High School,"Go, C#","React, Vue",201-1000,229423
28,Japan,PhD,"PHP, PHP","Express, Spring",5000+,152185
38,Japan,Bachelors,"Java, JavaScript","Flask, Ruby on Rails",5000+,146447
19,USA,Bachelors,"Ruby, Ruby","Ruby on Rails, Angular",1001-5000,126214
1,USA,Bachelors,"C#, JavaScript","Django, Ruby on Rails",1001-5000,101175
23,USA,Some College,"Java, Python","Spring, ASP.NET",51-200,149658
31,UK,Masters,"Ruby, Ruby","React, Flask",1001-5000,158659
40,UK,Some College,"Rust, JavaScript","Vue, Spring",10-Jan,149446
21,Canada,Some College,"Ruby, C++","Spring, Vue",51-200,113874
5,UK,Masters,"JavaScript, PHP","Express, Express",Nov-50,89448
14,India,Masters,"Rust, JavaScript","Spring, Django",Nov-50,76187
24,Germany,Masters,"C#, Ruby","Angular, React",5000+,140012
1,India,Bachelors,"PHP, JavaScript","ASP.NET, React",10-Jan,15375
27,India,High School,"Python, Python","Angular, Spring",10-Jan,95725
19,Canada,Bachelors,"Go, C++","Vue, Django",10-Jan,94682
2,Germany,High School,"Java, Java","Vue, Spring",Nov-50,77071
2,USA,Bachelors,"C++, PHP","Ruby on Rails, Vue",51-200,79534
39,India,Masters,"Swift, Go","Angular, React",10-Jan,162872
13,India,Bachelors,"Swift, Rust","Ruby on Rails, Spring",10-Jan,62887
16,USA,Masters,"Rust, Python","Flask, Spring",1001-5000,126594
16,Brazil,Some College,"JavaScript, C#","Vue, React",201-1000,107432
4,USA,Bachelors,"Java, Go","React, Laravel",201-1000,111107
20,USA,Masters,"C++, Python","ASP.NET, Vue",201-1000,168458
34,USA,High School,"Python, Ruby","Spring, Ruby on Rails",5000+,213049
18,France,Bachelors,"Ruby, Go","React, Laravel",1001-5000,109402
26,USA,Masters,"JavaScript, C#","Flask, Spring",10-Jan,204156
27,UK,Bachelors,"C++, PHP","Angular, Laravel",201-1000,158365
32,France,Bachelors,"C#, PHP","Flask, Flask",10-Jan,172219
0,France,Bachelors,"Python, Ruby","Flask, ASP.NET",51-200,59597
40,USA,Masters,"C++, Python","Django, Django",10-Jan,249632
27,Japan,Masters,"Go, C++","Ruby on Rails, Spring",201-1000,138538
3,Canada,Bachelors,"Rust, Rust","Ruby on Rails, Spring",201-1000,64276
24,USA,Bachelors,"Ruby, Ruby","Flask, React",5000+,208596
31,USA,Masters,"Go, Swift","React, Express",10-Jan,223481
35,USA,Some College,"Python, Ruby","Spring, Spring",51-200,162994
8,Germany,Bachelors,"C++, Go","Spring, Spring",5000+,88391
36,Japan,Some College,"Go, C#","Flask, Django",51-200,161108
27,Japan,Bachelors,"Ruby, Rust","Express, Laravel",5000+,161230
5,USA,Masters,"Ruby, Python","Ruby on Rails, Django",1001-5000,121134
13,USA,Bachelors,"Rust, PHP","Flask, Spring",5000+,159974
21,France,Bachelors,"Go, JavaScript","React, Vue",1001-5000,120913
34,Japan,Masters,"C++, Swift","Express, Express",201-1000,165223
27,USA,Bachelors,"C#, Python","Laravel, Ruby on Rails",Nov-50,156773
12,USA,Bachelors,"C#, C++","Spring, Angular",51-200,106401
16,France,Bachelors,"C++, Ruby","Vue, Flask",10-Jan,95547
16,Canada,Some College,"Ruby, C++","Laravel, Laravel",Nov-50,104449
33,USA,Bachelors,"JavaScript, Ruby","Express, Spring",Nov-50,166098
7,USA,Masters,"Python, Swift","Laravel, Vue",1001-5000,137445
38,USA,Some College,"Java, C#","Laravel, Spring",5000+,186399
26,USA,Masters,"Rust, Rust","Spring, Django",5000+,166803
33,USA,Bachelors,"Ruby, Rust","React, Vue",1001-5000,161949
33,Singapore,Bachelors,"Go, Java","Flask, Django",Nov-50,168099
39,Germany,Bachelors,"Ruby, PHP","Spring, ASP.NET",10-Jan,178540
8,Germany,Bachelors,"Python, Swift","Vue, Ruby on Rails",10-Jan,75996
35,Japan,Masters,"Swift, Python","ASP.NET, Vue",201-1000,164671
4,Australia,Some College,"Swift, C#","Angular, React",51-200,66127
7,France,Bachelors,"C#, C#","React, Vue",Nov-50,76579
35,UK,Masters,"Java, Python","Angular, React",201-1000,169240
34,Germany,Masters,"PHP, Java","Flask, Express",10-Jan,203880
28,USA,Masters,"Swift, JavaScript","Flask, Flask",5000+,185500
11,UK,Masters,"Java, Java","Ruby on Rails, React",Nov-50,103677
40,USA,Some College,"C++, Ruby","Spring, Ruby on Rails",1001-5000,193622
38,USA,Masters,"Rust, Python","Express, Vue",201-1000,212456
36,Canada,Masters,"Java, C++","Express, Express",51-200,212148
9,USA,Bachelors,"C++, Ruby","Express, Angular",51-200,125291
11,Germany,Some College,"C++, Go","Express, Spring",5000+,101690
8,India,Bachelors,"Swift, C#","Angular, Ruby on Rails",201-1000,41121
35,India,High School,"Swift, Go","Vue, React",201-1000,131750
4,Singapore,PhD,"Go, Rust","Vue, React",1001-5000,86416
29,USA,Masters,"Go, JavaScript","Ruby on Rails, Flask",10-Jan,181399
35,India,Masters,"Ruby, Python","Ruby on Rails, Vue",51-200,123023
26,France,Bachelors,"Rust, Java","ASP.NET, Laravel",201-1000,120942
5,USA,Bachelors,"Python, Java","ASP.NET, React",5000+,143109
27,UK,Bachelors,"PHP, C#","React, Flask",10-Jan,136326
38,Canada,Masters,"Python, Ruby","Laravel, React",5000+,174784
40,UK,PhD,"Rust, C#","ASP.NET, Flask",5000+,244051
32,USA,Bachelors,"Ruby, Java","React, ASP.NET",51-200,164841
27,Australia,Bachelors,"Java, C#","Ruby on Rails, React",51-200,114495
6,USA,Bachelors,"C++, Swift","Laravel, Ruby on Rails",51-200,125992
37,Japan,Masters,"Rust, Go","Spring, Laravel",1001-5000,195481
7,USA,PhD,"Go, Java","Django, Spring",Nov-50,137478
39,Canada,Bachelors,"Swift, JavaScript","Flask, Ruby on Rails",Nov-50,195397
31,Germany,Bachelors,"Java, Java","ASP.NET, Vue",51-200,144826
8,USA,Bachelors,"PHP, Rust","React, Angular",51-200,113990
4,Australia,Bachelors,"Ruby, C++","Laravel, Express",51-200,54309
36,Germany,Some College,"Rust, PHP","Vue, Vue",Nov-50,193305
12,Canada,Masters,"Ruby, C#","React, ASP.NET",201-1000,96353
18,Germany,Masters,"PHP, C#","Vue, Flask",5000+,123750
38,USA,PhD,"Ruby, C#","Django, React",51-200,202084
9,USA,Bachelors,"Java, Ruby","Angular, Laravel",1001-5000,125269
25,USA,Masters,"Java, Swift","Django, Laravel",5000+,223369
16,Brazil,Bachelors,"Python, C++","Express, Spring",201-1000,78816
17,Australia,Bachelors,"JavaScript, Java","Laravel, Django",51-200,96894
1,UK,Bachelors,"JavaScript, Swift","Spring, ASP.NET",51-200,73315
40,UK,Masters,"C++, Ruby","Angular, ASP.NET",5000+,216159
17,USA,Masters,"C#, Ruby","Vue, Express",1001-5000,122896
35,Canada,Bachelors,"Ruby, Ruby","Vue, Flask",1001-5000,193795
9,USA,Bachelors,"Rust, Rust","Ruby on Rails, Spring",Nov-50,135470
13,Germany,Some College,"Swift, Ruby","Express, Angular",5000+,127968
40,USA,Bachelors,"Ruby, Swift","Ruby on Rails, Angular",5000+,268003
19,Germany,PhD,"PHP, Python","ASP.NET, Flask",1001-5000,126152
11,USA,High School,"C++, Ruby","Flask, Laravel",51-200,101905
5,Japan,Masters,"C#, PHP","Ruby on Rails, Vue",51-200,76201
29,India,Masters,"PHP, C#","Express, Spring",10-Jan,107925
19,UK,Some College,"JavaScript, Python","Angular, Vue",5000+,157613
8,India,Bachelors,"Rust, Go","Laravel, Flask",51-200,33034
2,India,Bachelors,"C++, Swift","Laravel, Vue",201-1000,20262
36,USA,Bachelors,"Java, Go","Vue, Ruby on Rails",10-Jan,190310
0,USA,PhD,"Swift, Java","Laravel, Django",10-Jan,104767
38,Australia,Bachelors,"Python, Python","Angular, Express",201-1000,189197
40,Germany,Some College,"Python, Swift","React, ASP.NET",5000+,231557
5,Germany,Masters,"PHP, Rust","React, Ruby on Rails",201-1000,73848
1,USA,PhD,"Go, Go","Express, Laravel",201-1000,98113
37,India,Bachelors,"C++, Java","Spring, Flask",5000+,126042
16,USA,Masters,"Go, Rust","Laravel, React",10-Jan,121946
15,Germany,Bachelors,"Swift, C++","Ruby on Rails, Laravel",1001-5000,109359
18,UK,Bachelors,"Ruby, Java","React, Spring",5000+,103427
38,Japan,PhD,"Go, Python","Django, Express",201-1000,190802
24,USA,PhD,"C#, Python","React, Flask",Nov-50,197374
12,Australia,Masters,"Go, Java","Ruby on Rails, Laravel",201-1000,100685
19,Canada,Masters,"Python, Swift","Ruby on Rails, Express",201-1000,124697
5,USA,Bachelors,"Ruby, C#","Django, Flask",Nov-50,84843
5,USA,Masters,"Swift, Ruby","Express, React",Nov-50,109199
5,USA,Bachelors,"Ruby, Rust","Vue, Angular",51-200,120209
40,Brazil,Masters,"C++, C++","Django, Express",51-200,178527
3,USA,Bachelors,"Swift, C#","ASP.NET, Express",1001-5000,116683
17,UK,Bachelors,"Java, Python","Laravel, Ruby on Rails",Nov-50,96592
12,Brazil,Masters,"Java, Swift","Vue, Flask",1001-5000,92445
27,USA,Some College,"Ruby, Python","Vue, Laravel",Nov-50,169133
4,Singapore,Bachelors,"PHP, Java","Flask, Vue",Nov-50,61946
8,USA,Bachelors,"C#, Java","Spring, Laravel",5000+,151461
14,India,Bachelors,"C#, JavaScript","Laravel, Ruby on Rails",5000+,79279
24,USA,PhD,"Python, Go","Django, Ruby on Rails",Nov-50,180727
21,USA,Masters,"Go, Rust","Vue, Express",Nov-50,172566
15,Australia,Masters,"C#, C#","Vue, ASP.NET",5000+,120012
37,France,PhD,"JavaScript, Python","Laravel, Vue",Nov-50,157442
35,USA,Masters,"JavaScript, Java","Express, Ruby on Rails",1001-5000,186598
20,Canada,Bachelors,"Rust, C#","Ruby on Rails, Spring",Nov-50,130309
21,UK,Bachelors,"C++, Swift","ASP.NET, Vue",5000+,144764
25,Japan,Bachelors,"Ruby, PHP","React, Vue",1001-5000,131399
12,Canada,Some College,"Swift, Swift","Spring, Spring",51-200,94339
29,Germany,Bachelors,"Ruby, JavaScript","Laravel, Vue",51-200,120590
24,Australia,Masters,"C++, C#","React, Django",Nov-50,124134
36,Germany,Bachelors,"PHP, Python","ASP.NET, React",51-200,137597
29,USA,Bachelors,"Python, Ruby","Spring, React",5000+,219458
22,USA,Bachelors,"C#, Python","Laravel, Flask",Nov-50,127416
8,Canada,Bachelors,"JavaScript, C#","Ruby on Rails, Flask",10-Jan,84212
29,USA,Bachelors,"PHP, C++","Ruby on Rails, Ruby on Rails",1001-5000,192131
15,India,Bachelors,"JavaScript, JavaScript","Express, Vue",51-200,64141
39,USA,Bachelors,"C++, Swift","React, Express",51-200,179608
8,USA,Bachelors,"PHP, Go","Spring, ASP.NET",201-1000,112584
27,USA,Bachelors,"JavaScript, Swift","Vue, React",5000+,195294
29,Canada,Masters,"Java, Rust","Spring, Laravel",51-200,169213
26,USA,Bachelors,"Swift, Rust","React, ASP.NET",5000+,184013
19,USA,Bachelors,"Java, PHP","Express, Laravel",10-Jan,159938
38,UK,PhD,"Python, Python","ASP.NET, Django",Nov-50,163027
14,USA,Bachelors,"Java, PHP","Ruby on Rails, Angular",Nov-50,119778
4,Germany,Bachelors,"Ruby, Ruby","Spring, Vue",201-1000,61215
31,Australia,Masters,"Swift, C#","Vue, Laravel",5000+,193415
23,Canada,High School,"C#, Rust","React, Vue",201-1000,118702
20,Canada,High School,"Python, Python","Laravel, React",201-1000,104296
30,UK,Bachelors,"PHP, Python","Django, Spring",1001-5000,177107
8,USA,Bachelors,"Java, Java","Angular, React",10-Jan,105517
40,Canada,Some College,"C++, Python","Express, Ruby on Rails",10-Jan,160475
12,USA,Bachelors,"Go, Ruby","ASP.NET, Laravel",Nov-50,107816
25,Germany,Some College,"Swift, PHP","Spring, Flask",201-1000,114918
26,Brazil,High School,"Rust, Swift","Spring, Angular",10-Jan,126148
27,Canada,Masters,"JavaScript, Rust","Vue, Flask",1001-5000,169668
6,Japan,Bachelors,"C++, Swift","React, Flask",Nov-50,73690
20,France,Masters,"Go, Rust","Ruby on Rails, Angular",5000+,154499
3,USA,PhD,"Java, Go","Vue, Flask",Nov-50,135364
14,USA,Some College,"Go, Ruby","Ruby on Rails, Django",51-200,123367
8,UK,High School,"Rust, Go","React, React",10-Jan,98766
6,India,Bachelors,"JavaScript, Python","Ruby on Rails, Vue",Nov-50,29825
6,USA,Masters,"Rust, Go","Laravel, Angular",51-200,108870
17,UK,Bachelors,"Rust, Go","ASP.NET, Express",10-Jan,91676
24,India,Bachelors,"Ruby, Rust","React, Ruby on Rails",201-1000,99067
1,USA,Masters,"Swift, Ruby","Ruby on Rails, Ruby on Rails",Nov-50,105402
13,France,High School,"Java, Go","React, React",201-1000,95025
30,USA,Masters,"JavaScript, Go","Laravel, React",51-200,218597
19,USA,Bachelors,"Rust, JavaScript","Express, Express",10-Jan,137602
17,India,Some College,"Swift, Go","Vue, Express",51-200,57056
15,USA,High School,"C++, Go","Vue, ASP.NET",201-1000,122434
2,France,Bachelors,"Ruby, Rust","Flask, Vue",Nov-50,48796
15,USA,Bachelors,"PHP, C++","Django, Laravel",Nov-50,114144
9,USA,Masters,"JavaScript, C#","Spring, Vue",5000+,133455
6,USA,Masters,"Swift, Rust","Flask, Angular",10-Jan,124090
20,India,Bachelors,"Python, Java","Laravel, Ruby on Rails",1001-5000,72995
18,France,PhD,"Go, Java","Flask, Spring",5000+,112452
4,USA,Bachelors,"Go, C#","Flask, Ruby on Rails",201-1000,88096
40,USA,Some College,"Rust, Python","Vue, Spring",5000+,265466
9,USA,Bachelors,"Ruby, PHP","Angular, Vue",Nov-50,133931
28,Australia,Bachelors,"PHP, C++","Ruby on Rails, Angular",5000+,137893
7,Australia,Some College,"JavaScript, Rust","Spring, Flask",10-Jan,75346
10,USA,Bachelors,"Python, Swift","Laravel, Vue",Nov-50,132171
14,USA,PhD,"Python, Ruby","React, Django",Nov-50,136324
11,USA,Bachelors,"PHP, Ruby","Ruby on Rails, React",Nov-50,117099
3,USA,Bachelors,"Ruby, PHP","Ruby on Rails, Angular",51-200,80786
8,USA,Bachelors,"Python, Swift","Angular, Express",5000+,136839
35,Canada,Masters,"Go, Go","Ruby on Rails, Vue",Nov-50,153336
38,USA,Some College,"C#, Rust","Express, Django",201-1000,242170
12,France,Bachelors,"Rust, Rust","Ruby on Rails, React",201-1000,68863
37,USA,Masters,"C#, Python","Laravel, Angular",201-1000,244856
26,USA,Some College,"JavaScript, PHP","Spring, Angular",1001-5000,180046
34,UK,Bachelors,"Python, Swift","ASP.NET, Express",51-200,162790
1,USA,Masters,"Python, Java","Flask, Angular",10-Jan,113382
40,Germany,Bachelors,"JavaScript, Go","Django, Express",201-1000,208884
6,India,Bachelors,"PHP, Rust","Laravel, Spring",Nov-50,29480
30,Australia,Bachelors,"C++, Python","Django, ASP.NET",Nov-50,146992
3,Japan,Bachelors,"Java, Swift","Express, Flask",201-1000,60825
39,USA,Bachelors,"Java, Ruby","Angular, Angular",Nov-50,167367
25,Japan,High School,"PHP, Python","Ruby on Rails, Django",1001-5000,109665
14,Canada,Masters,"Ruby, Ruby","Laravel, Django",Nov-50,109256
17,India,Masters,"Java, Java","React, Ruby on Rails",201-1000,71589
23,USA,Masters,"JavaScript, Java","Spring, Flask",1001-5000,162389
15,France,Bachelors,"Ruby, PHP","Express, Vue",1001-5000,106642
15,France,Bachelors,"Java, PHP","ASP.NET, Laravel",10-Jan,103713
9,USA,PhD,"Java, C++","Express, React",1001-5000,161152
34,Canada,High School,"Go, JavaScript","ASP.NET, Express",10-Jan,139195
22,USA,Masters,"C#, PHP","Flask, Flask",201-1000,171718
27,Brazil,Bachelors,"JavaScript, Rust","Vue, React",Nov-50,124457
23,UK,Masters,"JavaScript, Python","Django, Django",51-200,166698
23,India,Bachelors,"C#, Rust","Vue, ASP.NET",5000+,94327
26,UK,PhD,"C#, Python","Django, Django",201-1000,164415
7,USA,Bachelors,"JavaScript, C++","Ruby on Rails, React",201-1000,93108
13,USA,Masters,"C#, Python","Django, Laravel",5000+,154376
22,Canada,Bachelors,"Python, Rust","Vue, Angular",201-1000,126209
13,UK,Masters,"PHP, Python","ASP.NET, Django",1001-5000,102565
15,India,Some College,"PHP, PHP","Flask, Ruby on Rails",10-Jan,64344
16,India,Bachelors,"JavaScript, Swift","Express, Django",10-Jan,69668
15,USA,Masters,"Go, C#","Flask, Spring",201-1000,138173
23,USA,Bachelors,"Python, PHP","Ruby on Rails, Vue",10-Jan,152924
16,Canada,Bachelors,"Java, Go","Django, Express",201-1000,86983
14,France,Bachelors,"Java, Swift","Ruby on Rails, Angular",Nov-50,77357
32,Brazil,Masters,"Swift, C#","React, Express",1001-5000,149131
11,UK,High School,"Java, Go","Express, Express",201-1000,104211
40,USA,Some College,"Python, C#","Express, React",201-1000,182454
26,Australia,Bachelors,"Swift, PHP","Flask, Django",10-Jan,108640
31,Germany,Masters,"Java, Rust","React, Angular",Nov-50,141925
18,Singapore,Masters,"Ruby, C#","Django, Spring",10-Jan,131448
17,Brazil,Bachelors,"Swift, Rust","Ruby on Rails, Angular",10-Jan,100409
16,Germany,Bachelors,"Swift, Ruby","Flask, Laravel",201-1000,110213
34,India,Masters,"Java, Swift","React, ASP.NET",10-Jan,118319
22,USA,Bachelors,"Go, C#","Ruby on Rails, Ruby on Rails",201-1000,177709
23,Australia,Bachelors,"Go, Ruby","Flask, React",Nov-50,123587
17,Canada,Bachelors,"Swift, C++","Laravel, Spring",5000+,141998
10,UK,Masters,"PHP, PHP","Ruby on Rails, Django",10-Jan,104591
20,Singapore,Bachelors,"C#, C++","Laravel, Angular",201-1000,99631
34,UK,Bachelors,"Ruby, C#","Express, Vue",51-200,143014
29,USA,Masters,"JavaScript, C++","Laravel, Angular",10-Jan,205355
16,USA,Masters,"Python, PHP","Django, Ruby on Rails",10-Jan,136421
15,USA,Masters,"Python, C#","Angular, Ruby on Rails",Nov-50,156946
7,UK,Bachelors,"Swift, C#","ASP.NET, Flask",1001-5000,71017
29,Canada,Masters,"Java, Java","Express, Express",1001-5000,187784
3,USA,Masters,"Swift, C#","Laravel, Ruby on Rails",201-1000,106706
8,Canada,Masters,"Python, Rust","Spring, Ruby on Rails",10-Jan,78598
18,USA,Masters,"C#, JavaScript","Flask, Flask",Nov-50,154467
3,UK,Bachelors,"Swift, Python","Angular, ASP.NET",1001-5000,55646
39,UK,Masters,"Go, PHP","Flask, Ruby on Rails",1001-5000,196452
24,Canada,Masters,"Python, C#","Spring, Spring",Nov-50,115936
10,Singapore,Bachelors,"Swift, Python","Laravel, React",10-Jan,86543
23,USA,Bachelors,"C#, Rust","Laravel, React",1001-5000,144325
9,UK,PhD,"Python, JavaScript","Express, Laravel",Nov-50,128330
32,Germany,Some College,"C++, Ruby","React, Spring",1001-5000,146692
11,USA,Bachelors,"Java, JavaScript","Ruby on Rails, Express",51-200,120313
14,USA,Bachelors,"Rust, Go","Spring, React",51-200,106309
34,USA,Masters,"Swift, PHP","ASP.NET, React",10-Jan,175572
40,Canada,Bachelors,"Rust, Go","Django, Vue",5000+,201624
18,USA,Bachelors,"PHP, C++","Spring, Spring",51-200,146870
1,UK,Masters,"Ruby, Ruby","React, Spring",5000+,91114
29,Canada,Masters,"Swift, Python","Express, ASP.NET",51-200,183386
16,Japan,Some College,"Rust, Swift","Express, Laravel",1001-5000,110503
12,USA,Bachelors,"C++, Swift","React, Ruby on Rails",10-Jan,142555
30,India,Masters,"JavaScript, Ruby","Vue, React",10-Jan,97097
1,USA,Bachelors,"Swift, Java","Ruby on Rails, React",51-200,77740
17,USA,Some College,"JavaScript, Rust","Spring, Vue",51-200,155227
9,USA,Bachelors,"Rust, C#","Spring, Flask",5000+,107721
21,USA,Masters,"JavaScript, C++","Angular, Angular",51-200,134228
0,USA,Bachelors,"JavaScript, JavaScript","Flask, Ruby on Rails",Nov-50,73028
31,India,PhD,"JavaScript, C++","Django, Spring",51-200,129099
4,Canada,Bachelors,"C++, C#","Vue, Spring",51-200,67167
21,USA,Bachelors,"Swift, Rust","Laravel, React",10-Jan,158861
18,USA,Bachelors,"Python, Python","Vue, Spring",201-1000,159031
1,Germany,High School,"Java, Python","Spring, Express",10-Jan,53977
26,USA,Bachelors,"Swift, Go","Angular, Flask",1001-5000,190246
34,USA,Bachelors,"C#, Go","Flask, Spring",1001-5000,175826
16,Canada,Bachelors,"JavaScript, Go","Laravel, Laravel",201-1000,97931
40,Germany,Bachelors,"C#, Swift","Ruby on Rails, React",51-200,153852
12,USA,Some College,"Ruby, Rust","React, Ruby on Rails",51-200,122868
21,USA,Masters,"JavaScript, JavaScript","ASP.NET, Flask",Nov-50,134130
22,Canada,Masters,"Ruby, JavaScript","Angular, Ruby on Rails",201-1000,154999
38,USA,Some College,"C#, Rust","Ruby on Rails, Angular",5000+,232062
20,USA,Bachelors,"C++, Swift","Spring, Express",201-1000,152049
23,USA,Bachelors,"JavaScript, PHP","Vue, Angular",1001-5000,184988
29,France,Masters,"Python, Go","Vue, Django",Nov-50,153684
22,USA,Bachelors,"PHP, Rust","Express, Spring",201-1000,135208
24,USA,Bachelors,"Go, Swift","Flask, Flask",51-200,159593
38,USA,Masters,"PHP, Ruby","Spring, Django",201-1000,204537
0,Singapore,Some College,"PHP, Ruby","Flask, ASP.NET",Nov-50,58864
7,Brazil,Bachelors,"Java, C#","Flask, React",201-1000,60038
15,France,Masters,"Rust, C++","Ruby on Rails, Angular",10-Jan,125210
6,USA,Bachelors,"C++, Rust","ASP.NET, ASP.NET",5000+,110829
28,Canada,Masters,"Rust, JavaScript","Laravel, Angular",5000+,165595
30,Germany,Bachelors,"PHP, C++","Angular, React",1001-5000,136103
24,France,Bachelors,"Java, JavaScript","Django, Express",1001-5000,143366
14,USA,Masters,"C++, Swift","Laravel, Express",51-200,156122
34,India,Bachelors,"PHP, Java","Spring, Vue",5000+,126859
38,Germany,Masters,"Rust, Python","Spring, React",1001-5000,220768
5,Australia,Masters,"JavaScript, C++","Ruby on Rails, React",Nov-50,72832
31,USA,High School,"Ruby, Rust","Django, Flask",51-200,203909
1,Brazil,Masters,"Go, Java","Express, Flask",5000+,82512
12,USA,Bachelors,"C#, Java","ASP.NET, Spring",51-200,149832
3,France,Bachelors,"PHP, Go","Angular, React",Nov-50,68896
39,USA,Masters,"Rust, Swift","React, Flask",10-Jan,259509
26,Canada,Masters,"Python, Go","React, ASP.NET",51-200,170534
29,USA,Bachelors,"PHP, C++","Vue, Laravel",Nov-50,148357
26,Canada,Bachelors,"Go, C#","Spring, Express",201-1000,145203
37,Germany,Masters,"Java, Go","Django, Vue",Nov-50,183205
3,USA,Bachelors,"PHP, Java","Flask, Vue",201-1000,79540
12,Australia,Bachelors,"Go, Java","Django, Flask",1001-5000,94038
34,USA,Bachelors,"Swift, Java","Express, Laravel",51-200,187030
3,USA,Bachelors,"Rust, Rust","Express, React",5000+,127274
12,Canada,Bachelors,"Rust, JavaScript","ASP.NET, Laravel",1001-5000,91722
7,UK,Bachelors,"PHP, Ruby","Spring, Django",Nov-50,90217
40,France,Bachelors,"C++, C++","ASP.NET, Spring",201-1000,190473
3,Canada,Masters,"Rust, Go","Express, Laravel",5000+,83963
38,India,Bachelors,"C#, Rust","Laravel, React",5000+,124533
34,USA,Masters,"PHP, JavaScript","Ruby on Rails, Django",201-1000,207883
20,USA,Masters,"PHP, Swift","Ruby on Rails, Spring",51-200,132608
40,Japan,Bachelors,"Ruby, Ruby","ASP.NET, Spring",201-1000,169466
9,USA,Masters,"Ruby, Python","Vue, React",1001-5000,131778
14,USA,Masters,"Ruby, C++","Spring, Angular",10-Jan,154825
28,USA,Bachelors,"Python, Rust","Angular, Laravel",51-200,150611
29,Canada,Masters,"Swift, C++","Spring, Angular",201-1000,183883
38,India,Bachelors,"Java, Ruby","Ruby on Rails, Flask",10-Jan,141750
32,India,Some College,"Rust, Rust","Express, React",Nov-50,90532
40,USA,Masters,"PHP, Python","Laravel, Ruby on Rails",51-200,210369
34,USA,Masters,"Ruby, Ruby","ASP.NET, Angular",201-1000,172376
15,Germany,Bachelors,"PHP, C#","Express, Django",5000+,121887
7,France,Some College,"PHP, Swift","Flask, ASP.NET",5000+,70043
28,India,High School,"Ruby, JavaScript","Flask, Laravel",5000+,91200
26,USA,Bachelors,"Java, Swift","Django, Ruby on Rails",1001-5000,193858
6,UK,Bachelors,"Ruby, Go","React, Vue",5000+,83876
1,USA,Bachelors,"PHP, PHP","Laravel, Flask",51-200,93126
16,Singapore,Bachelors,"C#, Python","Laravel, Laravel",Nov-50,88718
36,USA,Bachelors,"Rust, Ruby","Spring, Angular",5000+,233262
10,Brazil,Bachelors,"Java, Java","ASP.NET, Laravel",5000+,99253
22,India,Bachelors,"Go, Java","Express, ASP.NET",10-Jan,82533
21,India,Masters,"Ruby, Python","Ruby on Rails, Spring",Nov-50,75906
33,UK,Bachelors,"C#, Rust","Flask, Spring",10-Jan,158727
5,Brazil,Masters,"Java, C++","Spring, Laravel",5000+,88534
33,USA,Bachelors,"Ruby, Rust","Spring, ASP.NET",5000+,223637
34,UK,PhD,"Swift, Go","Vue, Spring",201-1000,159607
6,India,Bachelors,"Java, Rust","ASP.NET, Laravel",10-Jan,28981
39,Germany,Bachelors,"PHP, PHP","Angular, Express",51-200,168237
2,USA,Bachelors,"Swift, C#","Spring, Django",Nov-50,111661
3,Japan,Masters,"Swift, Go","Laravel, Django",5000+,95108
13,Canada,Bachelors,"Swift, Swift","Spring, Django",201-1000,100967
21,Germany,Masters,"C#, JavaScript","Vue, Angular",51-200,113743
7,Australia,Bachelors,"Rust, Java","ASP.NET, Ruby on Rails",5000+,81626
13,France,Bachelors,"Ruby, Go","Laravel, Vue",51-200,87650
19,Japan,PhD,"C#, Java","Angular, Ruby on Rails",Nov-50,123070
15,USA,Masters,"Java, Python","Flask, Express",5000+,187496
31,Singapore,Bachelors,"Swift, Go","Laravel, Ruby on Rails",201-1000,164643
5,USA,Some College,"Go, Swift","Ruby on Rails, Vue",1001-5000,96335
24,Japan,High School,"Java, Java","Ruby on Rails, Flask",Nov-50,133283
0,Singapore,Bachelors,"Python, Ruby","Vue, Angular",5000+,54330
12,UK,Bachelors,"Swift, JavaScript","Ruby on Rails, Spring",201-1000,101373
30,Brazil,Masters,"Python, Swift","Laravel, React",10-Jan,160175
6,UK,Bachelors,"Java, Python","Ruby on Rails, Vue",201-1000,85513
34,India,Bachelors,"Go, JavaScript","Vue, Vue",1001-5000,95899
9,USA,Masters,"C++, Go","Vue, Django",Nov-50,136627
30,India,Some College,"Ruby, PHP","Spring, Ruby on Rails",201-1000,100358
28,USA,High School,"PHP, Python","ASP.NET, Express",1001-5000,173010
38,USA,Bachelors,"Java, PHP","Angular, Vue",51-200,196089
5,Canada,Bachelors,"Java, Python","Express, Flask",201-1000,69571
7,Canada,Some College,"Go, C#","Spring, Angular",51-200,90327
7,USA,Masters,"C#, Go","Express, Angular",Nov-50,127686
10,UK,PhD,"Swift, Ruby","Laravel, Express",1001-5000,117590
8,Germany,Bachelors,"JavaScript, JavaScript","Flask, ASP.NET",5000+,108837
38,USA,Bachelors,"Go, Rust","Angular, Angular",1001-5000,168893
13,USA,Bachelors,"Java, C#","Spring, Vue",1001-5000,105999
8,USA,Bachelors,"JavaScript, PHP","Vue, Angular",5000+,119162
33,USA,Bachelors,"Swift, C#","ASP.NET, Laravel",Nov-50,191748
13,USA,Bachelors,"C++, Go","Ruby on Rails, Laravel",5000+,150561
12,UK,Masters,"Java, Java","Vue, Flask",5000+,133930
32,USA,Bachelors,"C#, C#","Vue, Angular",51-200,155216
7,USA,Masters,"Java, Java","Ruby on Rails, Vue",Nov-50,137764
37,Germany,High School,"JavaScript, C++","Spring, Spring",10-Jan,140429
26,USA,Bachelors,"PHP, Rust","Angular, Laravel",51-200,174954
19,Canada,Masters,"C#, JavaScript","Vue, Flask",Nov-50,105908
13,Canada,Bachelors,"Ruby, Go","Flask, Ruby on Rails",5000+,123188
32,UK,Bachelors,"Python, C++","Laravel, Spring",Nov-50,134375
10,Singapore,Masters,"Ruby, JavaScript","React, Laravel",51-200,77407
26,Germany,Masters,"JavaScript, Swift","Express, Spring",5000+,175555
11,USA,Bachelors,"Python, Swift","Laravel, Angular",1001-5000,127578
38,USA,Masters,"Ruby, Java","Angular, Django",1001-5000,221884
14,USA,Masters,"Go, PHP","Angular, Angular",Nov-50,165629
12,USA,Bachelors,"C#, C#","React, Flask",10-Jan,107884
4,USA,Bachelors,"Python, Go","Vue, Vue",51-200,85064
19,Germany,Masters,"C#, Python","Vue, React",5000+,147174
30,UK,Bachelors,"Python, Swift","ASP.NET, Vue",201-1000,137883
12,USA,Some College,"JavaScript, Python","Laravel, Ruby on Rails",Nov-50,134663
17,USA,Some College,"Java, Go","Ruby on Rails, React",51-200,112976
28,Singapore,Some College,"Swift, Ruby","Angular, Express",51-200,112151
36,India,Some College,"JavaScript, Java","Vue, Ruby on Rails",Nov-50,139129
21,Canada,PhD,"PHP, C++","Angular, Ruby on Rails",201-1000,130852
40,USA,Bachelors,"JavaScript, C#","Spring, Express",Nov-50,188253
7,Singapore,Bachelors,"Python, C#","React, Express",5000+,78850
36,Germany,Bachelors,"Python, Go","Express, Django",5000+,172012
14,USA,Bachelors,"C++, Rust","Ruby on Rails, Flask",1001-5000,148249
38,USA,Masters,"C#, C++","ASP.NET, Ruby on Rails",10-Jan,216556
34,Germany,Bachelors,"Ruby, C#","Flask, Angular",Nov-50,132001
7,France,Masters,"Ruby, C++","Express, React",10-Jan,69023
28,India,High School,"C++, Ruby","Angular, Django",Nov-50,91001
17,Australia,Bachelors,"JavaScript, C++","Flask, React",10-Jan,113320
36,France,Bachelors,"Python, C++","Django, Spring",1001-5000,147454
19,France,Bachelors,"Swift, Go","Laravel, Express",201-1000,108931
7,USA,Some College,"Ruby, PHP","Vue, Flask",5000+,150195
39,UK,Bachelors,"Swift, C++","Ruby on Rails, Vue",51-200,147443
40,Canada,Some College,"C#, PHP","React, Ruby on Rails",10-Jan,145515
23,Germany,Masters,"Java, Python","Spring, Ruby on Rails",10-Jan,163996
32,UK,Bachelors,"JavaScript, Swift","Laravel, Angular",Nov-50,132526
28,USA,Masters,"Rust, Python","React, Django",1001-5000,180900
5,UK,Masters,"Python, Swift","Express, Ruby on Rails",5000+,91633
1,Singapore,Bachelors,"Java, Python","Flask, React",201-1000,46876
12,Germany,Masters,"Ruby, C#","Flask, Spring",5000+,144614
16,Brazil,Bachelors,"Rust, Rust","Flask, Vue",1001-5000,110278
23,Germany,Bachelors,"Java, Python","Laravel, Express",10-Jan,136220
12,India,Some College,"PHP, C++","Angular, Django",1001-5000,57707
22,Australia,Masters,"PHP, Python","React, Express",Nov-50,138147
35,Germany,Bachelors,"PHP, Go","React, Ruby on Rails",1001-5000,149958
2,USA,High School,"Python, Ruby","Laravel, React",5000+,101448
8,USA,Bachelors,"Python, Python","Spring, Laravel",10-Jan,112986
27,UK,Bachelors,"Swift, Java","ASP.NET, Laravel",1001-5000,151338
7,UK,Bachelors,"Rust, Ruby","Ruby on Rails, Vue",201-1000,83452
34,USA,Bachelors,"C#, Ruby","Django, Laravel",1001-5000,191282
39,Brazil,Masters,"Swift, Rust","ASP.NET, Laravel",1001-5000,192600
26,Australia,Bachelors,"Rust, JavaScript","ASP.NET, Laravel",201-1000,105966
34,USA,Bachelors,"Go, JavaScript","Angular, ASP.NET",51-200,171158
6,UK,Bachelors,"Swift, C#","Flask, Express",1001-5000,69359
16,UK,Bachelors,"C#, JavaScript","Express, Ruby on Rails",5000+,109866
29,Australia,Masters,"JavaScript, JavaScript","ASP.NET, Vue",1001-5000,133801
24,Japan,Masters,"JavaScript, Ruby","Vue, Laravel",5000+,167095
4,USA,Bachelors,"C#, C++","React, ASP.NET",5000+,109873
20,UK,Masters,"Python, Go","Ruby on Rails, Ruby on Rails",10-Jan,120867
23,USA,Bachelors,"Swift, C#","Express, Express",1001-5000,176910
29,USA,Masters,"Ruby, Ruby","ASP.NET, React",201-1000,157680
27,USA,Bachelors,"C++, PHP","Spring, Angular",51-200,172701
39,Brazil,PhD,"PHP, Swift","Spring, React",1001-5000,194897
13,USA,Bachelors,"Ruby, C++","Ruby on Rails, Django",201-1000,109883
12,USA,Bachelors,"PHP, Swift","Spring, Django",51-200,147379
29,Brazil,Bachelors,"Rust, C#","Ruby on Rails, React",Nov-50,135524
18,USA,Bachelors,"Ruby, C++","Spring, Vue",Nov-50,152021
25,UK,High School,"PHP, C#","React, Spring",Nov-50,125220
1,USA,Masters,"Python, C#","Laravel, Spring",10-Jan,101051
5,Germany,Bachelors,"PHP, C++","Django, Ruby on Rails",Nov-50,84812
13,USA,Bachelors,"JavaScript, Rust","Django, Ruby on Rails",201-1000,106266
11,India,Bachelors,"Ruby, Swift","Express, Angular",1001-5000,52086
23,India,Masters,"Java, C++","Laravel, Ruby on Rails",5000+,112574
2,Germany,Masters,"Python, PHP","Django, Django",201-1000,75000
26,India,Masters,"Swift, Go","Django, Django",Nov-50,101127
14,USA,Masters,"Rust, Ruby","Express, Angular",10-Jan,151119
40,USA,Bachelors,"Swift, JavaScript","Flask, ASP.NET",1001-5000,183036
2,USA,Some College,"Java, Rust","Django, Django",51-200,85854
23,UK,Bachelors,"Rust, PHP","Vue, Angular",1001-5000,139922
27,Germany,Masters,"Go, C++","Flask, Flask",1001-5000,140450
22,UK,Bachelors,"PHP, PHP","ASP.NET, Spring",51-200,119786
1,USA,PhD,"JavaScript, JavaScript","Laravel, Spring",10-Jan,125609
23,UK,High School,"Go, C#","ASP.NET, ASP.NET",Nov-50,133928
22,India,PhD,"C#, Ruby","ASP.NET, ASP.NET",1001-5000,103234
5,USA,Bachelors,"C++, Python","Django, Flask",Nov-50,125032
16,UK,Masters,"JavaScript, Python","Laravel, Laravel",10-Jan,99949
23,USA,Masters,"Python, JavaScript","React, Django",Nov-50,136061
2,Japan,Bachelors,"Java, Java","ASP.NET, Express",5000+,84828
29,Germany,Bachelors,"Java, PHP","Ruby on Rails, Ruby on Rails",1001-5000,142946
38,USA,Masters,"Go, PHP","Spring, Vue",5000+,252405
3,Germany,Masters,"PHP, Python","Flask, ASP.NET",1001-5000,79982
21,USA,Masters,"PHP, Java","Spring, Django",10-Jan,188683
24,India,PhD,"JavaScript, C#","Angular, Ruby on Rails",5000+,115087
2,USA,Bachelors,"Ruby, Rust","Spring, Spring",51-200,92050
8,UK,Some College,"Ruby, PHP","Vue, Vue",5000+,81300
9,Canada,Bachelors,"C++, Go","Flask, Ruby on Rails",Nov-50,79486
10,France,Bachelors,"JavaScript, Java","Django, ASP.NET",10-Jan,74950
18,USA,Masters,"Rust, C#","Django, Vue",1001-5000,179993
21,USA,Some College,"Ruby, C++","Spring, Angular",51-200,126349
33,India,Bachelors,"Swift, Ruby","React, Django",51-200,96281
36,Japan,Bachelors,"Python, C#","Ruby on Rails, Flask",5000+,185655
38,USA,Bachelors,"JavaScript, JavaScript","Angular, Flask",5000+,189493
18,Germany,Masters,"Swift, Swift","ASP.NET, Vue",1001-5000,110283
18,Australia,PhD,"Go, Python","React, Django",51-200,131276
13,USA,Some College,"PHP, Swift","Laravel, Vue",10-Jan,120290
16,USA,Bachelors,"C++, C++","Ruby on Rails, Laravel",5000+,173258
32,UK,Bachelors,"Java, Go","Express, Flask",5000+,164662
0,France,Bachelors,"Java, PHP","Django, Vue",201-1000,59556
25,USA,Bachelors,"Python, Swift","React, React",5000+,211984
10,Australia,Some College,"C#, Java","Express, Express",5000+,76665
34,Japan,Bachelors,"Swift, PHP","Django, Vue",1001-5000,139122
0,Germany,Bachelors,"Rust, Go","ASP.NET, React",1001-5000,61265
16,Canada,Bachelors,"Go, C#","Flask, Vue",1001-5000,100220
35,USA,Bachelors,"JavaScript, Go","Django, Laravel",5000+,223504
11,USA,PhD,"Java, PHP","Express, Express",1001-5000,156806
7,USA,Bachelors,"C#, C++","Angular, Flask",51-200,128241
18,USA,Bachelors,"C++, C++","Express, Vue",51-200,127723
2,France,Masters,"Python, C++","Vue, ASP.NET",51-200,65247
20,Australia,Masters,"Python, PHP","Django, Laravel",1001-5000,101237
38,Australia,Masters,"Java, Go","Django, Flask",51-200,192067
39,USA,Bachelors,"Ruby, Python","Express, Spring",10-Jan,186636
23,UK,Masters,"Rust, Ruby","Django, ASP.NET",1001-5000,150038
33,India,High School,"Java, Ruby","Flask, Laravel",1001-5000,93981
5,Germany,Bachelors,"Go, Rust","Django, Ruby on Rails",201-1000,67576
37,Canada,Bachelors,"Swift, C++","React, Angular",51-200,149497
25,Canada,Bachelors,"Swift, Go","ASP.NET, React",10-Jan,136955
26,France,Bachelors,"C#, C#","React, Django",5000+,159181
2,Germany,Masters,"Rust, Python","Spring, Angular",10-Jan,62628
36,USA,Bachelors,"Ruby, C#","Vue, Django",Nov-50,163852
19,USA,Masters,"C++, Swift","Vue, React",5000+,178713
0,USA,Some College,"Go, Swift","Flask, React",51-200,81240
35,India,Masters,"PHP, C++","ASP.NET, Laravel",1001-5000,143755
21,Germany,Bachelors,"Rust, Java","Express, Django",201-1000,110011
0,Canada,Bachelors,"Python, Swift","Flask, ASP.NET",Nov-50,64154
35,USA,High School,"PHP, PHP","ASP.NET, Ruby on Rails",5000+,242889
13,Canada,Bachelors,"PHP, Swift","React, Express",5000+,132155
32,Japan,Bachelors,"JavaScript, Rust","Vue, Django",Nov-50,143618
7,USA,High School,"C++, Python","Spring, Angular",201-1000,113268
9,Germany,Bachelors,"JavaScript, C#","Laravel, Laravel",5000+,108814
35,USA,Bachelors,"Ruby, C++","ASP.NET, Express",51-200,159889
19,UK,Bachelors,"Python, C#","Ruby on Rails, Spring",51-200,126811
14,USA,Masters,"Ruby, Ruby","ASP.NET, Flask",51-200,149946
19,USA,Masters,"Java, Python","Angular, Laravel",51-200,147678
20,India,Bachelors,"Python, Python","Laravel, Laravel",Nov-50,64166
26,Australia,Bachelors,"Java, Swift","React, ASP.NET",201-1000,112914
28,India,Masters,"C++, Java","Laravel, Express",10-Jan,116212
19,Germany,Bachelors,"Rust, C++","Laravel, ASP.NET",1001-5000,134598
27,USA,High School,"JavaScript, JavaScript","Spring, Spring",201-1000,201127
8,USA,Bachelors,"Python, Go","Angular, ASP.NET",5000+,119162
20,USA,Masters,"JavaScript, JavaScript","ASP.NET, ASP.NET",Nov-50,187951
38,Japan,Bachelors,"Ruby, Java","ASP.NET, Flask",10-Jan,153684
30,USA,Some College,"Java, Java","ASP.NET, React",Nov-50,170617
8,UK,Masters,"Rust, Go","Django, Flask",201-1000,106374
6,USA,Some College,"C++, JavaScript","Vue, Laravel",10-Jan,103240
7,USA,High School,"JavaScript, Python","Angular, Express",10-Jan,105679
9,USA,Bachelors,"Ruby, C#","Angular, Angular",Nov-50,120903
26,Australia,Masters,"Ruby, C#","Express, Vue",10-Jan,112265
36,Germany,PhD,"Python, C#","Angular, Ruby on Rails",1001-5000,160518
12,Germany,Masters,"JavaScript, PHP","Spring, React",5000+,134821
8,USA,Bachelors,"Go, PHP","Angular, Angular",1001-5000,130131
31,USA,Bachelors,"Go, Go","Vue, Django",Nov-50,214184
19,USA,PhD,"Python, Rust","Ruby on Rails, Ruby on Rails",1001-5000,144442
9,Brazil,Bachelors,"JavaScript, PHP","Angular, Laravel",5000+,79519
3,Brazil,Bachelors,"Java, JavaScript","Laravel, React",51-200,63829
39,UK,Some College,"C++, Python","Flask, Ruby on Rails",5000+,220393
27,UK,Bachelors,"Go, Swift","Flask, Express",1001-5000,125686
16,Japan,Masters,"Ruby, Python","Angular, Spring",10-Jan,94101
1,Germany,High School,"JavaScript, PHP","Angular, Express",51-200,60146
9,Australia,Masters,"Go, C++","Spring, Laravel",51-200,101836
13,USA,Masters,"C#, Ruby","Express, Express",201-1000,145591
9,India,High School,"Rust, Python","React, React",5000+,55248
23,Canada,Bachelors,"Go, Ruby","Django, Ruby on Rails",10-Jan,111620
37,India,Bachelors,"C++, PHP","React, Spring",201-1000,111486
12,France,Bachelors,"Rust, Rust","Laravel, Django",201-1000,73174
31,UK,Bachelors,"C#, Python","Django, Spring",51-200,142641
19,USA,Bachelors,"Python, C#","Angular, Express",51-200,122701
28,USA,Masters,"JavaScript, C#","Ruby on Rails, Django",1001-5000,159247
39,Australia,Some College,"Java, Java","Laravel, Vue",201-1000,175916
5,India,Bachelors,"C#, Ruby","Angular, Angular",51-200,33587
35,USA,High School,"Rust, Python","ASP.NET, ASP.NET",1001-5000,178511
2,Australia,Masters,"Python, C++","React, Vue",10-Jan,77657
24,Japan,Bachelors,"Rust, Java","Flask, Spring",10-Jan,108115
40,Germany,Bachelors,"Python, Swift","ASP.NET, React",Nov-50,215232
4,USA,PhD,"Rust, PHP","Django, Ruby on Rails",1001-5000,114129
21,Canada,Masters,"Java, PHP","React, Vue",51-200,109223
36,Germany,Masters,"Ruby, C++","Django, Ruby on Rails",10-Jan,167185
5,Canada,Masters,"Rust, C++","Vue, Spring",1001-5000,90813
5,USA,Masters,"PHP, C++","Vue, Django",51-200,108705
0,USA,Bachelors,"Go, Go","Express, Vue",1001-5000,104362
13,USA,Masters,"Java, Ruby","React, ASP.NET",Nov-50,161269
16,Canada,Bachelors,"Ruby, Python","Ruby on Rails, Flask",201-1000,100605
27,France,High School,"C#, PHP","Angular, Django",1001-5000,112432
9,India,Bachelors,"Java, PHP","React, ASP.NET",Nov-50,38416
10,Japan,Masters,"Rust, PHP","Spring, Express",51-200,94010
6,Japan,Some College,"JavaScript, C#","Express, Ruby on Rails",Nov-50,73411
37,USA,Bachelors,"PHP, PHP","Ruby on Rails, Express",Nov-50,220791
19,Singapore,Bachelors,"JavaScript, Python","Django, Flask",10-Jan,121065
13,USA,Bachelors,"Ruby, C#","Django, Flask",1001-5000,121734
11,Canada,Masters,"PHP, Python","React, React",201-1000,118914
28,UK,Masters,"JavaScript, Rust","Spring, Angular",10-Jan,131566
35,France,Bachelors,"Ruby, Rust","Express, Ruby on Rails",1001-5000,176750
10,USA,Masters,"Swift, PHP","Flask, React",Nov-50,136000
1,USA,Bachelors,"PHP, Java","React, Express",10-Jan,95759
3,India,Masters,"C#, Rust","Flask, Laravel",51-200,30493
34,USA,Masters,"JavaScript, Rust","Laravel, ASP.NET",201-1000,181086
17,Germany,Masters,"JavaScript, Swift","Angular, Vue",201-1000,113821
12,USA,Masters,"JavaScript, Swift","Django, Angular",51-200,141731
40,USA,Some College,"Java, Java","Ruby on Rails, Laravel",10-Jan,193210
29,USA,Bachelors,"Python, Java","Flask, React",Nov-50,192005
25,USA,Masters,"Ruby, Java","Express, ASP.NET",5000+,195281
35,Canada,Bachelors,"Rust, Ruby","Angular, ASP.NET",10-Jan,193644
1,Australia,Bachelors,"PHP, JavaScript","Ruby on Rails, Vue",1001-5000,42866
35,France,Bachelors,"Ruby, JavaScript","Spring, Ruby on Rails",201-1000,172898
1,Australia,Masters,"Java, PHP","Django, ASP.NET",51-200,51946
34,Australia,PhD,"Swift, Python","Laravel, Laravel",201-1000,196557
3,France,High School,"Python, Ruby","Vue, Vue",5000+,75575
25,India,Bachelors,"Go, Swift","Express, Vue",1001-5000,107597
22,USA,PhD,"Java, PHP","React, Express",10-Jan,163936
28,USA,Bachelors,"Python, Python","Flask, Laravel",51-200,184311
15,Japan,Bachelors,"Java, Go","React, React",Nov-50,78920
18,Singapore,Bachelors,"Ruby, Java","Spring, Express",201-1000,86248
3,USA,Masters,"PHP, C#","React, Angular",10-Jan,98605
21,USA,Masters,"Python, PHP","Angular, Express",201-1000,192553
10,UK,Bachelors,"Rust, Java","Flask, Vue",5000+,117805
9,UK,Bachelors,"Java, Rust","Flask, Spring",10-Jan,80629
14,Canada,Bachelors,"Python, Java","Spring, Laravel",201-1000,83007
21,USA,Some College,"C++, Python","Spring, Express",10-Jan,153346
37,France,High School,"PHP, Java","Angular, Flask",5000+,170019
24,USA,Masters,"Swift, C++","React, ASP.NET",5000+,172547
25,UK,Bachelors,"C#, PHP","Django, Spring",10-Jan,153517
10,UK,Masters,"Swift, JavaScript","ASP.NET, React",1001-5000,86356
28,USA,Bachelors,"JavaScript, Swift","Spring, Express",Nov-50,199675
12,USA,Bachelors,"PHP, JavaScript","React, Spring",1001-5000,132144
12,France,Masters,"C#, JavaScript","React, Vue",1001-5000,102464
13,USA,Bachelors,"Go, Ruby","Flask, Vue",1001-5000,127423
31,USA,Bachelors,"Rust, C#","ASP.NET, Spring",5000+,178052
36,USA,Masters,"Rust, JavaScript","ASP.NET, React",10-Jan,215321
27,Germany,Bachelors,"Ruby, Java","Flask, React",51-200,140960
4,Canada,Bachelors,"C++, Python","Ruby on Rails, Django",201-1000,67753
8,USA,Some College,"Python, Swift","Angular, Flask",10-Jan,95539
26,USA,Bachelors,"Swift, Rust","Spring, Flask",201-1000,134405
26,Germany,Bachelors,"Java, JavaScript","Flask, Spring",5000+,135080
39,Canada,Masters,"C#, Java","Django, Flask",51-200,170582
11,USA,Bachelors,"Go, C++","Ruby on Rails, Spring",201-1000,130247
20,Canada,Masters,"Ruby, Java","Laravel, Express",10-Jan,129180
23,India,Bachelors,"Go, Java","Spring, Vue",Nov-50,78086
1,France,Masters,"JavaScript, C++","Flask, Spring",1001-5000,70064
39,USA,Masters,"C++, Swift","Flask, Angular",51-200,230419
4,Canada,Masters,"JavaScript, C++","Spring, Ruby on Rails",201-1000,81327
27,UK,Bachelors,"Java, Swift","Express, Spring",5000+,132156
2,India,High School,"Python, Ruby","Express, ASP.NET",1001-5000,22098
22,USA,Masters,"Go, Rust","Django, Spring",10-Jan,185869
36,France,Bachelors,"Ruby, C++","Django, Django",1001-5000,156419
37,Singapore,Bachelors,"Ruby, PHP","Laravel, Spring",5000+,203762
37,UK,Bachelors,"Java, Python","Angular, Flask",10-Jan,178712
30,USA,Bachelors,"Java, C#","Laravel, Express",1001-5000,175942
34,Germany,Bachelors,"C++, Python","React, Flask",Nov-50,155212
7,Germany,Masters,"C#, C++","Vue, Laravel",51-200,103935
0,India,Masters,"Java, Python","Laravel, ASP.NET",201-1000,27337
28,Canada,Bachelors,"Go, JavaScript","Vue, Angular",51-200,166125
40,USA,Bachelors,"JavaScript, JavaScript","React, Spring",5000+,196641
32,Australia,High School,"Java, Swift","Laravel, Django",51-200,148960
10,India,Bachelors,"Java, Ruby","Express, Flask",201-1000,52756
28,USA,Bachelors,"Python, C++","Flask, Laravel",1001-5000,149904
4,USA,High School,"Rust, Rust","Spring, Flask",Nov-50,94425
6,India,Some College,"Swift, Java","Django, React",Nov-50,39195
8,Japan,Some College,"Python, Go","Vue, Django",5000+,81282
3,France,Masters,"Python, Rust","Django, Spring",51-200,64322
33,Japan,Masters,"C++, C#","Ruby on Rails, Laravel",201-1000,141106
30,Australia,Some College,"Java, PHP","Ruby on Rails, Flask",10-Jan,152392
37,Germany,Masters,"C++, Ruby","Django, Ruby on Rails",51-200,207916
31,USA,Bachelors,"C++, Swift","React, Laravel",5000+,233458
14,Australia,Bachelors,"Ruby, Go","Ruby on Rails, Django",10-Jan,85281
6,Australia,Masters,"C#, Rust","Laravel, Express",5000+,99759
37,France,Bachelors,"PHP, Rust","Angular, React",5000+,192206
22,USA,Bachelors,"PHP, C++","ASP.NET, ASP.NET",51-200,128949
15,USA,Masters,"C++, Ruby","Flask, React",1001-5000,129257
2,UK,Bachelors,"PHP, Go","Express, Angular",10-Jan,54942
8,UK,Bachelors,"Go, Go","Express, Laravel",1001-5000,92019
3,UK,Bachelors,"JavaScript, Go","Ruby on Rails, Angular",201-1000,59992
13,Canada,Masters,"Python, Swift","ASP.NET, Spring",Nov-50,123139
19,USA,PhD,"PHP, Java","ASP.NET, Ruby on Rails",Nov-50,154868
4,France,Bachelors,"PHP, Ruby","Laravel, Express",10-Jan,69997
28,USA,Bachelors,"JavaScript, Go","Flask, Ruby on Rails",Nov-50,155662
4,USA,Some College,"Java, Python","Angular, Ruby on Rails",10-Jan,92951
11,USA,Some College,"C++, Ruby","Angular, Flask",51-200,120909
26,USA,Masters,"Java, Swift","Flask, ASP.NET",1001-5000,205493
31,Japan,Masters,"Swift, JavaScript","Angular, React",1001-5000,143811
2,UK,Bachelors,"Ruby, C++","Flask, Flask",1001-5000,60400
39,Canada,Bachelors,"Java, C++","Angular, Django",1001-5000,163573
18,USA,Masters,"Python, JavaScript","Spring, ASP.NET",201-1000,169441
2,Brazil,Bachelors,"JavaScript, Ruby","Express, Ruby on Rails",51-200,65947
20,USA,Masters,"Rust, Rust","Laravel, React",201-1000,178606
10,Japan,Bachelors,"Ruby, Swift","Angular, Spring",201-1000,75410
35,Canada,Masters,"Java, Python","Flask, Django",1001-5000,164744
19,USA,PhD,"Rust, Go","Express, ASP.NET",Nov-50,172058
12,Germany,Masters,"Java, Swift","Ruby on Rails, Angular",10-Jan,123365
23,USA,Bachelors,"Rust, Java","Laravel, Ruby on Rails",5000+,188800
14,USA,Masters,"Java, Swift","React, Ruby on Rails",Nov-50,134683
34,USA,Masters,"C++, C#","Flask, Flask",1001-5000,235769
14,Japan,Bachelors,"Java, Rust","Ruby on Rails, Vue",5000+,90401
34,Singapore,Bachelors,"Rust, Ruby","Laravel, Angular",1001-5000,138568
30,USA,Bachelors,"C++, PHP","Ruby on Rails, Angular",201-1000,168760
24,Canada,Masters,"Ruby, Python","Flask, ASP.NET",51-200,133335
36,USA,Bachelors,"PHP, Rust","React, Vue",10-Jan,186848
19,USA,Bachelors,"Rust, Swift","Laravel, Flask",201-1000,168083
35,Australia,Bachelors,"Java, C#","Vue, Angular",10-Jan,182781
22,Canada,PhD,"Swift, PHP","Express, Django",5000+,153494
31,Australia,Masters,"Go, JavaScript","Angular, ASP.NET",5000+,165217
6,USA,Masters,"JavaScript, Ruby","Angular, Laravel",10-Jan,126142
8,Japan,Bachelors,"Rust, JavaScript","Angular, ASP.NET",5000+,76189
39,Australia,Bachelors,"Go, Python","Vue, Angular",201-1000,134892
15,USA,Masters,"C++, Python","Express, ASP.NET",10-Jan,116158
29,Canada,Masters,"Go, C#","Ruby on Rails, Angular",51-200,137509
28,Canada,Some College,"Ruby, PHP","Flask, ASP.NET",51-200,115734
12,Germany,Bachelors,"PHP, Go","Laravel, Spring",5000+,132236
34,India,Some College,"C++, Rust","Vue, Spring",51-200,102914
33,Germany,Bachelors,"C#, Swift","Spring, Ruby on Rails",51-200,130862
25,Canada,Masters,"Rust, Go","Django, Laravel",10-Jan,134873
3,Australia,Masters,"C++, Java","Django, Flask",201-1000,63080
4,USA,Bachelors,"Python, Go","Angular, React",1001-5000,86106
15,Canada,Bachelors,"Java, JavaScript","React, Ruby on Rails",5000+,130525
17,USA,Some College,"C++, C#","ASP.NET, Vue",10-Jan,137611
5,Canada,Bachelors,"Swift, Ruby","ASP.NET, Vue",Nov-50,77200
32,USA,Bachelors,"Ruby, Python","Django, Laravel",5000+,185798
37,Germany,Bachelors,"Java, Java","Express, Django",51-200,159271
3,Japan,Bachelors,"C#, Go","Angular, ASP.NET",10-Jan,59870
18,India,High School,"Java, PHP","Django, Angular",51-200,72091
33,USA,High School,"Go, Swift","Spring, Angular",Nov-50,202527
21,Germany,Masters,"Swift, C#","Spring, ASP.NET",51-200,137920
24,USA,Some College,"Java, Swift","ASP.NET, Express",1001-5000,133960
10,India,High School,"C#, C++","Django, React",5000+,59670
35,Germany,Masters,"Go, C#","ASP.NET, ASP.NET",201-1000,176004
9,USA,Masters,"C#, Python","Vue, React",51-200,120410
32,USA,Bachelors,"C#, PHP","Ruby on Rails, Vue",1001-5000,219753
5,Australia,Bachelors,"Swift, Java","Express, Vue",1001-5000,75904
0,India,Bachelors,"Swift, Go","Express, Laravel",10-Jan,13418
31,France,Bachelors,"PHP, PHP","Vue, Express",201-1000,167961
22,USA,Bachelors,"Python, Python","Ruby on Rails, Angular",1001-5000,160445
10,USA,High School,"Java, JavaScript","React, Laravel",Nov-50,104546
21,Canada,Bachelors,"JavaScript, C++","Django, Django",Nov-50,120515
29,USA,Some College,"Python, Go","React, ASP.NET",Nov-50,190694
27,India,Bachelors,"Swift, PHP","Laravel, Ruby on Rails",Nov-50,98415
8,USA,Some College,"PHP, Ruby","Angular, Laravel",1001-5000,111279
27,France,Masters,"C#, JavaScript","Angular, Spring",201-1000,146659
22,Japan,Bachelors,"Rust, Rust","Flask, Laravel",51-200,111389
30,USA,Bachelors,"Go, Rust","Spring, Angular",5000+,166112
11,Germany,Bachelors,"Swift, Python","Flask, React",51-200,84424
34,India,Bachelors,"Java, PHP","ASP.NET, Vue",201-1000,138674
29,UK,High School,"Swift, Swift","Spring, Express",5000+,163948
9,USA,Bachelors,"PHP, Python","Flask, Express",10-Jan,101964
22,India,Bachelors,"JavaScript, Swift","Flask, ASP.NET",1001-5000,80752
0,Australia,Masters,"Ruby, PHP","Ruby on Rails, Django",51-200,48310
18,USA,Masters,"Go, PHP","Spring, Flask",1001-5000,141828
32,Australia,Some College,"JavaScript, Java","Angular, ASP.NET",51-200,170608
40,Germany,Bachelors,"PHP, PHP","Express, React",10-Jan,158879
20,Japan,Masters,"Python, PHP","Express, Ruby on Rails",201-1000,127219
14,Germany,Masters,"PHP, Python","Spring, Flask",51-200,115166
18,USA,Masters,"C#, Java","Django, ASP.NET",10-Jan,181154
32,USA,Bachelors,"PHP, PHP","Express, Angular",51-200,222759
33,USA,Bachelors,"Go, Rust","ASP.NET, Angular",1001-5000,176156
17,USA,Masters,"Java, Go","Vue, ASP.NET",201-1000,160771
24,USA,Bachelors,"Ruby, Swift","ASP.NET, Laravel",51-200,152117
10,UK,Bachelors,"Java, Go","React, React",10-Jan,76292
36,India,Some College,"Swift, Rust","Django, Flask",1001-5000,144828
23,France,Bachelors,"Python, C++","Flask, Vue",51-200,104940
26,Japan,PhD,"C#, Swift","Laravel, React",201-1000,125412
1,Brazil,Masters,"Python, Swift","Express, React",Nov-50,71440
23,Canada,Masters,"Swift, PHP","Django, Laravel",Nov-50,128238
25,UK,Bachelors,"Ruby, Swift","Flask, Django",5000+,148775
30,USA,Bachelors,"JavaScript, PHP","Spring, ASP.NET",5000+,199076
40,France,Bachelors,"Python, Swift","Vue, Laravel",5000+,187751
21,UK,Bachelors,"Python, Rust","Spring, ASP.NET",51-200,103039
40,USA,Masters,"Rust, Swift","React, Spring",10-Jan,207835
37,USA,Some College,"JavaScript, Ruby","Ruby on Rails, Ruby on Rails",1001-5000,161650
30,India,Masters,"Go, Python","Angular, Django",51-200,134577
29,India,Bachelors,"Java, C#","React, Angular",10-Jan,121236
10,UK,Bachelors,"Swift, Ruby","Vue, React",1001-5000,89070
15,India,Bachelors,"Swift, C#","React, Django",1001-5000,62525
5,Australia,Bachelors,"PHP, JavaScript","Express, Laravel",Nov-50,76238
16,France,Bachelors,"JavaScript, Ruby","Angular, Angular",201-1000,108055
13,Australia,Bachelors,"JavaScript, Java","Vue, Vue",10-Jan,73943
30,Germany,Masters,"Rust, C++","Django, Django",51-200,156561
19,Australia,Bachelors,"Ruby, Go","React, Flask",1001-5000,86503
26,France,Bachelors,"Python, Ruby","Vue, Vue",10-Jan,144298
34,India,Masters,"Go, JavaScript","Angular, Spring",Nov-50,144796
39,UK,Bachelors,"Python, Swift","React, Ruby on Rails",Nov-50,147529
23,USA,Bachelors,"Go, Java","ASP.NET, Angular",201-1000,132429
18,Australia,Bachelors,"JavaScript, C++","ASP.NET, Express",Nov-50,86000
9,USA,Masters,"C#, Python","Vue, Django",51-200,104890
17,Germany,PhD,"PHP, C#","Spring, Laravel",10-Jan,118679
13,USA,Bachelors,"Ruby, Swift","React, Vue",1001-5000,108069
39,India,Masters,"Swift, PHP","Ruby on Rails, Express",Nov-50,120647
4,USA,Masters,"C++, Java","Ruby on Rails, Ruby on Rails",10-Jan,93107
21,USA,Masters,"PHP, Ruby","Express, ASP.NET",Nov-50,185757
27,Canada,Bachelors,"Java, C#","Vue, Spring",5000+,127566
6,USA,Bachelors,"C#, Java","Ruby on Rails, ASP.NET",5000+,112504
4,USA,Bachelors,"Go, JavaScript","Ruby on Rails, Laravel",1001-5000,82163
9,France,Masters,"Swift, C++","Express, Express",201-1000,69635
37,USA,Masters,"C#, Java","Ruby on Rails, Django",201-1000,220033
34,Brazil,Bachelors,"Swift, Java","Vue, Angular",5000+,151769
33,USA,Masters,"Java, Rust","Django, Vue",10-Jan,212522
31,Germany,Bachelors,"PHP, Go","Angular, Vue",10-Jan,155965
6,Germany,Masters,"PHP, Ruby","Flask, Spring",10-Jan,102470
24,USA,Bachelors,"Swift, Swift","Flask, Ruby on Rails",1001-5000,147489
34,Germany,Masters,"Swift, Python","Flask, Angular",10-Jan,153723
39,India,Some College,"PHP, JavaScript","Vue, Angular",201-1000,107159
27,France,Masters,"C++, JavaScript","React, Angular",201-1000,149356
6,India,Bachelors,"Swift, Go","Express, Ruby on Rails",51-200,38659
15,USA,Bachelors,"Rust, C#","ASP.NET, Spring",10-Jan,127035
22,USA,Bachelors,"C#, Rust","Laravel, Django",10-Jan,144342
20,UK,Bachelors,"Ruby, C#","Flask, Angular",10-Jan,121943
25,Canada,Bachelors,"Go, PHP","Vue, Angular",Nov-50,114483
13,USA,Masters,"Java, C++","Vue, Vue",1001-5000,124098
20,USA,Masters,"C++, Rust","Angular, Spring",Nov-50,142688
37,UK,PhD,"Python, Ruby","ASP.NET, Django",5000+,175502
7,Canada,Bachelors,"Go, Java","ASP.NET, Vue",1001-5000,83051
25,Australia,Masters,"C#, Python","Ruby on Rails, Angular",Nov-50,133093
26,USA,Some College,"Go, Swift","Spring, Express",1001-5000,144909
38,USA,Bachelors,"Java, JavaScript","Laravel, React",51-200,183563
25,USA,Bachelors,"C#, C++","Angular, Flask",5000+,151375
24,USA,Bachelors,"PHP, Go","ASP.NET, Ruby on Rails",Nov-50,150527
32,Germany,Bachelors,"Rust, Ruby","ASP.NET, Ruby on Rails",5000+,136854
26,USA,Masters,"Ruby, Swift","Laravel, Angular",51-200,189287
12,USA,Masters,"C#, Swift","Laravel, Ruby on Rails",Nov-50,137954
7,Australia,Bachelors,"Rust, C#","Express, Laravel",Nov-50,71510
23,USA,Bachelors,"Java, Ruby","Flask, Flask",1001-5000,146988
21,Brazil,Some College,"Java, Python","ASP.NET, Angular",10-Jan,115102
12,Germany,Masters,"C++, Go","Laravel, Django",10-Jan,110278
26,USA,Masters,"Go, Swift","React, Spring",1001-5000,200697
32,Germany,Masters,"Ruby, Ruby","Vue, Flask",201-1000,139753
13,Japan,Masters,"Go, Python","React, Vue",10-Jan,97899
39,France,Bachelors,"C#, Go","Laravel, Laravel",10-Jan,137597
24,Canada,Masters,"Swift, Go","Spring, Vue",51-200,158091
4,UK,Bachelors,"C++, Go","Angular, ASP.NET",Nov-50,62708
6,India,High School,"C++, C++","Spring, ASP.NET",51-200,28759
22,USA,PhD,"Python, JavaScript","Express, Laravel",201-1000,197775
24,Australia,High School,"JavaScript, Go","Ruby on Rails, Spring",10-Jan,145963
29,India,Bachelors,"PHP, Swift","Django, Django",Nov-50,88325
9,USA,Bachelors,"C++, Ruby","Django, Flask",5000+,140256
4,India,Bachelors,"C#, JavaScript","Laravel, Express",10-Jan,22537
29,UK,Masters,"PHP, Swift","Flask, Express",51-200,136663
32,Japan,Bachelors,"JavaScript, Java","Flask, Angular",Nov-50,122730
35,Australia,Masters,"Ruby, Go","Flask, Laravel",5000+,174769
4,Canada,Masters,"Go, Java","Angular, Express",5000+,111378
32,India,Masters,"Python, Go","Spring, Angular",5000+,126760
40,India,Masters,"JavaScript, Go","Ruby on Rails, Express",Nov-50,161388
33,USA,Bachelors,"Rust, Java","Django, ASP.NET",10-Jan,205735
26,USA,Masters,"JavaScript, C#","Vue, Django",1001-5000,213414
23,India,Bachelors,"Rust, Python","ASP.NET, Express",51-200,69351
33,France,Masters,"Java, PHP","Express, Django",201-1000,153136
10,Canada,High School,"PHP, C++","Flask, Flask",51-200,85006
19,UK,Bachelors,"PHP, Rust","Express, Express",201-1000,112560
17,Canada,Masters,"PHP, Rust","Vue, React",10-Jan,127908
39,USA,Bachelors,"Rust, C++","Spring, Ruby on Rails",201-1000,182188
37,Australia,Masters,"PHP, Python","Laravel, Angular",Nov-50,151475
6,India,Masters,"Python, Go","React, Django",201-1000,45797
22,USA,High School,"C#, Go","Angular, Express",1001-5000,144358
4,Australia,Masters,"C++, JavaScript","Laravel, Angular",Nov-50,74577
37,USA,Bachelors,"Rust, PHP","Flask, Vue",Nov-50,187973
3,Germany,Bachelors,"Rust, PHP","Spring, Laravel",10-Jan,71684
4,Australia,Masters,"Rust, Ruby","Django, Spring",5000+,92555
1,Brazil,Bachelors,"C#, Ruby","Vue, Angular",1001-5000,60147
31,USA,Bachelors,"Java, PHP","Ruby on Rails, Spring",10-Jan,177420
25,USA,Masters,"Ruby, Go","Django, Flask",51-200,187256
21,UK,Bachelors,"Go, Swift","React, Django",201-1000,134854
36,India,Bachelors,"Go, Java","Ruby on Rails, Laravel",1001-5000,98839
16,USA,Bachelors,"Swift, C#","React, Laravel",Nov-50,154425
18,Brazil,Bachelors,"Go, JavaScript","Ruby on Rails, Spring",1001-5000,119537
4,USA,Bachelors,"PHP, PHP","Ruby on Rails, Laravel",51-200,111695
14,USA,Bachelors,"Ruby, Java","ASP.NET, Ruby on Rails",5000+,146252
25,France,Masters,"Python, Rust","Angular, Flask",1001-5000,133966
31,USA,Masters,"C#, Rust","Angular, Vue",201-1000,200918
37,Canada,Masters,"Ruby, Java","Angular, Flask",201-1000,176719
14,USA,Masters,"Rust, Go","Flask, Ruby on Rails",51-200,147315
31,France,Bachelors,"JavaScript, C++","ASP.NET, Express",5000+,136187
0,Japan,Bachelors,"C#, Python","Flask, Ruby on Rails",51-200,56393
32,India,Some College,"Java, C++","Vue, Ruby on Rails",Nov-50,121146
28,USA,Masters,"Java, Rust","Ruby on Rails, Express",51-200,185040
34,Japan,Some College,"Go, Ruby","Django, Ruby on Rails",51-200,162527
19,USA,Bachelors,"JavaScript, Python","React, Spring",201-1000,143855
26,USA,Bachelors,"Go, Python","Laravel, Vue",201-1000,146191
18,Brazil,Bachelors,"Swift, Java","Ruby on Rails, ASP.NET",Nov-50,120845
13,Germany,Bachelors,"JavaScript, C++","Express, React",51-200,83915
2,Australia,Some College,"Java, Java","React, Angular",10-Jan,49508
8,Germany,Bachelors,"Python, Swift","Express, Laravel",1001-5000,91033
15,USA,High School,"Swift, Java","Django, Vue",Nov-50,132916
40,USA,Bachelors,"Go, Java","Laravel, React",Nov-50,228429
22,USA,Bachelors,"C++, PHP","ASP.NET, Spring",51-200,142850
19,India,Masters,"Rust, Rust","ASP.NET, React",1001-5000,68399
9,USA,Bachelors,"Python, Rust","ASP.NET, Flask",10-Jan,128274
8,France,Masters,"Ruby, Python","ASP.NET, Ruby on Rails",5000+,98013
30,USA,PhD,"Rust, Go","Angular, Flask",10-Jan,179479
16,France,Masters,"C++, Python","React, Laravel",Nov-50,118286
5,USA,Bachelors,"Swift, PHP","React, Flask",1001-5000,122607
7,USA,Some College,"PHP, Swift","Laravel, Flask",5000+,145283
28,Japan,Bachelors,"PHP, Python","Flask, React",5000+,152511
30,UK,Bachelors,"JavaScript, C++","Vue, Ruby on Rails",5000+,150759
23,Canada,Bachelors,"Python, PHP","Spring, Ruby on Rails",10-Jan,113708
15,USA,Masters,"JavaScript, JavaScript","Flask, Flask",5000+,138204
5,USA,Some College,"Python, C++","React, Laravel",10-Jan,118091
5,India,Masters,"C++, C#","Angular, ASP.NET",201-1000,37608
23,USA,Bachelors,"Go, Go","Vue, Angular",201-1000,179711
21,Canada,PhD,"PHP, Go","Ruby on Rails, React",1001-5000,158132
30,USA,Bachelors,"Rust, Swift","Vue, Ruby on Rails",51-200,184515
40,USA,Bachelors,"Python, Go","Vue, Express",1001-5000,179255
37,USA,Bachelors,"JavaScript, Swift","Ruby on Rails, Ruby on Rails",1001-5000,227042
29,France,Masters,"Python, C#","Django, Flask",51-200,161723
36,Japan,Some College,"PHP, Swift","Laravel, Angular",10-Jan,137915
1,UK,Bachelors,"Swift, Ruby","ASP.NET, Spring",51-200,55555
26,Japan,Bachelors,"Rust, PHP","Ruby on Rails, React",Nov-50,112238
13,Germany,Bachelors,"Rust, Python","Flask, Express",51-200,102552
34,Germany,Masters,"Python, Ruby","Angular, Express",51-200,187318
7,Germany,Some College,"Go, Python","ASP.NET, ASP.NET",5000+,78585
3,Australia,Masters,"PHP, PHP","Django, ASP.NET",10-Jan,58005
25,USA,Some College,"Rust, Java","Angular, Django",51-200,185454
17,USA,Some College,"PHP, Rust","Angular, React",1001-5000,141260
7,France,Bachelors,"Java, Rust","Vue, ASP.NET",201-1000,71226
15,UK,Some College,"Go, C#","Angular, Laravel",51-200,118586
22,Canada,Masters,"Java, PHP","Spring, Laravel",Nov-50,157737
10,France,Bachelors,"C#, Ruby","Ruby on Rails, Vue",51-200,84544
37,USA,Bachelors,"JavaScript, Rust","Vue, Flask",51-200,176187
26,USA,Bachelors,"Swift, Ruby","Vue, React",51-200,162088
35,USA,Masters,"Go, Java","Angular, Ruby on Rails",Nov-50,183875
24,France,Bachelors,"JavaScript, JavaScript","Django, Angular",10-Jan,135395
21,Australia,Masters,"Swift, Go","React, Express",Nov-50,101029
18,Canada,Bachelors,"Ruby, C#","Ruby on Rails, Vue",1001-5000,109419
39,USA,Masters,"Python, Ruby","Ruby on Rails, Flask",10-Jan,197112
37,Canada,Bachelors,"Java, Swift","Ruby on Rails, Flask",201-1000,190702
14,USA,Bachelors,"JavaScript, Swift","React, Angular",1001-5000,136782
17,USA,Some College,"C#, Ruby","Angular, Flask",Nov-50,163119
8,Brazil,Masters,"Ruby, C++","ASP.NET, Flask",201-1000,71689
1,USA,Bachelors,"JavaScript, C#","Ruby on Rails, Django",1001-5000,90167
26,Japan,Bachelors,"C#, C#","Laravel, ASP.NET",51-200,148004
15,Japan,Masters,"Ruby, Java","Spring, ASP.NET",Nov-50,122966
19,India,Bachelors,"Java, Go","Ruby on Rails, Vue",Nov-50,79188
11,USA,Masters,"Go, Rust","Spring, Vue",201-1000,122005
17,Australia,Masters,"PHP, PHP","Ruby on Rails, React",5000+,142354
35,UK,Bachelors,"Java, Rust","Laravel, ASP.NET",Nov-50,172142
13,UK,High School,"PHP, Swift","Ruby on Rails, Laravel",10-Jan,111823
0,Australia,Bachelors,"JavaScript, Python","Angular, Django",10-Jan,55589
8,UK,Bachelors,"Go, Python","Spring, Spring",Nov-50,88726
20,UK,Masters,"Ruby, Go","Flask, Laravel",5000+,148924
11,Japan,Bachelors,"Swift, JavaScript","Django, ASP.NET",51-200,90870
16,Germany,Bachelors,"PHP, Python","Angular, Express",5000+,146480
27,USA,Bachelors,"C#, Swift","Spring, Vue",10-Jan,147415
8,USA,Bachelors,"C#, Python","Laravel, Django",Nov-50,93837
17,India,Bachelors,"PHP, Python","Express, Vue",10-Jan,75377
26,Australia,PhD,"Ruby, Swift","Django, Django",201-1000,164977
30,USA,Masters,"PHP, PHP","React, Ruby on Rails",201-1000,165873
16,USA,Bachelors,"Rust, PHP","Angular, Flask",10-Jan,164977
14,UK,Bachelors,"Java, Python","Angular, ASP.NET",Nov-50,122236
27,USA,PhD,"PHP, Python","Express, Vue",5000+,207523
3,UK,Masters,"Swift, C++","Spring, Spring",1001-5000,83918
15,Germany,Bachelors,"Go, C#","Spring, Vue",51-200,102581
32,India,Some College,"C#, Ruby","Django, React",Nov-50,119668
35,Canada,Bachelors,"Java, Python","Django, Angular",Nov-50,165836
24,USA,Bachelors,"Go, C++","Django, Angular",5000+,172439
31,India,High School,"Go, Rust","Laravel, Ruby on Rails",Nov-50,114504
35,Brazil,Masters,"PHP, Go","Express, ASP.NET",5000+,154695
7,USA,Bachelors,"Go, C++","Express, Express",10-Jan,94415
32,USA,Masters,"Python, Ruby","ASP.NET, Vue",51-200,219347
36,USA,Masters,"Python, C#","Ruby on Rails, Angular",201-1000,229239
11,USA,Bachelors,"Rust, PHP","Laravel, Laravel",1001-5000,106227
10,USA,Bachelors,"PHP, Ruby","Express, Express",Nov-50,131292
28,USA,PhD,"PHP, Rust","Laravel, React",201-1000,222626
24,India,Some College,"PHP, Java","Flask, Vue",Nov-50,96524
7,India,Bachelors,"Swift, JavaScript","ASP.NET, Spring",5000+,44279
25,USA,Bachelors,"Ruby, Ruby","Laravel, Angular",Nov-50,180249
20,India,Some College,"C++, Python","Laravel, Angular",Nov-50,87745
16,India,Some College,"Rust, Go","Express, React",Nov-50,56593
31,USA,Masters,"C#, Python","React, Django",Nov-50,172919
4,Canada,Masters,"Java, Go","Ruby on Rails, React",Nov-50,90141
9,USA,Bachelors,"Go, Rust","Spring, Laravel",10-Jan,126325
8,France,Masters,"Swift, JavaScript","Spring, Ruby on Rails",Nov-50,69147
36,Germany,Masters,"Ruby, C#","Express, ASP.NET",5000+,213534
25,India,Masters,"C++, C#","Vue, React",51-200,86643
13,Brazil,Bachelors,"C++, JavaScript","Ruby on Rails, Angular",5000+,121767
6,USA,Bachelors,"PHP, Swift","React, Spring",1001-5000,110226
3,USA,Bachelors,"C++, JavaScript","Spring, Express",51-200,95407
33,USA,PhD,"Ruby, JavaScript","Laravel, Laravel",201-1000,174790
12,India,Masters,"Python, Python","Laravel, Spring",10-Jan,70899
20,UK,Some College,"Go, C++","Laravel, Express",51-200,100885
21,USA,Bachelors,"PHP, C#","Laravel, Angular",10-Jan,130880
15,USA,Bachelors,"Rust, C#","React, ASP.NET",1001-5000,153560
6,USA,Bachelors,"Java, Java","Express, Angular",5000+,100884
5,Japan,Bachelors,"C#, Go","Spring, React",1001-5000,54385
18,USA,Masters,"Ruby, Rust","Spring, Ruby on Rails",1001-5000,146941
0,USA,Bachelors,"Go, PHP","Angular, Laravel",1001-5000,77412
22,USA,Bachelors,"C#, C++","Angular, Angular",Nov-50,167245
29,USA,Bachelors,"C++, C++","React, Django",Nov-50,156915
10,USA,Masters,"Go, Python","Spring, React",51-200,130343
33,Germany,Masters,"Rust, Go","Vue, Ruby on Rails",201-1000,143916
18,Japan,Masters,"C#, PHP","Django, Spring",10-Jan,103782
22,Singapore,Masters,"C#, PHP","Flask, ASP.NET",10-Jan,109472
38,UK,Bachelors,"JavaScript, Go","Laravel, Django",10-Jan,171270
20,Brazil,Masters,"C++, C++","Angular, Spring",5000+,143615
23,USA,Masters,"Java, Java","Ruby on Rails, Express",1001-5000,184718
34,Singapore,Bachelors,"C++, Swift","Express, Laravel",201-1000,123376
8,USA,Bachelors,"Ruby, Swift","Django, React",5000+,144499
1,USA,Masters,"C#, C++","Spring, Django",1001-5000,117894
26,Australia,Bachelors,"Ruby, JavaScript","Ruby on Rails, Vue",Nov-50,138457
28,Germany,Bachelors,"Ruby, Rust","Vue, Laravel",201-1000,165840
3,USA,Masters,"JavaScript, Go","ASP.NET, Flask",5000+,114122
29,Germany,Bachelors,"Java, Swift","ASP.NET, Vue",1001-5000,164708
18,USA,Masters,"JavaScript, Ruby","React, Django",1001-5000,163217
15,UK,Masters,"C#, Rust","Django, ASP.NET",51-200,124388
21,USA,Masters,"C++, C#","Flask, Express",201-1000,180315
40,India,Bachelors,"Swift, Rust","Vue, React",51-200,124997
33,USA,High School,"C#, PHP","Laravel, Flask",Nov-50,179268
14,USA,Masters,"Python, Rust","Ruby on Rails, ASP.NET",5000+,137782
36,Germany,Bachelors,"JavaScript, PHP","Vue, Angular",5000+,177042
33,USA,Bachelors,"Python, Rust","Angular, Ruby on Rails",201-1000,151520
7,UK,Bachelors,"JavaScript, JavaScript","Django, Ruby on Rails",5000+,91135
15,Singapore,Bachelors,"Swift, PHP","Angular, Laravel",Nov-50,103591
5,USA,Masters,"Swift, PHP","React, Flask",5000+,126637
20,Australia,Masters,"C++, Python","Flask, Angular",Nov-50,130597
22,USA,PhD,"Go, Swift","Django, ASP.NET",10-Jan,152564
40,USA,Bachelors,"Swift, Go","Flask, Flask",10-Jan,248747
38,Germany,PhD,"C++, Rust","Laravel, React",1001-5000,188474
32,USA,Masters,"Python, PHP","ASP.NET, ASP.NET",10-Jan,222128
32,UK,Masters,"C++, C#","Laravel, Laravel",1001-5000,156259
1,USA,High School,"Swift, C++","Ruby on Rails, Laravel",1001-5000,80621
22,Singapore,Bachelors,"Ruby, Swift","ASP.NET, Spring",1001-5000,102142
28,Germany,Some College,"JavaScript, JavaScript","Ruby on Rails, Django",51-200,122272
20,Canada,Bachelors,"Rust, C#","Vue, Ruby on Rails",1001-5000,131161
34,UK,Bachelors,"Rust, C++","Laravel, ASP.NET",10-Jan,132665
31,Germany,Bachelors,"Java, Rust","Django, Django",51-200,169183
23,USA,Masters,"Swift, Ruby","Ruby on Rails, Angular",1001-5000,165244
12,India,Masters,"C++, Swift","Ruby on Rails, Express",1001-5000,51039
27,USA,Some College,"Python, Python","Vue, Laravel",1001-5000,185526
21,Canada,Masters,"Java, JavaScript","Angular, React",51-200,138765
1,Canada,Bachelors,"Python, PHP","ASP.NET, ASP.NET",5000+,76952
36,Australia,Bachelors,"Swift, C#","Spring, ASP.NET",201-1000,158432
38,UK,Masters,"Python, Swift","Ruby on Rails, Spring",10-Jan,165905
40,UK,Bachelors,"Swift, Rust","Ruby on Rails, Vue",10-Jan,196627
35,Germany,Masters,"Java, Python","Ruby on Rails, Angular",201-1000,182816
14,Australia,Bachelors,"Go, C#","ASP.NET, ASP.NET",1001-5000,83029
2,USA,Masters,"Java, Ruby","ASP.NET, Laravel",201-1000,109117
29,USA,Bachelors,"C#, Ruby","Express, Express",51-200,149811
13,Singapore,High School,"Swift, Swift","ASP.NET, Ruby on Rails",5000+,116466
5,Brazil,Masters,"JavaScript, C++","Django, React",51-200,70980
35,Japan,Some College,"JavaScript, C#","Angular, Spring",10-Jan,141518
40,USA,Masters,"Swift, Rust","Laravel, React",51-200,225288
8,USA,Bachelors,"C++, C#","Spring, Laravel",51-200,126027
9,Australia,Masters,"Java, PHP","Laravel, Flask",1001-5000,91289
4,France,Bachelors,"Go, Python","ASP.NET, React",5000+,76532
13,India,PhD,"C++, C++","React, React",51-200,64282
26,USA,Bachelors,"C#, Go","Ruby on Rails, Ruby on Rails",Nov-50,144275
7,India,Bachelors,"Python, C#","Django, Django",51-200,35110
29,Canada,Bachelors,"PHP, Swift","Express, Laravel",51-200,125360
11,USA,Masters,"Swift, Rust","Spring, ASP.NET",Nov-50,113532
32,Singapore,Some College,"C++, C#","Flask, Laravel",Nov-50,173273
15,USA,Some College,"Rust, Ruby","Angular, Flask",51-200,125612
35,Singapore,Bachelors,"Ruby, PHP","ASP.NET, Spring",Nov-50,172531
3,India,Masters,"Swift, Java","Angular, Ruby on Rails",1001-5000,28085
28,UK,Bachelors,"C#, PHP","Express, Express",51-200,116638
15,Japan,Bachelors,"Python, C#","React, Flask",1001-5000,101103
39,UK,Bachelors,"Ruby, C#","Angular, Laravel",51-200,142043
38,UK,Bachelors,"Go, C++","Laravel, Flask",10-Jan,162485
9,France,Masters,"Go, PHP","Laravel, ASP.NET",10-Jan,87055
16,India,Masters,"Go, Swift","Express, Laravel",51-200,78347
18,India,Masters,"JavaScript, Ruby","Ruby on Rails, Flask",10-Jan,86288
17,Canada,PhD,"Java, Ruby","Flask, Ruby on Rails",51-200,142122
18,USA,Bachelors,"Swift, Ruby","Ruby on Rails, Django",5000+,175284
26,Australia,Masters,"Rust, Ruby","Laravel, Flask",Nov-50,121598
16,USA,Masters,"Go, C#","React, React",201-1000,128736
40,Germany,Bachelors,"Go, Python","Django, Laravel",201-1000,161689
33,USA,Bachelors,"Rust, PHP","React, Django",10-Jan,193203
6,Brazil,Some College,"Python, JavaScript","Laravel, Vue",51-200,69514
35,UK,Bachelors,"Ruby, Rust","Laravel, Spring",5000+,161434
6,USA,Masters,"C#, PHP","Spring, Spring",10-Jan,97526
19,USA,High School,"Java, Ruby","React, Laravel",201-1000,160106
8,Singapore,Bachelors,"C++, Rust","Laravel, Laravel",201-1000,85567
30,USA,Masters,"PHP, Python","Vue, Ruby on Rails",201-1000,172619
23,USA,High School,"Go, JavaScript","Vue, Ruby on Rails",10-Jan,185613
40,UK,Bachelors,"Ruby, JavaScript","ASP.NET, Django",5000+,206167
32,UK,Bachelors,"Python, PHP","Express, Spring",10-Jan,144175
8,USA,Masters,"Python, Python","ASP.NET, ASP.NET",51-200,100058
32,USA,Bachelors,"Ruby, Go","Laravel, React",1001-5000,150338
10,USA,High School,"Swift, C++","Laravel, Ruby on Rails",1001-5000,116652
7,Germany,Bachelors,"Swift, Rust","Ruby on Rails, Laravel",51-200,71788
28,Germany,Bachelors,"Python, Java","Laravel, Ruby on Rails",51-200,166916
40,Canada,Bachelors,"Swift, JavaScript","ASP.NET, Vue",10-Jan,186365
20,USA,PhD,"Go, PHP","Angular, ASP.NET",1001-5000,137476
31,Canada,Bachelors,"Swift, C++","Express, Vue",10-Jan,169014
15,Germany,Masters,"Rust, Swift","ASP.NET, React",51-200,100926
4,Canada,Masters,"Java, Java","Ruby on Rails, Django",51-200,84581
14,Canada,Some College,"C#, C#","Laravel, Vue",51-200,85978
9,USA,Masters,"PHP, Go","Laravel, Vue",Nov-50,117172
32,USA,High School,"C#, Java","Spring, Laravel",51-200,208580
0,Canada,Masters,"Ruby, Go","Laravel, ASP.NET",1001-5000,78975
6,UK,Bachelors,"C#, Java","Django, Django",51-200,93047
25,France,Bachelors,"C++, Swift","React, Ruby on Rails",Nov-50,132457
1,UK,Masters,"Rust, Java","Django, Angular",10-Jan,70526
22,India,Masters,"Java, JavaScript","Ruby on Rails, Ruby on Rails",10-Jan,105894
39,USA,High School,"C#, C++","React, Express",10-Jan,198107
3,UK,Masters,"Java, JavaScript","Spring, React",5000+,100033
4,USA,Bachelors,"C#, Ruby","Django, Django",Nov-50,98967
17,Germany,Masters,"JavaScript, Rust","Ruby on Rails, Flask",10-Jan,121914
32,Australia,Masters,"JavaScript, JavaScript","ASP.NET, Vue",5000+,190034
4,USA,Masters,"Java, JavaScript","Spring, Spring",Nov-50,121777
31,USA,Bachelors,"PHP, Rust","Angular, Angular",1001-5000,203564
39,USA,High School,"C#, JavaScript","ASP.NET, Laravel",Nov-50,202289
23,UK,Some College,"Python, C#","Ruby on Rails, Spring",Nov-50,135506
9,USA,Masters,"Java, Swift","ASP.NET, Django",51-200,151192
21,USA,Masters,"PHP, JavaScript","Angular, React",201-1000,152504
17,UK,Some College,"Swift, Rust","Django, Express",1001-5000,103691
10,India,Bachelors,"PHP, Python","Spring, Express",5000+,50969
29,USA,Masters,"Go, Swift","Django, Flask",5000+,163687
23,USA,High School,"Rust, Rust","ASP.NET, Spring",201-1000,190395
17,Singapore,Bachelors,"Swift, Java","Laravel, Express",10-Jan,96527
22,Canada,Some College,"Ruby, PHP","Django, Ruby on Rails",1001-5000,145257
0,Japan,Bachelors,"C#, Ruby","ASP.NET, React",10-Jan,50982
14,USA,Bachelors,"Rust, C#","React, ASP.NET",51-200,146651
18,Canada,Some College,"Python, Ruby","Spring, Express",Nov-50,98854
19,Canada,Bachelors,"PHP, Python","Ruby on Rails, Django",Nov-50,112871
36,Australia,Some College,"Java, Python","Vue, Laravel",10-Jan,154346
40,Canada,Masters,"C++, Ruby","Laravel, Vue",1001-5000,162564
9,USA,Masters,"Python, JavaScript","React, ASP.NET",201-1000,108910
6,Singapore,Bachelors,"Java, Python","Express, Vue",51-200,76264
16,USA,Bachelors,"Python, PHP","React, ASP.NET",5000+,132620
32,India,Bachelors,"Ruby, Swift","Angular, ASP.NET",51-200,121611
38,Germany,Some College,"Swift, C++","ASP.NET, Spring",51-200,174349
26,Japan,Masters,"PHP, Python","Flask, Spring",51-200,157934
9,USA,Masters,"Swift, C#","Flask, Laravel",10-Jan,122046
33,France,Bachelors,"PHP, C++","Express, Django",10-Jan,160988
26,USA,Bachelors,"Go, JavaScript","ASP.NET, ASP.NET",1001-5000,192215
36,Germany,Masters,"C#, Swift","ASP.NET, Spring",10-Jan,163872
33,USA,PhD,"PHP, C#","Angular, Flask",Nov-50,248638
8,USA,Bachelors,"Java, JavaScript","Ruby on Rails, Express",201-1000,131848
1,India,Bachelors,"Rust, Rust","Ruby on Rails, Ruby on Rails",201-1000,17903
18,France,Masters,"Java, Go","Ruby on Rails, React",Nov-50,123134
22,India,Bachelors,"C++, Java","Flask, Flask",1001-5000,77834
40,UK,Masters,"PHP, Go","React, Spring",10-Jan,156594
17,USA,Bachelors,"Rust, Go","Angular, Angular",Nov-50,142031
40,Germany,Bachelors,"Rust, Ruby","Flask, Laravel",5000+,213693
5,India,Bachelors,"Rust, PHP","Angular, React",5000+,38790
25,Canada,Some College,"Ruby, Ruby","Flask, Express",Nov-50,143016
27,Australia,PhD,"C++, Java","ASP.NET, Laravel",201-1000,131912
16,India,Masters,"Swift, Python","Django, Laravel",10-Jan,64307
24,USA,Bachelors,"PHP, C++","ASP.NET, Vue",Nov-50,138913
0,India,Some College,"JavaScript, Python","Vue, React",51-200,17914
12,USA,Bachelors,"Python, Python","Flask, ASP.NET",51-200,136171
34,USA,Some College,"JavaScript, Go","Flask, Ruby on Rails",10-Jan,190028
19,USA,Masters,"Python, C++","Ruby on Rails, Flask",10-Jan,139593
37,USA,Some College,"Java, Go","Angular, Flask",201-1000,218256
2,Canada,Bachelors,"C#, Ruby","Ruby on Rails, ASP.NET",10-Jan,77720
10,Germany,Bachelors,"Java, C#","Spring, Spring",Nov-50,79671
30,Canada,Some College,"C#, Rust","React, Django",5000+,146342
29,France,Some College,"Python, Swift","Express, Angular",201-1000,135796
29,USA,Masters,"Swift, Go","Ruby on Rails, Spring",201-1000,196965
29,Canada,Bachelors,"Java, Swift","Angular, Flask",Nov-50,120448
26,USA,Bachelors,"C#, C#","Angular, Flask",5000+,154678
34,UK,Masters,"Swift, Swift","React, Vue",10-Jan,180600
28,USA,Bachelors,"PHP, Python","React, Vue",10-Jan,201838
22,France,Bachelors,"Java, C#","Flask, Spring",Nov-50,115225
33,USA,Bachelors,"Python, Rust","Express, Ruby on Rails",51-200,223068
16,USA,Bachelors,"Python, PHP","Express, Django",10-Jan,111136
2,USA,Bachelors,"PHP, Java","Django, Django",51-200,103263
4,USA,Masters,"Python, Rust","React, Django",201-1000,92311
14,Germany,Masters,"C++, Go","Flask, Laravel",51-200,101425
16,Germany,Some College,"JavaScript, JavaScript","React, ASP.NET",Nov-50,121730
13,USA,Bachelors,"Java, Rust","Express, Spring",5000+,171410
6,USA,Masters,"Rust, Swift","Laravel, Django",10-Jan,122320
28,UK,Bachelors,"Java, Python","Django, React",Nov-50,145203
17,USA,Masters,"Swift, C#","Express, React",51-200,175402
3,USA,Bachelors,"Rust, Java","Express, Django",201-1000,97196
25,USA,Bachelors,"Java, Swift","Spring, Angular",1001-5000,157085
25,India,Bachelors,"Rust, Rust","Vue, Django",Nov-50,105243
19,UK,Bachelors,"C++, C++","Spring, ASP.NET",51-200,128067
24,USA,Some College,"C++, JavaScript","Spring, Vue",201-1000,191544
36,USA,Bachelors,"Swift, Ruby","Laravel, Flask",1001-5000,174773
21,Canada,Masters,"Swift, PHP","Express, Ruby on Rails",5000+,144341
9,India,Masters,"Java, Swift","Django, Flask",5000+,77020
13,UK,Bachelors,"PHP, Go","Angular, Ruby on Rails",5000+,91456
25,UK,Masters,"PHP, PHP","Flask, React",Nov-50,163408
14,Germany,Masters,"JavaScript, Rust","Ruby on Rails, Django",5000+,148673
37,Germany,Bachelors,"Rust, Ruby","Ruby on Rails, Spring",51-200,148128
11,USA,Bachelors,"Java, Rust","Django, Express",51-200,116099
10,USA,Some College,"Rust, C#","ASP.NET, Ruby on Rails",1001-5000,139235
27,Canada,Bachelors,"C++, PHP","Laravel, Flask",201-1000,157740
7,USA,Bachelors,"Ruby, JavaScript","Spring, React",51-200,118429
0,UK,Masters,"PHP, Ruby","Angular, Laravel",1001-5000,62478
34,India,Masters,"PHP, Swift","React, Ruby on Rails",1001-5000,136764
26,UK,Masters,"JavaScript, Java","Angular, Ruby on Rails",5000+,186591
31,Brazil,Masters,"Ruby, C#","Django, Flask",201-1000,137091
11,Canada,Masters,"C++, PHP","Flask, Express",51-200,107004
1,India,Bachelors,"Go, Rust","Vue, Flask",51-200,19551
22,USA,High School,"Rust, Java","Django, Express",1001-5000,154114
36,UK,Bachelors,"JavaScript, Java","ASP.NET, Django",51-200,198034
0,USA,High School,"Rust, Rust","React, Vue",51-200,79165
18,USA,Masters,"C#, Swift","Ruby on Rails, Angular",5000+,152609
20,USA,Bachelors,"Ruby, C#","Django, React",5000+,195617
10,France,High School,"C++, JavaScript","Express, Express",10-Jan,73007
39,USA,Masters,"Swift, Go","ASP.NET, Vue",10-Jan,207489
17,Canada,High School,"Go, JavaScript","Flask, Django",1001-5000,90678
11,India,Bachelors,"Swift, Go","Laravel, Angular",5000+,68474
16,India,Masters,"PHP, Go","Flask, Django",51-200,84772
23,Canada,Bachelors,"Ruby, C++","Vue, Express",1001-5000,107851
25,Singapore,Masters,"Swift, PHP","Angular, Angular",201-1000,140046
32,Germany,Bachelors,"Ruby, Rust","React, Spring",10-Jan,135645
36,UK,Bachelors,"Rust, JavaScript","Express, Spring",10-Jan,194426
6,USA,Bachelors,"PHP, C++","ASP.NET, Ruby on Rails",1001-5000,106785
4,USA,Bachelors,"PHP, Go","Express, Vue",5000+,95334
8,USA,Bachelors,"C++, Python","Laravel, Angular",10-Jan,103970
6,Canada,Bachelors,"Go, C#","Django, Laravel",51-200,85087
37,UK,Masters,"Rust, Rust","Angular, Ruby on Rails",Nov-50,153915
25,USA,Bachelors,"Go, C++","Express, Laravel",1001-5000,149917
9,India,Masters,"PHP, C++","Spring, React",Nov-50,58787
14,France,Bachelors,"Ruby, Ruby","Vue, Vue",5000+,113878
23,Germany,Some College,"PHP, C++","Django, React",10-Jan,141215
8,Canada,Masters,"Rust, C#","ASP.NET, Flask",201-1000,94331
21,USA,Bachelors,"Ruby, Swift","Express, ASP.NET",201-1000,182325
0,USA,Bachelors,"Rust, Go","Spring, Ruby on Rails",1001-5000,81049
1,India,Masters,"Python, Ruby","Express, Spring",10-Jan,28237
32,Germany,Bachelors,"Ruby, JavaScript","Spring, Laravel",51-200,144500
26,USA,Bachelors,"C++, Swift","React, Laravel",201-1000,191070
35,USA,Masters,"Python, Rust","ASP.NET, Flask",5000+,184516
32,USA,Masters,"PHP, C#","Flask, ASP.NET",1001-5000,235011
19,USA,Some College,"Java, Go","Express, Spring",201-1000,171699
13,Germany,Bachelors,"Python, C#","ASP.NET, ASP.NET",10-Jan,95309
36,USA,Some College,"Go, Swift","Django, Spring",1001-5000,162412
39,Germany,Bachelors,"JavaScript, Go","Spring, Express",Nov-50,204554
37,India,Some College,"JavaScript, PHP","Express, Angular",1001-5000,137283
1,Canada,Bachelors,"Rust, C++","Express, Django",5000+,63274
22,USA,High School,"Swift, JavaScript","Ruby on Rails, Angular",201-1000,176621
11,Canada,Bachelors,"Python, Go","Laravel, Flask",5000+,106820
36,USA,Bachelors,"PHP, C++","Django, Flask",1001-5000,179091
34,USA,High School,"Rust, Java","Angular, Ruby on Rails",Nov-50,189446
7,Australia,Some College,"Ruby, C#","Spring, Flask",5000+,74295
37,UK,Masters,"Ruby, PHP","Laravel, ASP.NET",51-200,174406
38,Germany,PhD,"Python, Go","Django, Spring",201-1000,226081
1,Canada,Masters,"Ruby, JavaScript","Vue, ASP.NET",1001-5000,77394
12,USA,Some College,"Rust, Rust","Express, Spring",1001-5000,126896
15,USA,Some College,"Ruby, Python","React, React",201-1000,157831
38,USA,Bachelors,"Java, Swift","ASP.NET, Django",1001-5000,167378
27,Brazil,Bachelors,"Rust, Java","Laravel, Angular",5000+,157307
10,Canada,Bachelors,"Java, JavaScript","Angular, React",10-Jan,95401
17,Canada,Bachelors,"Java, C++","Vue, Django",5000+,117117
23,Canada,Masters,"Python, Python","React, Spring",10-Jan,146321
26,USA,Bachelors,"Rust, C#","ASP.NET, React",5000+,159407
10,France,Masters,"Rust, Go","Flask, Django",51-200,86840
3,USA,Bachelors,"JavaScript, Go","Angular, Angular",5000+,97394
1,France,Masters,"Swift, C++","Django, Express",10-Jan,67177
36,Brazil,Bachelors,"C#, PHP","Express, React",10-Jan,136207
20,India,PhD,"Go, Java","React, Ruby on Rails",10-Jan,108546
35,France,Masters,"C#, Swift","Django, Ruby on Rails",10-Jan,177638
36,USA,Bachelors,"C#, Rust","Angular, Express",51-200,177295
8,India,Bachelors,"PHP, Java","Vue, React",1001-5000,46118
35,Germany,Bachelors,"C#, JavaScript","Angular, Vue",5000+,203355
29,USA,Bachelors,"C++, C++","Vue, Vue",1001-5000,165358
3,France,Bachelors,"C++, Python","Django, Express",51-200,69205
32,Germany,Masters,"Python, Swift","ASP.NET, Vue",51-200,178596
3,USA,Bachelors,"JavaScript, Rust","Express, Laravel",51-200,83374
16,Australia,Bachelors,"Ruby, JavaScript","Express, Spring",10-Jan,95359
14,Singapore,Bachelors,"JavaScript, Swift","Vue, Angular",10-Jan,82813
20,UK,Bachelors,"C++, C++","Ruby on Rails, Ruby on Rails",51-200,104771
8,France,Masters,"Java, Python","Django, Angular",201-1000,82983
29,Canada,Bachelors,"Ruby, Python","React, Express",10-Jan,152501
36,France,Bachelors,"Python, JavaScript","Laravel, Express",201-1000,136655
38,USA,Bachelors,"Java, C++","Express, Vue",Nov-50,173072
37,Australia,Bachelors,"Java, Ruby","Spring, React",5000+,168919
18,Germany,Bachelors,"Java, C++","Django, Vue",201-1000,112073
19,Singapore,Bachelors,"Swift, Swift","Flask, Laravel",Nov-50,122820
18,France,High School,"Rust, Java","Spring, Spring",51-200,91742
29,USA,Masters,"JavaScript, C#","Flask, ASP.NET",201-1000,182296
12,Australia,Masters,"Go, Go","React, Vue",Nov-50,113938
33,USA,Bachelors,"C++, C++","Vue, Angular",1001-5000,161086
33,USA,Bachelors,"C#, JavaScript","React, Flask",10-Jan,152324
2,India,Masters,"C++, Python","Angular, Flask",1001-5000,35442
11,UK,Bachelors,"C++, JavaScript","Angular, Flask",Nov-50,89982
14,Canada,Masters,"Ruby, Java","Express, Vue",201-1000,131491
30,USA,Bachelors,"Go, Rust","React, ASP.NET",10-Jan,214704
34,USA,Bachelors,"C#, Rust","Laravel, Ruby on Rails",Nov-50,229023
7,France,Masters,"C#, JavaScript","Spring, React",5000+,94829
18,USA,Bachelors,"Python, Go","Vue, Vue",51-200,172655
9,USA,Masters,"Swift, Java","Express, Express",51-200,132130
14,Germany,Bachelors,"PHP, PHP","React, ASP.NET",Nov-50,97739
26,UK,Masters,"JavaScript, Swift","React, Express",51-200,177002
35,USA,Some College,"Java, C#","Flask, Flask",51-200,161499
26,India,Masters,"Ruby, C++","Express, Django",Nov-50,99741
39,USA,Masters,"Rust, C#","Vue, Angular",1001-5000,231886
19,USA,Some College,"PHP, C++","React, Spring",1001-5000,162983
4,Canada,High School,"Python, C#","Laravel, Express",Nov-50,77022
33,Australia,Bachelors,"C++, C++","Spring, Spring",1001-5000,166896
38,France,Masters,"Java, PHP","Flask, ASP.NET",5000+,169776
10,Japan,Bachelors,"Swift, PHP","Laravel, Express",10-Jan,92427
38,UK,Masters,"Go, JavaScript","Laravel, ASP.NET",51-200,151252
18,USA,Bachelors,"JavaScript, C++","Ruby on Rails, Vue",Nov-50,170036
25,UK,Masters,"Python, Rust","ASP.NET, Spring",10-Jan,165757
40,Canada,Bachelors,"Rust, Python","Spring, Spring",5000+,170450
17,USA,Masters,"Ruby, JavaScript","ASP.NET, Spring",5000+,181219
30,Japan,Masters,"Swift, C#","Laravel, Flask",5000+,163400
18,Singapore,Masters,"Java, C++","Express, Ruby on Rails",1001-5000,106892
22,USA,Masters,"JavaScript, Ruby","Angular, Express",201-1000,173526
33,Canada,Bachelors,"PHP, Ruby","ASP.NET, Laravel",10-Jan,176984
21,USA,Bachelors,"PHP, Ruby","Ruby on Rails, React",1001-5000,182096
11,USA,High School,"Swift, Go","Vue, Angular",51-200,135490
40,India,Masters,"C#, JavaScript","Express, ASP.NET",1001-5000,172985
40,USA,Bachelors,"Ruby, Go","ASP.NET, Laravel",1001-5000,186215
19,France,Bachelors,"Java, C++","Laravel, Django",51-200,91556
9,Germany,Masters,"Java, Swift","Laravel, Ruby on Rails",51-200,103216
35,USA,Bachelors,"Java, JavaScript","Laravel, Django",201-1000,210966
39,USA,Bachelors,"Java, Swift","Ruby on Rails, Spring",10-Jan,183254
40,Canada,Bachelors,"Swift, Python","Flask, Angular",1001-5000,186506
39,USA,Bachelors,"JavaScript, Python","Flask, ASP.NET",51-200,225876
33,USA,High School,"Ruby, Rust","React, Express",5000+,193717
35,USA,Bachelors,"Rust, Swift","Spring, Vue",51-200,158679
18,USA,High School,"PHP, JavaScript","Flask, Spring",Nov-50,163173
5,USA,Some College,"Go, C#","Spring, Ruby on Rails",10-Jan,88032
3,Australia,Bachelors,"Go, Java","Vue, Laravel",1001-5000,66380
30,USA,Masters,"C++, PHP","Angular, React",1001-5000,167388
25,Japan,Bachelors,"C#, C++","Ruby on Rails, Spring",Nov-50,142511
28,India,Bachelors,"Go, PHP","Vue, Angular",201-1000,107832
24,UK,Masters,"Swift, C#","ASP.NET, Laravel",51-200,135965
19,USA,Some College,"Python, C#","Django, Spring",5000+,171734
16,USA,Bachelors,"Ruby, C#","Spring, Express",1001-5000,119388
23,India,Bachelors,"C#, PHP","Ruby on Rails, Flask",201-1000,68417
5,UK,Masters,"Rust, Swift","Laravel, Flask",10-Jan,82055
10,USA,Masters,"Go, Ruby","Express, Laravel",10-Jan,136806
27,USA,Bachelors,"C#, Go","Express, Express",1001-5000,161722
35,Brazil,Some College,"C#, Rust","Laravel, ASP.NET",5000+,167424
27,France,Masters,"C#, C#","Laravel, React",1001-5000,119909
26,Australia,Bachelors,"Python, C++","Django, Angular",1001-5000,102488
27,Japan,Masters,"JavaScript, PHP","ASP.NET, Angular",Nov-50,113115
39,USA,Bachelors,"Rust, Go","Flask, ASP.NET",Nov-50,219541
33,USA,Masters,"Ruby, JavaScript","Angular, Vue",1001-5000,211028
35,India,Masters,"Python, JavaScript","Ruby on Rails, Express",51-200,130278
36,India,Masters,"PHP, Java","Express, Vue",10-Jan,139668
39,USA,PhD,"Rust, PHP","Flask, Ruby on Rails",201-1000,223366
8,Singapore,Bachelors,"PHP, Go","Express, Express",10-Jan,85991
37,USA,Bachelors,"C++, Rust","Laravel, Spring",10-Jan,210001
26,UK,Bachelors,"Java, Ruby","Angular, ASP.NET",1001-5000,154721
27,India,Bachelors,"C#, Rust","Django, ASP.NET",Nov-50,113057
3,USA,Bachelors,"C#, Python","Express, Express",51-200,115391
26,USA,Masters,"Swift, Rust","Express, Flask",10-Jan,180013
31,India,Bachelors,"Ruby, Ruby","React, React",Nov-50,123844
18,Germany,Masters,"Python, Ruby","ASP.NET, Ruby on Rails",Nov-50,133782
31,France,Some College,"PHP, C++","Django, Laravel",Nov-50,132889
19,UK,Bachelors,"Python, C++","Laravel, Express",51-200,121210
3,Australia,Bachelors,"JavaScript, JavaScript","Ruby on Rails, Express",1001-5000,69261
17,Japan,Masters,"PHP, Rust","Flask, Spring",10-Jan,127140
11,USA,Masters,"Swift, C++","ASP.NET, Laravel",Nov-50,127496
22,India,Bachelors,"C#, Swift","Ruby on Rails, Vue",10-Jan,91539
12,USA,Bachelors,"Swift, Rust","Django, Vue",Nov-50,106686
14,UK,Some College,"Java, PHP","Spring, Vue",51-200,99350
10,Canada,Bachelors,"Go, Rust","Express, ASP.NET",201-1000,89329
13,USA,Masters,"Ruby, Ruby","Express, Spring",1001-5000,163925
1,USA,Bachelors,"PHP, JavaScript","Vue, Flask",5000+,102818
1,Canada,Bachelors,"Go, PHP","React, Vue",1001-5000,54432
15,USA,Masters,"Python, JavaScript","Ruby on Rails, Spring",10-Jan,162588
15,USA,Some College,"Rust, Python","React, Express",10-Jan,141737
5,Germany,Bachelors,"C#, Rust","Ruby on Rails, React",5000+,101880
38,USA,Masters,"JavaScript, Python","Express, Spring",1001-5000,250450
3,USA,Bachelors,"JavaScript, C#","Vue, Laravel",5000+,134845
23,USA,Masters,"Go, C++","Spring, Laravel",10-Jan,157159
27,USA,Masters,"Ruby, Rust","Express, Django",201-1000,202551
14,USA,Some College,"Rust, C++","Laravel, React",Nov-50,141867
15,USA,Masters,"Java, Java","Spring, Ruby on Rails",5000+,164104
2,USA,Masters,"JavaScript, PHP","Spring, Spring",1001-5000,95568
21,Canada,Masters,"JavaScript, C#","Flask, Angular",10-Jan,143449
28,France,Masters,"Ruby, Rust","Ruby on Rails, Ruby on Rails",201-1000,150107
35,Canada,Some College,"JavaScript, Ruby","Vue, Spring",5000+,190563
1,USA,Bachelors,"Swift, C#","Laravel, Spring",Nov-50,76519
23,UK,Bachelors,"Ruby, Java","Ruby on Rails, Vue",1001-5000,124991
0,Germany,Bachelors,"JavaScript, C++","Django, Express",Nov-50,56736
22,USA,Bachelors,"Ruby, Swift","Vue, Ruby on Rails",10-Jan,132041
39,India,Masters,"C#, Python","Flask, React",Nov-50,118538
40,India,Masters,"Python, PHP","Django, Vue",5000+,183669
22,USA,Bachelors,"Swift, JavaScript","Express, React",10-Jan,140882
9,UK,Bachelors,"Ruby, Ruby","Django, ASP.NET",5000+,113131
13,USA,Bachelors,"Java, Rust","Spring, Angular",5000+,169816
10,Australia,High School,"Java, JavaScript","Flask, Spring",10-Jan,86887
35,Germany,Bachelors,"Go, PHP","Spring, Vue",10-Jan,137763
40,India,Bachelors,"Java, JavaScript","ASP.NET, Vue",201-1000,152346
7,USA,Bachelors,"Java, C++","Express, Express",Nov-50,109058
29,USA,Masters,"JavaScript, C++","React, Ruby on Rails",Nov-50,164281
12,Germany,Bachelors,"Ruby, JavaScript","Angular, Django",201-1000,89971
34,USA,Bachelors,"Swift, C#","Django, Express",201-1000,154390
11,USA,Bachelors,"PHP, Swift","Vue, Ruby on Rails",10-Jan,133124
38,India,Bachelors,"PHP, C++","Vue, Spring",1001-5000,142462
14,Canada,Bachelors,"C++, PHP","Flask, Ruby on Rails",201-1000,87180
32,USA,Masters,"Go, Ruby","Vue, Django",5000+,250501
14,India,Masters,"Java, Ruby","Flask, Express",10-Jan,70207
14,India,Bachelors,"Swift, JavaScript","ASP.NET, Django",201-1000,53577
2,Japan,Some College,"PHP, Ruby","Vue, Spring",51-200,64400
27,USA,High School,"Java, JavaScript","Flask, Flask",51-200,195608
28,USA,Masters,"C#, Python","Ruby on Rails, React",10-Jan,160737
29,Canada,Masters,"C++, Swift","Vue, Ruby on Rails",51-200,153498
35,France,Bachelors,"C++, C++","ASP.NET, Spring",51-200,132287
28,Australia,Bachelors,"Java, Swift","React, Express",5000+,143468
22,USA,Bachelors,"Java, Python","Vue, Laravel",10-Jan,139818
26,Germany,Bachelors,"Swift, JavaScript","React, React",201-1000,138622
23,Canada,Masters,"JavaScript, Ruby","Django, Angular",1001-5000,138687
19,Canada,Bachelors,"C++, Java","ASP.NET, Django",51-200,127063
5,USA,Bachelors,"Java, PHP","Laravel, Express",51-200,107559
20,India,High School,"JavaScript, Swift","Spring, Vue",Nov-50,78093
24,USA,Bachelors,"Swift, Ruby","Laravel, Express",51-200,179352
6,USA,Masters,"Swift, JavaScript","Ruby on Rails, Vue",Nov-50,118906
14,Germany,Bachelors,"C#, Ruby","Ruby on Rails, Ruby on Rails",51-200,112412
32,India,Masters,"Go, Java","Ruby on Rails, Spring",1001-5000,133453
39,Canada,Masters,"C#, Go","Django, Spring",1001-5000,209355
24,USA,PhD,"Java, JavaScript","Laravel, Laravel",51-200,196324
19,USA,Masters,"Swift, C#","Express, Angular",Nov-50,157723
26,Australia,Bachelors,"Ruby, Go","Vue, Angular",Nov-50,145761
5,USA,Bachelors,"Rust, PHP","Vue, Angular",10-Jan,89240
19,USA,Bachelors,"Go, Rust","Spring, ASP.NET",51-200,159658
4,USA,Masters,"Rust, Go","Flask, ASP.NET",201-1000,110254
34,India,High School,"Rust, PHP","Angular, Flask",10-Jan,119538
6,USA,Masters,"Java, Rust","Flask, Vue",Nov-50,105938
17,USA,Bachelors,"Ruby, Swift","Angular, Vue",201-1000,166248
20,Australia,Bachelors,"JavaScript, Go","Vue, Ruby on Rails",Nov-50,131800
31,France,Bachelors,"Ruby, Ruby","Ruby on Rails, Ruby on Rails",10-Jan,147010
28,Germany,Some College,"Go, Go","Vue, Flask",51-200,120616
19,France,Masters,"PHP, C#","ASP.NET, Flask",51-200,117660
31,India,Bachelors,"Python, Rust","Flask, Ruby on Rails",1001-5000,96461
3,India,Masters,"Java, Go","Spring, Django",10-Jan,35593
12,Japan,Some College,"Swift, Rust","Spring, Laravel",1001-5000,99196
7,UK,Bachelors,"C++, Python","Express, Spring",10-Jan,71664
0,USA,Bachelors,"Go, C++","Spring, React",Nov-50,96121
36,USA,Bachelors,"Ruby, C#","Ruby on Rails, Express",5000+,174240
6,Canada,Masters,"PHP, Java","Ruby on Rails, Django",51-200,90167
31,India,Bachelors,"Swift, Go","ASP.NET, Ruby on Rails",51-200,100271
33,Germany,Bachelors,"Java, PHP","React, Angular",5000+,206855
25,Japan,Masters,"C#, JavaScript","Flask, ASP.NET",5000+,135203
27,Canada,Bachelors,"Go, Go","Django, Spring",5000+,149241
16,India,Masters,"PHP, PHP","Django, React",10-Jan,82046
17,Germany,Masters,"PHP, Java","ASP.NET, Spring",51-200,122022
40,Singapore,Masters,"Rust, JavaScript","React, Vue",5000+,203814
0,USA,Bachelors,"C++, PHP","Angular, Angular",1001-5000,73476
16,Brazil,Bachelors,"Python, Rust","ASP.NET, React",5000+,119482
36,USA,Masters,"C#, JavaScript","Django, Spring",10-Jan,237374
5,USA,Bachelors,"C#, Rust","Vue, Ruby on Rails",1001-5000,87109
14,USA,Masters,"C#, Python","Angular, Flask",51-200,144617
16,USA,Bachelors,"Ruby, Swift","React, React",201-1000,147290
4,Germany,Bachelors,"Swift, Rust","Spring, Vue",5000+,91065
23,Singapore,High School,"C#, Ruby","React, Ruby on Rails",201-1000,97576
31,Canada,Bachelors,"Ruby, Go","Laravel, Angular",10-Jan,144915
6,Australia,Bachelors,"C++, Go","Express, Vue",1001-5000,62586
31,USA,Bachelors,"C++, Rust","Laravel, Django",51-200,206158
19,Brazil,Masters,"C++, Rust","React, ASP.NET",1001-5000,132587
11,Germany,Bachelors,"Go, Swift","Ruby on Rails, Spring",5000+,114357
24,Japan,High School,"Python, Java","Laravel, React",1001-5000,140603
34,Japan,Bachelors,"C#, Ruby","Vue, React",1001-5000,144268
16,Canada,Bachelors,"Java, Ruby","Angular, Angular",10-Jan,116479
6,Canada,Masters,"Go, C++","Flask, Django",1001-5000,72896
13,USA,Bachelors,"C++, Swift","Laravel, Ruby on Rails",10-Jan,103372
2,USA,Bachelors,"Ruby, Go","Django, Vue",5000+,117183
32,USA,Bachelors,"C++, JavaScript","React, React",201-1000,157513
34,Canada,Some College,"Python, JavaScript","Laravel, React",Nov-50,176294
19,India,Masters,"Go, Java","Django, React",201-1000,65958
23,USA,Some College,"Java, Go","ASP.NET, Flask",201-1000,131051
30,USA,Bachelors,"C++, Swift","Angular, React",Nov-50,214037
39,USA,Masters,"Go, Go","Angular, Spring",Nov-50,222981
22,USA,Masters,"Java, Java","Ruby on Rails, Angular",1001-5000,160009
33,USA,Masters,"Java, JavaScript","Ruby on Rails, ASP.NET",5000+,245440
2,Germany,Masters,"Swift, Swift","ASP.NET, Flask",5000+,93999
20,Brazil,Masters,"Ruby, C#","Ruby on Rails, Django",10-Jan,115709
18,USA,Masters,"PHP, PHP","ASP.NET, Vue",51-200,160495
22,Japan,Bachelors,"C#, C++","ASP.NET, Flask",Nov-50,112845
1,USA,Some College,"C#, JavaScript","Vue, Laravel",1001-5000,103866
19,USA,Bachelors,"JavaScript, Python","Django, React",1001-5000,174368
4,Australia,Some College,"Java, Python","Vue, Vue",5000+,79760
36,Australia,Masters,"C#, Java","Ruby on Rails, Flask",5000+,181797
15,USA,Masters,"Ruby, JavaScript","Angular, ASP.NET",1001-5000,127429
10,USA,Some College,"Swift, JavaScript","Spring, ASP.NET",5000+,156974
32,USA,Some College,"PHP, Swift","React, React",1001-5000,193610
11,Australia,Masters,"Rust, C#","React, Angular",5000+,120193
24,USA,Bachelors,"Go, Rust","Vue, Ruby on Rails",10-Jan,165438
18,Singapore,PhD,"C#, C#","Django, Django",Nov-50,107539
8,India,Bachelors,"Ruby, Ruby","React, React",5000+,46696
30,France,Bachelors,"Ruby, PHP","Angular, ASP.NET",5000+,134768
26,France,Masters,"Rust, Python","Spring, Flask",10-Jan,149340
31,USA,Bachelors,"C++, Python","Django, Express",51-200,212851
4,Japan,Bachelors,"C++, Rust","Ruby on Rails, Angular",5000+,78608
32,USA,Bachelors,"Ruby, Ruby","React, Ruby on Rails",5000+,239334
20,France,Bachelors,"Go, PHP","Vue, Ruby on Rails",10-Jan,108739
1,USA,Some College,"Rust, C++","Angular, ASP.NET",5000+,126032
30,USA,Bachelors,"Python, C#","Vue, Angular",51-200,166171
8,USA,Bachelors,"C++, Swift","Express, ASP.NET",51-200,133929
40,Germany,Some College,"Java, Go","Laravel, Flask",5000+,161041
15,USA,Masters,"Ruby, Go","Angular, Laravel",5000+,138829
27,USA,Bachelors,"PHP, Python","Spring, Express",Nov-50,138145
5,UK,Bachelors,"Go, Swift","Vue, Express",51-200,79855
20,Australia,Some College,"Python, C++","Spring, Django",5000+,132906
29,USA,Bachelors,"C++, JavaScript","Angular, Express",51-200,170373
5,USA,Bachelors,"C++, Swift","Express, Angular",Nov-50,107154
26,Japan,Masters,"Ruby, C#","React, Laravel",Nov-50,124264
11,Brazil,Masters,"Rust, Go","Vue, React",1001-5000,110928
20,USA,Some College,"JavaScript, Go","Django, React",5000+,182048
3,USA,Masters,"Ruby, Swift","Spring, Vue",1001-5000,90962
32,Canada,PhD,"Go, Python","ASP.NET, React",1001-5000,145811
17,UK,Bachelors,"PHP, Go","Vue, Express",51-200,110608
0,Canada,Bachelors,"C++, Ruby","Django, Laravel",5000+,64783
24,USA,Bachelors,"Python, C++","Django, ASP.NET",10-Jan,175161
1,France,Bachelors,"Python, C#","Express, Flask",51-200,62980
20,USA,Masters,"PHP, Go","Vue, Ruby on Rails",10-Jan,159408
9,India,Bachelors,"Ruby, PHP","Flask, Django",10-Jan,39055
1,USA,Bachelors,"Rust, Ruby","Spring, Vue",51-200,80812
36,USA,Masters,"Go, Rust","Laravel, Spring",10-Jan,240291
25,Japan,PhD,"Java, JavaScript","Django, Laravel",10-Jan,156798
0,UK,Some College,"Rust, C++","Angular, Express",5000+,81413
32,India,Bachelors,"Swift, Ruby","Vue, ASP.NET",5000+,101424
2,USA,Masters,"Ruby, Go","Vue, Vue",201-1000,98221
1,UK,Masters,"PHP, Ruby","Express, React",201-1000,65371
26,USA,PhD,"Rust, Swift","ASP.NET, Ruby on Rails",201-1000,172424
1,UK,Masters,"C++, C++","Express, Vue",51-200,61650
10,Germany,Bachelors,"Rust, Go","Vue, Ruby on Rails",201-1000,76095
19,Germany,Bachelors,"JavaScript, JavaScript","ASP.NET, React",Nov-50,134220
29,India,Bachelors,"PHP, PHP","Angular, Spring",10-Jan,104262
13,UK,Some College,"Ruby, Python","React, Django",5000+,99748
28,Germany,Bachelors,"Ruby, PHP","Vue, Express",51-200,152235
11,Germany,Masters,"PHP, Go","Angular, Express",10-Jan,94138
14,Australia,Bachelors,"C#, C#","Spring, Laravel",Nov-50,102419
31,UK,Bachelors,"C#, JavaScript","Django, Ruby on Rails",Nov-50,136383
23,France,Some College,"C#, Java","Angular, Flask",5000+,150001
34,UK,Masters,"Go, Ruby","Ruby on Rails, ASP.NET",10-Jan,193167
0,USA,PhD,"PHP, PHP","Vue, ASP.NET",10-Jan,117035
22,Canada,Masters,"PHP, Ruby","Flask, React",201-1000,149701
32,India,Masters,"Go, Swift","Vue, Spring",5000+,132284
17,Australia,Bachelors,"Ruby, Swift","React, Ruby on Rails",Nov-50,81095
7,USA,Masters,"Swift, JavaScript","Flask, ASP.NET",201-1000,137533
24,Japan,Masters,"Rust, Java","Vue, Express",Nov-50,114216
40,Germany,Bachelors,"C++, PHP","Ruby on Rails, Django",5000+,177588
1,Singapore,Some College,"Go, Java","ASP.NET, Laravel",Nov-50,48181
22,USA,Some College,"Ruby, Python","Django, Spring",Nov-50,139354
3,Germany,Bachelors,"Go, Swift","Angular, Django",51-200,70858
17,UK,Bachelors,"C#, Java","ASP.NET, Spring",51-200,123172
3,Germany,Some College,"Rust, Rust","Express, Django",Nov-50,75139
7,USA,Bachelors,"PHP, Rust","Express, Ruby on Rails",5000+,139873
0,Germany,Bachelors,"C#, Rust","Express, Django",Nov-50,53351
20,UK,Bachelors,"C#, Java","Vue, Django",201-1000,128240
5,India,Masters,"Ruby, PHP","Ruby on Rails, Laravel",51-200,44639
18,USA,Bachelors,"JavaScript, Java","Angular, Vue",5000+,179081
17,USA,Bachelors,"PHP, Python","ASP.NET, React",201-1000,152702
35,Canada,Masters,"C++, JavaScript","Ruby on Rails, Ruby on Rails",201-1000,184853
16,Japan,Bachelors,"Ruby, Swift","Spring, Laravel",5000+,91924
16,Singapore,Bachelors,"JavaScript, PHP","React, Laravel",1001-5000,115715
17,Germany,Bachelors,"C#, Rust","Django, Vue",201-1000,111752
13,Brazil,Some College,"Ruby, Go","Django, React",5000+,110188
34,USA,Masters,"C++, Rust","React, Flask",5000+,202517
14,Japan,Some College,"Rust, JavaScript","Flask, React",10-Jan,73886
3,India,Bachelors,"C#, Java","Angular, Angular",10-Jan,20378
23,Germany,Bachelors,"Swift, C#","Ruby on Rails, Django",201-1000,119134
23,Germany,Masters,"C#, PHP","ASP.NET, Laravel",10-Jan,166304
4,India,Bachelors,"PHP, Go","ASP.NET, Laravel",1001-5000,24733
11,Japan,Some College,"Java, PHP","Flask, Express",51-200,91801
26,USA,Some College,"C++, C#","Flask, Spring",201-1000,152638
20,Canada,Bachelors,"C#, C++","Spring, ASP.NET",51-200,121599
38,Canada,Bachelors,"Python, C++","Django, React",201-1000,181998
4,Germany,Bachelors,"Swift, PHP","Express, Flask",201-1000,66475
13,UK,Bachelors,"Java, PHP","Vue, Angular",Nov-50,104464
6,USA,High School,"Rust, C++","Angular, ASP.NET",10-Jan,103984
16,UK,Bachelors,"Python, PHP","ASP.NET, React",201-1000,119433
29,Germany,Bachelors,"C++, C#","Express, Vue",Nov-50,136624
6,Japan,Bachelors,"Python, C++","Express, React",10-Jan,70738
11,USA,High School,"Ruby, Ruby","Ruby on Rails, Django",Nov-50,130936
8,USA,Bachelors,"Java, Rust","Spring, Laravel",201-1000,103714
38,UK,PhD,"Swift, Python","Vue, Laravel",51-200,200341
3,Australia,Bachelors,"C++, C#","Angular, Angular",10-Jan,60403
39,USA,Bachelors,"PHP, C++","Express, Laravel",5000+,207100
26,Germany,Bachelors,"C#, C++","Express, ASP.NET",51-200,132360
9,UK,Bachelors,"Python, Ruby","Angular, React",5000+,116761
9,USA,Masters,"Go, JavaScript","React, Vue",Nov-50,122118
19,France,Masters,"C#, Java","React, ASP.NET",201-1000,126751
16,Japan,Some College,"Python, C++","Flask, Express",Nov-50,100078
4,USA,Masters,"Ruby, PHP","React, Django",201-1000,131291
37,UK,Masters,"PHP, Swift","Laravel, Django",51-200,171339
34,Australia,Bachelors,"Java, Rust","Laravel, Angular",51-200,125199
8,USA,High School,"Python, Go","Flask, Vue",10-Jan,124771
0,France,Bachelors,"Rust, C#","Vue, Ruby on Rails",51-200,51187
1,Canada,Masters,"JavaScript, C#","React, Angular",5000+,80012
14,USA,Masters,"C++, Java","Vue, ASP.NET",51-200,161232
38,Singapore,Bachelors,"Python, Go","Laravel, Vue",1001-5000,172345
19,Canada,Bachelors,"Java, JavaScript","Spring, React",1001-5000,124569
16,USA,PhD,"Swift, Java","Express, Laravel",10-Jan,180123
24,USA,Bachelors,"Ruby, Swift","ASP.NET, ASP.NET",51-200,162464
9,India,Masters,"Ruby, Python","Angular, React",Nov-50,62291
37,USA,Masters,"C#, Python","Vue, Angular",5000+,226954
13,India,Some College,"Python, Swift","Express, Laravel",51-200,63326
6,USA,Masters,"Ruby, C++","Spring, Express",1001-5000,131943
31,USA,Some College,"Ruby, PHP","Ruby on Rails, Spring",1001-5000,189522
14,Canada,Masters,"Rust, Rust","ASP.NET, React",201-1000,109009
17,USA,PhD,"C#, Go","Laravel, Vue",1001-5000,190965
3,UK,Bachelors,"C#, Swift","ASP.NET, Vue",201-1000,70190
3,Japan,Bachelors,"Rust, Swift","Django, React",201-1000,56560
24,Germany,Bachelors,"Ruby, Rust","Angular, Vue",201-1000,134666
16,USA,Masters,"Python, PHP","Spring, Ruby on Rails",5000+,195228
34,USA,Bachelors,"Java, Python","Laravel, Express",Nov-50,199306
31,UK,Some College,"Rust, Java","Flask, Django",10-Jan,142742
5,India,Bachelors,"Go, Python","Ruby on Rails, Vue",10-Jan,33252
7,Germany,Bachelors,"Go, C++","Flask, Django",10-Jan,82312
1,Japan,Bachelors,"C#, Java","Flask, React",1001-5000,53959
10,Canada,Bachelors,"Ruby, C#","Vue, Flask",10-Jan,96501
22,India,Masters,"Python, Go","Spring, Angular",1001-5000,106260
26,USA,Bachelors,"C#, Java","React, React",51-200,180747
14,USA,Masters,"Python, PHP","Spring, Laravel",201-1000,137410
4,USA,Masters,"Go, C++","Ruby on Rails, React",10-Jan,114681
39,Canada,Bachelors,"Go, Java","Vue, Vue",10-Jan,159175
21,USA,Bachelors,"Ruby, PHP","Django, React",10-Jan,146725
21,India,Masters,"PHP, C#","ASP.NET, Spring",51-200,103715
22,USA,Bachelors,"Rust, Ruby","Django, Spring",201-1000,165624
13,Canada,Bachelors,"Swift, Go","Spring, React",Nov-50,92574
38,Japan,Masters,"Go, JavaScript","Django, Laravel",51-200,182788
21,USA,Masters,"JavaScript, Rust","ASP.NET, Vue",51-200,188370
21,India,Some College,"Python, C#","Spring, Express",1001-5000,63266
6,India,Bachelors,"JavaScript, JavaScript","Vue, Spring",1001-5000,28916
15,Singapore,Bachelors,"Go, Swift","Ruby on Rails, Express",1001-5000,107764
37,USA,Some College,"Java, Go","Ruby on Rails, Express",5000+,253607
22,Germany,Bachelors,"Go, JavaScript","Vue, Django",51-200,110700
13,Australia,Bachelors,"Python, JavaScript","Vue, Laravel",51-200,101039
5,USA,Bachelors,"Java, Ruby","Angular, Ruby on Rails",5000+,110453
11,UK,Bachelors,"JavaScript, PHP","Vue, Laravel",1001-5000,90334
29,UK,Masters,"Rust, JavaScript","Vue, Vue",10-Jan,157788
20,Germany,Bachelors,"JavaScript, Ruby","Ruby on Rails, Django",1001-5000,136369
7,Canada,Bachelors,"Java, C++","Express, ASP.NET",51-200,94451
34,USA,Bachelors,"Go, C++","Express, Vue",10-Jan,199791
15,USA,Masters,"PHP, Python","Ruby on Rails, Django",51-200,148495
27,USA,Bachelors,"Java, Go","Express, Flask",201-1000,183602
22,USA,Masters,"PHP, Swift","Flask, ASP.NET",201-1000,166392
27,USA,Bachelors,"Go, Java","React, Spring",201-1000,180276
1,USA,Masters,"Python, Rust","Angular, Flask",Nov-50,103229
31,India,Bachelors,"PHP, Ruby","React, Vue",5000+,146804
7,India,Some College,"Python, Ruby","Ruby on Rails, ASP.NET",201-1000,41993
21,USA,Bachelors,"JavaScript, Python","ASP.NET, Ruby on Rails",51-200,127985
3,Germany,Bachelors,"Python, Go","Ruby on Rails, Angular",5000+,90720
26,UK,Bachelors,"Python, C#","Angular, Vue",1001-5000,119025
35,USA,Bachelors,"Python, Ruby","Django, Ruby on Rails",51-200,174855
18,Singapore,Some College,"Java, Swift","React, Spring",51-200,98040
33,Japan,PhD,"Java, C#","Flask, Django",10-Jan,194026
35,Singapore,Bachelors,"Rust, PHP","Angular, Django",Nov-50,166826
29,Australia,Bachelors,"Python, JavaScript","Ruby on Rails, Express",1001-5000,129548
16,USA,Bachelors,"Java, Python","Flask, Django",Nov-50,161648
14,USA,Bachelors,"Rust, Swift","Express, Vue",Nov-50,141289
21,USA,Bachelors,"Ruby, C#","Django, Django",1001-5000,130617
13,Germany,Masters,"Python, Swift","Vue, Angular",5000+,130986
33,USA,Masters,"C#, Go","ASP.NET, Flask",1001-5000,181355
13,Australia,Masters,"Python, C++","Flask, Django",51-200,84435
13,Canada,Masters,"Rust, Java","Laravel, Angular",201-1000,114057
5,Australia,Bachelors,"Rust, JavaScript","Django, Flask",1001-5000,57807
9,Germany,Masters,"C#, Rust","React, ASP.NET",5000+,129136
10,Germany,Some College,"Python, Rust","Flask, Django",51-200,86937
12,UK,Some College,"PHP, Swift","Laravel, Vue",201-1000,79609
28,USA,Some College,"JavaScript, Rust","Laravel, Express",51-200,191847
6,USA,High School,"Java, Go","React, Ruby on Rails",Nov-50,90933
9,UK,Masters,"JavaScript, Java","React, React",51-200,114059
1,India,Bachelors,"JavaScript, Rust","Laravel, Express",201-1000,15438
16,USA,Some College,"PHP, Swift","Vue, ASP.NET",Nov-50,140518
4,India,Bachelors,"Java, C#","Angular, Django",51-200,23308
29,UK,PhD,"Python, Python","Flask, Django",201-1000,187909
7,Japan,Masters,"Rust, Rust","Express, Vue",1001-5000,80170
40,Singapore,Bachelors,"Python, Swift","React, Express",5000+,164816
24,Japan,Some College,"Rust, Go","Laravel, Laravel",201-1000,142241
3,USA,Masters,"C++, Python","Laravel, Vue",10-Jan,127570
26,Canada,Bachelors,"JavaScript, Java","React, React",Nov-50,118816
11,USA,Bachelors,"JavaScript, Ruby","Express, Ruby on Rails",Nov-50,128688
20,USA,Bachelors,"C++, C++","Spring, Flask",51-200,122034
34,UK,Some College,"Rust, JavaScript","Express, Laravel",5000+,190492
40,USA,Masters,"C++, Rust","Express, Spring",Nov-50,176970
13,UK,Masters,"Rust, PHP","ASP.NET, Laravel",Nov-50,121835
10,Germany,Masters,"Rust, JavaScript","Vue, Express",201-1000,92994
13,USA,Masters,"Java, Java","Ruby on Rails, Express",51-200,130055
22,USA,Bachelors,"Ruby, Rust","Angular, Laravel",201-1000,185433
39,Germany,PhD,"PHP, Java","Ruby on Rails, Ruby on Rails",201-1000,211383
4,Japan,Bachelors,"Go, JavaScript","Flask, Ruby on Rails",1001-5000,51674
38,UK,Bachelors,"PHP, PHP","Angular, Flask",10-Jan,201814
19,Brazil,Bachelors,"Ruby, C++","Vue, Spring",10-Jan,98267
21,Germany,Bachelors,"Rust, Go","React, Laravel",Nov-50,99097
16,Japan,Some College,"Swift, JavaScript","Vue, Laravel",201-1000,83184
13,India,Masters,"Java, C++","React, Vue",5000+,81333
15,Australia,Masters,"JavaScript, C#","Flask, React",201-1000,123538
10,Canada,Some College,"Ruby, Ruby","Laravel, Laravel",Nov-50,103027
9,Germany,Bachelors,"Java, PHP","Express, Express",5000+,94289
39,USA,Bachelors,"Swift, JavaScript","Angular, Laravel",5000+,215882
20,Australia,Masters,"C++, Ruby","Spring, Django",201-1000,106962
0,France,Some College,"Python, Swift","Ruby on Rails, Vue",1001-5000,54467
1,USA,Masters,"Rust, Python","Angular, React",10-Jan,96107
31,Canada,Bachelors,"PHP, JavaScript","Express, React",51-200,164971
6,Australia,Masters,"C++, Java","Ruby on Rails, ASP.NET",51-200,86419
38,UK,Bachelors,"Rust, C++","Spring, Vue",Nov-50,186907
33,Canada,Masters,"C++, PHP","Express, Flask",51-200,177437
38,Canada,Masters,"C#, PHP","ASP.NET, React",10-Jan,199683
18,Australia,Some College,"C++, JavaScript","Vue, ASP.NET",51-200,95248
15,USA,Bachelors,"C++, Swift","Angular, React",5000+,154034
2,USA,Masters,"C#, Go","ASP.NET, React",Nov-50,96584
20,India,Bachelors,"Rust, Ruby","Spring, Flask",5000+,100526
11,India,Masters,"C++, PHP","Django, Laravel",51-200,51743
32,Germany,Bachelors,"Ruby, Python","React, Ruby on Rails",51-200,177849
3,USA,Bachelors,"PHP, JavaScript","Angular, Django",51-200,109117
21,UK,Masters,"Java, Ruby","Laravel, Ruby on Rails",Nov-50,123508
35,USA,Bachelors,"Ruby, C#","Flask, React",51-200,232755
36,USA,Masters,"Java, C#","Spring, Laravel",10-Jan,175204
37,India,Bachelors,"PHP, C++","Ruby on Rails, Express",Nov-50,123795
36,Japan,Masters,"Go, Ruby","Angular, ASP.NET",201-1000,147304
36,Germany,Bachelors,"Ruby, Java","ASP.NET, Angular",10-Jan,178629
1,USA,Masters,"Ruby, Go","Ruby on Rails, Spring",201-1000,119028
29,Brazil,Bachelors,"Python, Rust","React, ASP.NET",5000+,181215
40,Singapore,PhD,"PHP, PHP","Django, Spring",1001-5000,193905
7,Germany,Masters,"Rust, Go","React, React",1001-5000,86509
1,France,Masters,"Java, PHP","Ruby on Rails, Spring",10-Jan,75384
20,UK,Masters,"Swift, Rust","Flask, Django",51-200,145518
23,India,Masters,"Ruby, Go","React, Flask",201-1000,88123
32,USA,Masters,"Java, Rust","Django, ASP.NET",201-1000,178838
19,Japan,PhD,"Rust, Ruby","React, Angular",51-200,148953
10,Canada,Bachelors,"Go, Ruby","ASP.NET, Ruby on Rails",51-200,101851
8,USA,Masters,"JavaScript, Ruby","React, Spring",5000+,133211
18,Japan,Bachelors,"Ruby, Swift","Express, Spring",Nov-50,89485
11,India,Bachelors,"Python, Swift","Express, Django",5000+,51028
25,Germany,Bachelors,"JavaScript, PHP","Angular, Vue",201-1000,111833
14,USA,Some College,"Go, Rust","Express, Ruby on Rails",201-1000,116754
34,Germany,Bachelors,"PHP, C++","Spring, React",51-200,188262
13,UK,Bachelors,"Python, Go","Spring, Spring",Nov-50,103549
16,France,Bachelors,"Go, C++","Flask, Flask",51-200,90436
4,USA,Masters,"Ruby, PHP","Ruby on Rails, Django",Nov-50,115515
13,India,Bachelors,"Swift, C#","Laravel, Angular",Nov-50,58017
32,UK,Bachelors,"PHP, C#","Django, Ruby on Rails",1001-5000,140594
0,Singapore,Bachelors,"C++, Rust","Express, Ruby on Rails",51-200,42676
1,USA,Bachelors,"Java, Ruby","ASP.NET, React",51-200,93475
11,USA,Bachelors,"Java, Ruby","Express, Angular",5000+,136988
25,Germany,Some College,"Swift, Python","Spring, Express",51-200,161129
36,USA,Some College,"Python, C#","Spring, Express",201-1000,158544
13,USA,Bachelors,"C++, JavaScript","Django, React",1001-5000,133769
4,Canada,Bachelors,"Go, JavaScript","Angular, Vue",201-1000,83284
29,Australia,Bachelors,"Ruby, PHP","Spring, Angular",1001-5000,142978
3,Canada,Bachelors,"Rust, Rust","Flask, Express",5000+,88615
25,Australia,Some College,"C#, Swift","ASP.NET, Ruby on Rails",5000+,123583
37,India,PhD,"Go, C#","Spring, Express",201-1000,152838
25,Australia,Bachelors,"Python, Swift","Django, Ruby on Rails",5000+,152857
31,Germany,High School,"Rust, PHP","Spring, Express",51-200,135288
12,Germany,Bachelors,"JavaScript, JavaScript","Spring, Angular",Nov-50,112554
3,USA,Bachelors,"Java, PHP","Django, Spring",Nov-50,117798
2,Canada,Bachelors,"Ruby, PHP","Angular, Laravel",10-Jan,54563
4,India,Masters,"C#, C++","Spring, Laravel",5000+,52813
19,USA,Some College,"Python, C#","React, Laravel",1001-5000,174102
18,India,Masters,"Rust, Swift","ASP.NET, React",10-Jan,85985
13,Germany,Bachelors,"JavaScript, Go","ASP.NET, Flask",10-Jan,107384
37,USA,Bachelors,"Rust, C#","Laravel, React",201-1000,166245
24,UK,Masters,"JavaScript, Java","Ruby on Rails, Spring",51-200,129626
26,France,High School,"Swift, Rust","Vue, Django",1001-5000,148837
32,Canada,PhD,"Go, Rust","Laravel, Express",Nov-50,209457
1,France,Masters,"Rust, PHP","ASP.NET, ASP.NET",201-1000,54111
3,Canada,Masters,"Swift, JavaScript","Flask, Vue",1001-5000,64710
25,USA,High School,"Python, Swift","Django, Flask",Nov-50,159231
5,USA,Masters,"Go, C++","Laravel, React",Nov-50,92954
9,USA,Bachelors,"PHP, C++","Angular, Laravel",5000+,153856
11,Singapore,Bachelors,"Go, Ruby","React, React",51-200,73865
24,USA,Masters,"JavaScript, Ruby","Spring, ASP.NET",51-200,158027
14,USA,Bachelors,"JavaScript, Rust","Angular, ASP.NET",Nov-50,138507
12,India,Masters,"Python, Ruby","Spring, Flask",5000+,76135
0,USA,Some College,"Ruby, Swift","Express, React",5000+,111137
5,Singapore,Masters,"PHP, Java","Django, Spring",1001-5000,77096
0,USA,Masters,"Python, Rust","Spring, Spring",51-200,97377
33,Singapore,Some College,"C++, C#","Vue, Angular",1001-5000,146550
8,France,Bachelors,"JavaScript, Swift","Ruby on Rails, Flask",201-1000,76809
4,USA,Bachelors,"Rust, Rust","Angular, Spring",Nov-50,120238
7,India,Bachelors,"Ruby, Python","Vue, Spring",51-200,38525
17,UK,Bachelors,"C#, Java","ASP.NET, Angular",51-200,93014
26,UK,High School,"Python, C++","Ruby on Rails, Django",Nov-50,123691
32,Germany,PhD,"Rust, C#","Vue, Express",Nov-50,188752
35,USA,Masters,"Ruby, Rust","Ruby on Rails, Ruby on Rails",5000+,213818
3,UK,Bachelors,"Python, Rust","Spring, ASP.NET",1001-5000,57386
14,USA,Bachelors,"PHP, C++","Angular, ASP.NET",5000+,118235
9,Canada,Bachelors,"C++, C++","Express, Express",Nov-50,93938
15,France,Some College,"JavaScript, Java","Express, Ruby on Rails",Nov-50,85390
34,USA,Bachelors,"PHP, Rust","Vue, Express",51-200,156247
33,UK,Bachelors,"Java, PHP","Vue, Vue",201-1000,131923
10,USA,Bachelors,"PHP, PHP","Angular, Vue",51-200,117507
18,USA,Bachelors,"Ruby, JavaScript","Angular, Flask",201-1000,172791
2,Germany,Bachelors,"Go, Swift","Laravel, React",10-Jan,74838
27,USA,Masters,"Go, Swift","Flask, React",201-1000,179593
2,USA,Masters,"C++, Go","Flask, Spring",5000+,131013
0,USA,Masters,"Java, PHP","Vue, Spring",10-Jan,92153
17,USA,Masters,"C#, Rust","Angular, Flask",10-Jan,171411
14,India,Masters,"Ruby, PHP","ASP.NET, Ruby on Rails",201-1000,61078
31,Australia,Bachelors,"JavaScript, Java","Ruby on Rails, ASP.NET",Nov-50,117586
23,Brazil,Masters,"Swift, C#","Spring, Flask",1001-5000,122586
3,Canada,Bachelors,"PHP, C++","Django, ASP.NET",5000+,86881
15,Australia,Masters,"Python, Python","React, Ruby on Rails",201-1000,85185
17,USA,Bachelors,"Python, Ruby","Spring, Express",Nov-50,120931
39,UK,PhD,"Go, Rust","Ruby on Rails, Django",5000+,184179
39,Canada,Bachelors,"PHP, Java","Laravel, Django",51-200,188085
27,Australia,Bachelors,"PHP, Go","Ruby on Rails, Express",51-200,148120
14,UK,Some College,"C#, Java","Express, React",1001-5000,90723
19,Canada,Bachelors,"Rust, Java","Laravel, Express",Nov-50,101787
5,Japan,Masters,"PHP, Ruby","Spring, Laravel",10-Jan,73752
37,UK,Bachelors,"Swift, C++","React, Spring",201-1000,200490
16,USA,Masters,"C#, Swift","Django, React",51-200,126838
1,France,Bachelors,"Java, PHP","Flask, Spring",5000+,59393
7,India,Bachelors,"PHP, Swift","Django, Ruby on Rails",10-Jan,31429
13,USA,Bachelors,"Rust, Python","Laravel, Spring",1001-5000,126072
22,USA,Bachelors,"JavaScript, Swift","React, Laravel",1001-5000,147210
21,USA,Masters,"JavaScript, Swift","Laravel, Ruby on Rails",51-200,165862
29,USA,Bachelors,"JavaScript, Swift","Django, ASP.NET",5000+,216365
7,Canada,Masters,"PHP, Swift","Flask, ASP.NET",Nov-50,99562
26,USA,Bachelors,"Java, Java","Django, Express",Nov-50,158483
28,France,Bachelors,"Go, Rust","Flask, Angular",5000+,167104
29,USA,Bachelors,"JavaScript, Ruby","Express, Laravel",201-1000,181458
17,UK,Bachelors,"Python, PHP","Ruby on Rails, Django",5000+,134406
35,USA,Bachelors,"Rust, Python","Ruby on Rails, Laravel",1001-5000,208653
32,USA,Masters,"PHP, Rust","Flask, Laravel",5000+,234604
6,UK,Masters,"Swift, Python","Express, Django",51-200,71361
25,India,Bachelors,"Rust, Ruby","Angular, Angular",1001-5000,107998
21,USA,High School,"C++, PHP","Ruby on Rails, Angular",10-Jan,154483
17,USA,Masters,"C#, JavaScript","ASP.NET, Vue",201-1000,180280
20,Japan,Bachelors,"JavaScript, Rust","Spring, React",10-Jan,125764
4,USA,Bachelors,"Ruby, C++","Flask, Angular",10-Jan,91004
22,India,Bachelors,"C#, JavaScript","Express, Express",51-200,71143
18,UK,High School,"Ruby, Swift","React, Spring",10-Jan,96848
0,USA,Masters,"PHP, Rust","Angular, Django",5000+,106162
15,Germany,Masters,"C#, Ruby","ASP.NET, React",10-Jan,120531
15,USA,Masters,"Go, Ruby","Django, Django",10-Jan,125263
21,USA,Bachelors,"Rust, Rust","Laravel, Ruby on Rails",Nov-50,149506
33,UK,High School,"Java, Python","Angular, React",1001-5000,181585
18,USA,Bachelors,"PHP, C#","Flask, Flask",1001-5000,166858
39,Australia,High School,"Python, Rust","Angular, ASP.NET",51-200,196517
20,USA,Bachelors,"Ruby, C++","ASP.NET, ASP.NET",201-1000,143813
31,USA,High School,"JavaScript, Rust","Flask, Django",5000+,164142
15,India,Bachelors,"Swift, Ruby","Angular, Ruby on Rails",10-Jan,50685
15,Canada,Bachelors,"Python, C++","Vue, Laravel",51-200,96082
36,USA,Bachelors,"JavaScript, Java","Angular, Ruby on Rails",10-Jan,211638
8,USA,Bachelors,"Swift, C#","Flask, Angular",1001-5000,115111
34,Australia,Bachelors,"Go, Go","ASP.NET, Ruby on Rails",Nov-50,129937
0,Germany,Bachelors,"Go, PHP","Ruby on Rails, Vue",201-1000,54405
14,UK,Masters,"Rust, Python","Django, Express",1001-5000,103883
35,Canada,Masters,"Swift, JavaScript","Ruby on Rails, Express",5000+,185762
38,USA,Bachelors,"Rust, Python","Laravel, Express",Nov-50,201822
34,Brazil,Bachelors,"Rust, C++","ASP.NET, ASP.NET",201-1000,163021
17,Canada,Bachelors,"C++, Ruby","Laravel, Flask",Nov-50,124726
18,USA,Some College,"Go, Rust","Flask, Spring",201-1000,158489
26,USA,PhD,"Java, JavaScript","Angular, React",Nov-50,212385
7,USA,Bachelors,"C++, Rust","React, Angular",51-200,102310
35,India,Some College,"Go, JavaScript","Angular, Spring",5000+,120546
27,USA,Masters,"C#, JavaScript","Django, Angular",51-200,193576
25,USA,Bachelors,"Python, Ruby","Ruby on Rails, ASP.NET",Nov-50,146936
35,USA,Bachelors,"Ruby, Go","Ruby on Rails, Spring",5000+,219998
37,France,Bachelors,"Ruby, Swift","Ruby on Rails, Vue",5000+,190279
15,USA,Bachelors,"C++, Java","ASP.NET, Flask",51-200,145437
32,Germany,Masters,"Go, JavaScript","Ruby on Rails, Flask",1001-5000,146211
14,India,Bachelors,"C#, Rust","Vue, React",10-Jan,49697
32,Canada,Bachelors,"C++, Ruby","Ruby on Rails, Ruby on Rails",51-200,158715
13,USA,Bachelors,"C++, Ruby","Vue, Django",1001-5000,138024
26,France,Bachelors,"C#, Go","Spring, Ruby on Rails",5000+,124821
14,USA,Bachelors,"Python, Java","Spring, Express",51-200,115533
36,Canada,Bachelors,"Python, C++","Angular, Vue",5000+,176657
34,France,Masters,"Ruby, C#","Spring, Spring",Nov-50,158508
15,USA,Masters,"Swift, Java","Angular, Django",10-Jan,164675
26,Japan,Masters,"Rust, JavaScript","Django, Vue",10-Jan,142322
14,India,Bachelors,"Ruby, Swift","Ruby on Rails, Django",201-1000,66272
20,Australia,Masters,"Python, C#","Ruby on Rails, Angular",10-Jan,129213
22,USA,Bachelors,"Python, Swift","Django, Vue",Nov-50,181441
32,UK,Some College,"JavaScript, JavaScript","Vue, Express",5000+,163627
20,India,Bachelors,"Go, JavaScript","React, Django",1001-5000,75991
5,France,Bachelors,"Java, C++","React, Angular",201-1000,58331
32,Japan,Bachelors,"JavaScript, C#","Laravel, Express",10-Jan,166395
39,USA,Bachelors,"Go, Go","Ruby on Rails, Laravel",51-200,221431
21,UK,Bachelors,"C#, PHP","React, Express",10-Jan,138217
23,Brazil,Bachelors,"Rust, Rust","Django, Vue",51-200,124202
32,France,Masters,"C#, C++","React, ASP.NET",5000+,174568
9,Germany,Bachelors,"Ruby, JavaScript","Vue, Spring",51-200,99671
36,India,Masters,"Python, JavaScript","ASP.NET, Laravel",201-1000,108702
38,Australia,Some College,"Rust, JavaScript","Angular, Express",Nov-50,176833
35,USA,Masters,"PHP, Swift","Vue, React",1001-5000,178854
23,India,Bachelors,"PHP, C++","Express, ASP.NET",10-Jan,93914
0,Canada,Some College,"Python, C++","Express, React",51-200,62222
28,UK,High School,"Swift, Ruby","ASP.NET, Express",Nov-50,150012
0,UK,Bachelors,"Java, JavaScript","Express, Flask",1001-5000,63873
11,Canada,Bachelors,"C#, Go","Spring, Laravel",51-200,111355
27,USA,Bachelors,"PHP, Ruby","ASP.NET, Ruby on Rails",Nov-50,139274
10,Canada,PhD,"C++, PHP","Angular, React",5000+,138956
27,Brazil,PhD,"C++, Swift","React, Express",1001-5000,158501
27,France,Bachelors,"Go, Python","Express, React",Nov-50,122701
28,France,Masters,"C#, Python","Angular, Django",1001-5000,166777
10,USA,Bachelors,"Ruby, Swift","Spring, Ruby on Rails",201-1000,106312
22,USA,Bachelors,"Java, Swift","ASP.NET, React",51-200,127445
7,UK,Bachelors,"Go, Python","Angular, Vue",Nov-50,90885
9,USA,Bachelors,"PHP, C#","Ruby on Rails, Angular",1001-5000,116533
24,Singapore,Bachelors,"Swift, Go","ASP.NET, Angular",51-200,126036
19,India,Bachelors,"C++, C++","Spring, Vue",51-200,75108
18,Canada,Bachelors,"PHP, JavaScript","Angular, React",10-Jan,127793
40,USA,PhD,"Python, Java","React, Ruby on Rails",Nov-50,204677
20,USA,Bachelors,"Python, JavaScript","Spring, Ruby on Rails",201-1000,147325
12,Brazil,High School,"Go, Go","ASP.NET, Ruby on Rails",51-200,74693
25,USA,Masters,"Rust, Python","Laravel, Express",10-Jan,148449
4,Canada,Masters,"Swift, JavaScript","Django, Spring",Nov-50,74695
39,Germany,Some College,"C#, Ruby","React, Spring",Nov-50,202959
34,Japan,Masters,"Swift, JavaScript","Express, Ruby on Rails",201-1000,144815
0,Singapore,Bachelors,"Java, Ruby","React, Spring",1001-5000,56161
15,Singapore,Bachelors,"Rust, Swift","Express, Express",Nov-50,92526
29,Canada,Some College,"C++, JavaScript","Spring, ASP.NET",201-1000,133443
9,USA,Masters,"Python, Java","Flask, Flask",10-Jan,102302
11,Japan,Bachelors,"Java, C#","Ruby on Rails, ASP.NET",201-1000,68138
19,India,Some College,"JavaScript, Ruby","Spring, Angular",201-1000,82022
33,Canada,Bachelors,"JavaScript, Go","Ruby on Rails, Angular",10-Jan,183709
8,USA,Some College,"C++, C#","Ruby on Rails, ASP.NET",10-Jan,103094
27,USA,Masters,"Go, Python","Ruby on Rails, Express",201-1000,146189
0,Canada,High School,"C++, Swift","Django, Flask",51-200,50798
12,India,Some College,"Ruby, C#","Flask, Angular",51-200,56937
29,Germany,PhD,"C++, Java","Vue, ASP.NET",1001-5000,177381
8,USA,Masters,"Python, C#","Angular, ASP.NET",Nov-50,144775
35,USA,Bachelors,"C#, Ruby","ASP.NET, Flask",5000+,231329
11,India,Masters,"C#, PHP","Ruby on Rails, Django",201-1000,60357
25,Germany,Bachelors,"Java, Python","Angular, Flask",10-Jan,136859
16,Germany,Bachelors,"Java, PHP","Vue, Ruby on Rails",5000+,141571
30,Germany,Some College,"Ruby, Ruby","Angular, Laravel",Nov-50,161664
11,India,Masters,"Python, PHP","Spring, Laravel",5000+,61461
38,Australia,Masters,"JavaScript, PHP","React, Ruby on Rails",1001-5000,168894
9,USA,Masters,"Java, JavaScript","React, Laravel",10-Jan,115740
16,Canada,PhD,"C++, Rust","Flask, Express",10-Jan,121572
35,India,Bachelors,"Python, C#","ASP.NET, Angular",5000+,139466
26,Brazil,Some College,"C++, Python","Django, Express",Nov-50,137372
0,France,Bachelors,"Java, Swift","Django, Spring",1001-5000,54215
31,Canada,Bachelors,"Ruby, Swift","Angular, Laravel",Nov-50,135711
17,USA,PhD,"JavaScript, Swift","Laravel, React",Nov-50,190899
39,Brazil,Bachelors,"Java, Swift","Angular, Ruby on Rails",5000+,217980
40,USA,Some College,"Java, Python","ASP.NET, React",1001-5000,244109
4,India,Some College,"Java, PHP","Vue, Ruby on Rails",1001-5000,28514
8,Brazil,Masters,"C++, Swift","ASP.NET, Vue",10-Jan,88534
15,USA,Bachelors,"JavaScript, JavaScript","Vue, Ruby on Rails",Nov-50,145355
6,Germany,Bachelors,"Swift, JavaScript","Django, Django",51-200,63400
8,USA,Bachelors,"Rust, JavaScript","Vue, Spring",10-Jan,93059
36,Brazil,Bachelors,"Swift, C#","Flask, Django",201-1000,155681
13,UK,Some College,"Go, Go","Ruby on Rails, Spring",1001-5000,109810
25,Canada,Bachelors,"C#, PHP","Vue, Vue",10-Jan,125222
20,India,Bachelors,"Go, PHP","Django, Laravel",1001-5000,79309
35,USA,Masters,"JavaScript, Swift","Flask, Spring",1001-5000,212470
27,Singapore,Masters,"C#, JavaScript","Laravel, Laravel",1001-5000,122325
21,India,Bachelors,"JavaScript, JavaScript","Django, React",Nov-50,66473
22,USA,Masters,"Swift, Rust","Ruby on Rails, Django",51-200,148273
6,USA,Bachelors,"Ruby, C#","Angular, Django",201-1000,88873
7,USA,Bachelors,"Swift, Go","ASP.NET, Vue",51-200,104582
14,USA,Bachelors,"Swift, JavaScript","Spring, Ruby on Rails",201-1000,128362
10,USA,Bachelors,"Ruby, C#","React, React",10-Jan,124751
28,USA,Bachelors,"C#, Go","React, ASP.NET",5000+,204555
2,USA,Some College,"Java, C#","ASP.NET, Angular",1001-5000,81583
35,USA,Masters,"PHP, Java","Laravel, Vue",10-Jan,164725
25,India,Bachelors,"Java, Go","Spring, Angular",201-1000,106186
37,USA,Bachelors,"Python, Python","Ruby on Rails, Django",5000+,187534
0,USA,Bachelors,"Ruby, Go","Flask, Vue",51-200,80567
10,Germany,Bachelors,"JavaScript, Rust","Spring, ASP.NET",5000+,125577
23,Germany,Masters,"Python, Java","Flask, Laravel",201-1000,142950
36,Canada,Masters,"Java, Java","Express, Express",51-200,212194
33,Brazil,Bachelors,"Go, Java","Laravel, Django",201-1000,158702
17,USA,Masters,"Go, Swift","Django, Flask",201-1000,157656
10,India,Some College,"Swift, Swift","Vue, Vue",Nov-50,48549
19,USA,High School,"Python, Python","Angular, Flask",5000+,171630
16,Germany,Bachelors,"Java, C#","Flask, Express",1001-5000,96845
12,USA,Bachelors,"PHP, JavaScript","Ruby on Rails, Express",10-Jan,120413
40,India,Bachelors,"Rust, Go","Angular, Spring",201-1000,115011
10,USA,High School,"PHP, C++","ASP.NET, Laravel",201-1000,103628
38,Brazil,Masters,"Ruby, Swift","Express, Express",1001-5000,192383
18,Singapore,Bachelors,"JavaScript, JavaScript","Laravel, Django",10-Jan,99570
33,Germany,Bachelors,"Swift, PHP","Spring, Express",Nov-50,168324
31,France,Bachelors,"Go, PHP","Flask, Angular",Nov-50,163817
5,UK,Bachelors,"C++, C#","Spring, Vue",51-200,89133
11,India,PhD,"Ruby, Go","Express, Ruby on Rails",10-Jan,76599
19,USA,Bachelors,"Rust, Rust","Flask, Ruby on Rails",201-1000,174504
15,Germany,Bachelors,"Rust, Java","Laravel, Django",1001-5000,124105
19,India,Bachelors,"C#, C#","Express, Ruby on Rails",201-1000,61312
11,USA,High School,"JavaScript, Ruby","Angular, Express",1001-5000,110182
38,USA,Bachelors,"Ruby, Rust","Django, Angular",Nov-50,235329
1,India,Bachelors,"C++, Java","Express, ASP.NET",201-1000,15403
25,Australia,Bachelors,"Swift, Python","ASP.NET, Flask",51-200,109741
23,Germany,Masters,"C#, C++","Flask, Angular",10-Jan,144276
18,Australia,Masters,"Python, C#","Ruby on Rails, Laravel",Nov-50,117463
8,Japan,Bachelors,"Go, C++","Spring, Ruby on Rails",51-200,79644
13,USA,Bachelors,"JavaScript, C++","Angular, React",51-200,134600
8,USA,Bachelors,"C++, C++","Django, Vue",1001-5000,106040
39,UK,Some College,"Swift, Java","Django, ASP.NET",10-Jan,147959
31,Germany,Masters,"C#, Rust","Vue, Django",10-Jan,143282
1,Canada,Bachelors,"Rust, Go","Flask, Express",1001-5000,71125
4,USA,Bachelors,"Java, Rust","Angular, Angular",201-1000,105023
4,USA,PhD,"Python, C#","Express, Angular",1001-5000,119115
16,India,Masters,"Python, PHP","Django, React",10-Jan,63846
7,UK,Bachelors,"JavaScript, PHP","Flask, Vue",1001-5000,94140
10,Germany,Masters,"Python, Ruby","Ruby on Rails, Flask",51-200,86277
20,USA,Masters,"Go, Ruby","Laravel, ASP.NET",51-200,128130
22,Singapore,Masters,"Go, Ruby","Spring, Vue",1001-5000,148337
17,Canada,Some College,"Swift, Python","Spring, Ruby on Rails",201-1000,90302
13,Brazil,Bachelors,"PHP, Ruby","Laravel, Spring",51-200,89884
40,India,PhD,"C#, Swift","Express, Spring",10-Jan,185636
12,USA,Bachelors,"Ruby, C#","Vue, Express",201-1000,133541
17,Japan,Bachelors,"JavaScript, Go","Django, Flask",10-Jan,105131
39,Germany,PhD,"PHP, JavaScript","Spring, Angular",1001-5000,164947
20,UK,Bachelors,"Go, Java","Spring, Ruby on Rails",51-200,126867
27,UK,Bachelors,"C#, Ruby","React, Laravel",51-200,143003
14,Germany,Masters,"JavaScript, PHP","Vue, Ruby on Rails",5000+,147460
36,Germany,Bachelors,"Go, Ruby","Express, Ruby on Rails",5000+,180392
39,India,PhD,"Ruby, Python","Flask, Express",51-200,137683
36,Canada,Bachelors,"C++, Go","Spring, Spring",201-1000,161867
30,UK,Masters,"Java, PHP","Vue, Angular",Nov-50,141167
31,Canada,Bachelors,"JavaScript, Swift","Ruby on Rails, Django",1001-5000,146039
19,UK,Masters,"Python, PHP","Laravel, Flask",Nov-50,105947
8,USA,Bachelors,"Ruby, C++","Django, Laravel",51-200,116166
38,Canada,Masters,"Ruby, Python","Express, Vue",51-200,205601
2,USA,Masters,"Swift, Go","Django, Spring",5000+,144870
39,Germany,Masters,"Swift, Go","Django, Angular",Nov-50,151181
13,Japan,Masters,"Ruby, C#","Vue, Spring",51-200,104209
17,Germany,Bachelors,"Java, Rust","React, Django",1001-5000,101045
12,USA,Bachelors,"JavaScript, Java","Django, Vue",Nov-50,142848
29,USA,PhD,"Java, Swift","Laravel, Spring",201-1000,205209
10,India,Masters,"Rust, C#","React, Flask",Nov-50,47503
34,France,Bachelors,"Swift, Rust","Angular, Express",10-Jan,138089
19,India,High School,"Python, PHP","Ruby on Rails, Django",10-Jan,73314
12,France,Masters,"Swift, Python","Flask, Laravel",5000+,100269
14,France,Bachelors,"Swift, Java","Ruby on Rails, Express",5000+,125600
37,Canada,Bachelors,"C++, PHP","React, Spring",Nov-50,201843
32,USA,Masters,"Go, C++","Spring, Angular",1001-5000,210357
27,Japan,Some College,"C#, Java","React, Angular",51-200,148617
23,USA,Bachelors,"Ruby, C++","Django, Angular",201-1000,139538
36,Singapore,Masters,"C#, PHP","ASP.NET, ASP.NET",Nov-50,195940
24,USA,Masters,"Go, PHP","Laravel, Ruby on Rails",Nov-50,180368
24,UK,Some College,"PHP, Rust","ASP.NET, Vue",51-200,150756
27,Canada,Bachelors,"Python, Rust","ASP.NET, Django",1001-5000,148175
2,France,Masters,"C++, C++","Ruby on Rails, Ruby on Rails",201-1000,77048
37,USA,Bachelors,"PHP, JavaScript","Express, Angular",Nov-50,173974
7,Australia,Bachelors,"Java, C#","Express, Laravel",201-1000,71264
29,India,Masters,"Swift, Ruby","Angular, Flask",5000+,141502
17,USA,Some College,"Go, Python","Django, Laravel",51-200,115470
18,USA,Bachelors,"Java, Java","React, Ruby on Rails",5000+,183627
23,USA,Bachelors,"Swift, C++","Ruby on Rails, Express",1001-5000,177205
8,USA,Bachelors,"C#, Go","Angular, React",201-1000,118949
32,USA,Bachelors,"Python, Java","ASP.NET, ASP.NET",1001-5000,169155
25,India,Bachelors,"C++, Swift","Django, Express",Nov-50,81768
12,USA,Bachelors,"PHP, Swift","Laravel, Laravel",Nov-50,113503
10,Japan,Masters,"PHP, C++","React, React",51-200,87609
1,India,Masters,"Go, Ruby","Laravel, Vue",10-Jan,25014
11,India,Masters,"Swift, Java","Flask, Laravel",51-200,63228
39,Australia,PhD,"Swift, Python","Angular, Angular",51-200,154632
33,USA,Masters,"Swift, C#","Vue, Django",5000+,252888
11,USA,PhD,"C#, C#","Ruby on Rails, Spring",10-Jan,141782
24,USA,Bachelors,"Python, Ruby","Angular, Angular",5000+,160580
29,UK,Masters,"Swift, Go","Vue, Ruby on Rails",201-1000,161368
7,Singapore,Masters,"Swift, PHP","React, Flask",1001-5000,68149
18,USA,Bachelors,"JavaScript, Rust","React, Flask",5000+,155487
21,Australia,Bachelors,"JavaScript, Swift","Express, Spring",5000+,120055
12,UK,Masters,"Java, C++","Spring, Angular",10-Jan,98613
23,USA,Masters,"Swift, JavaScript","Express, Ruby on Rails",5000+,156120
26,Japan,Bachelors,"Rust, C#","ASP.NET, Express",5000+,140402
33,USA,Masters,"PHP, C++","Spring, ASP.NET",10-Jan,190218
21,India,Bachelors,"PHP, Python","Angular, ASP.NET",1001-5000,71776
18,USA,Bachelors,"Swift, Ruby","Flask, Flask",Nov-50,166628
11,Canada,Masters,"PHP, C#","Vue, Laravel",10-Jan,82682
19,UK,Masters,"JavaScript, Python","Spring, React",10-Jan,132097
8,USA,PhD,"C++, C++","Express, Angular",51-200,139098
27,UK,Bachelors,"Python, C#","ASP.NET, React",10-Jan,152792
30,Germany,Bachelors,"Java, Swift","Flask, Spring",Nov-50,137734
16,UK,Bachelors,"Go, JavaScript","React, React",1001-5000,111707
23,UK,Masters,"Python, PHP","Vue, Laravel",201-1000,127039
11,India,Masters,"Python, PHP","Flask, ASP.NET",201-1000,65693
20,Canada,Masters,"JavaScript, Java","React, Flask",Nov-50,134363
14,Canada,Some College,"Java, Ruby","Spring, Angular",5000+,137098
5,UK,Bachelors,"Java, C#","Laravel, ASP.NET",10-Jan,79730
14,Germany,Masters,"PHP, JavaScript","Django, Ruby on Rails",5000+,135041
28,India,Bachelors,"Rust, Rust","Express, Laravel",10-Jan,89555
3,USA,PhD,"C++, Java","Django, Vue",Nov-50,111132
32,Canada,Bachelors,"PHP, PHP","Angular, Express",10-Jan,186964
14,Australia,Masters,"JavaScript, C#","Spring, Flask",51-200,87776
33,Canada,Bachelors,"Ruby, Ruby","React, Flask",Nov-50,171356
30,India,Bachelors,"Ruby, Swift","Angular, Flask",201-1000,96794
32,USA,Bachelors,"PHP, Python","Express, ASP.NET",5000+,181473
30,Germany,Some College,"C++, Swift","ASP.NET, Ruby on Rails",201-1000,141574
33,USA,Bachelors,"C++, Go","Laravel, Ruby on Rails",201-1000,205039
16,USA,Bachelors,"Go, Swift","Ruby on Rails, Vue",201-1000,125164
35,USA,PhD,"PHP, C++","Vue, Ruby on Rails",Nov-50,196381
19,France,Masters,"Java, C++","Angular, React",10-Jan,122894
4,USA,PhD,"JavaScript, Ruby","Flask, React",Nov-50,107733
21,USA,Masters,"C++, C++","ASP.NET, Ruby on Rails",1001-5000,131636
34,USA,Bachelors,"JavaScript, C#","Vue, Angular",51-200,218575
3,Australia,Masters,"Java, Swift","Flask, React",10-Jan,62556
3,France,Masters,"Swift, JavaScript","Angular, Angular",201-1000,70580
34,France,Masters,"C#, Python","React, Angular",5000+,199022
2,USA,Bachelors,"C#, Go","Vue, Ruby on Rails",Nov-50,91084
29,USA,Some College,"Java, C++","Django, Vue",201-1000,146562
27,USA,Bachelors,"PHP, Go","Laravel, React",51-200,162044
13,USA,Bachelors,"PHP, Ruby","Angular, Spring",10-Jan,150085
15,USA,Bachelors,"C#, Go","Angular, Flask",5000+,161136
40,USA,Masters,"C#, Ruby","Vue, React",1001-5000,195213
7,Germany,Bachelors,"Ruby, Python","ASP.NET, Django",1001-5000,80838
2,USA,Bachelors,"JavaScript, C++","Django, Django",10-Jan,101204
12,Germany,Masters,"C#, C++","Ruby on Rails, React",1001-5000,106945
24,Germany,Bachelors,"Python, C#","ASP.NET, Spring",5000+,130825
30,USA,Bachelors,"Python, Rust","Flask, Vue",1001-5000,214199
34,India,Some College,"Java, PHP","Django, Vue",Nov-50,132365
4,India,High School,"Swift, Java","ASP.NET, React",1001-5000,23194
35,USA,Masters,"Rust, Rust","Angular, Flask",51-200,230812
36,Germany,Bachelors,"JavaScript, Go","ASP.NET, Laravel",51-200,189102
14,UK,Masters,"Rust, Ruby","Spring, Django",10-Jan,93456
38,Canada,Bachelors,"Ruby, Python","Express, Ruby on Rails",1001-5000,157846
4,France,Some College,"Rust, Swift","ASP.NET, Laravel",1001-5000,70750
2,USA,Some College,"C++, C++","Django, Ruby on Rails",Nov-50,106433
15,USA,Masters,"C++, Swift","Express, Laravel",5000+,174354
13,UK,Bachelors,"PHP, Swift","Angular, Express",51-200,112504
23,Canada,Bachelors,"Java, JavaScript","Spring, Flask",201-1000,122365
0,USA,Masters,"Python, Ruby","ASP.NET, Flask",10-Jan,92709
6,USA,High School,"JavaScript, Go","Django, React",51-200,104960
25,USA,Some College,"PHP, Java","Django, ASP.NET",5000+,150428
37,Canada,Bachelors,"C++, Java","Laravel, Express",201-1000,192057
16,USA,PhD,"C++, Python","Laravel, ASP.NET",10-Jan,130695
36,USA,Bachelors,"Java, Python","Vue, Ruby on Rails",Nov-50,225747
3,USA,Some College,"Java, JavaScript","Vue, ASP.NET",Nov-50,110076
10,USA,Bachelors,"C#, Java","Express, Django",Nov-50,136731
23,Japan,Masters,"JavaScript, Rust","Vue, Vue",Nov-50,122244
21,Australia,Bachelors,"PHP, C#","Ruby on Rails, Angular",1001-5000,131533
10,USA,Bachelors,"Ruby, Swift","ASP.NET, Laravel",51-200,128951
1,USA,Bachelors,"PHP, C++","Spring, Spring",10-Jan,84100
38,USA,Masters,"C++, JavaScript","ASP.NET, ASP.NET",51-200,235677
33,USA,Bachelors,"Java, Swift","Laravel, React",10-Jan,218122
2,Germany,High School,"Rust, PHP","Spring, Vue",1001-5000,76321
28,India,Bachelors,"PHP, Java","Ruby on Rails, ASP.NET",1001-5000,116658
29,France,Bachelors,"C#, Rust","Spring, React",51-200,125950
26,UK,Masters,"C++, PHP","Django, Django",51-200,124258
1,Germany,Masters,"Java, Java","React, Angular",1001-5000,60114
29,Canada,Masters,"C#, C#","Laravel, Express",Nov-50,156377
33,Canada,Bachelors,"Rust, Python","Ruby on Rails, Express",1001-5000,141435
8,India,Masters,"C++, Java","Django, Ruby on Rails",10-Jan,46693
9,Australia,Masters,"C#, Java","Vue, Angular",51-200,85812
23,USA,Masters,"JavaScript, C#","Spring, Flask",51-200,143264
0,France,Bachelors,"C++, Go","Laravel, Laravel",10-Jan,45077
31,Germany,Masters,"JavaScript, PHP","Django, Spring",10-Jan,136474
31,France,Masters,"C++, Swift","Angular, ASP.NET",10-Jan,153041
20,Japan,Masters,"Ruby, JavaScript","Express, ASP.NET",Nov-50,112371
18,India,Bachelors,"C#, C#","Flask, Vue",Nov-50,60173
39,USA,Bachelors,"C++, Python","React, ASP.NET",201-1000,209749
19,USA,Some College,"C#, Go","Laravel, Spring",201-1000,142576
24,USA,Bachelors,"JavaScript, Rust","Django, Spring",5000+,175491
5,Brazil,High School,"Python, Python","React, React",201-1000,57534
36,USA,Bachelors,"C++, Rust","Express, Vue",201-1000,198930
28,UK,Bachelors,"Rust, C#","Laravel, Spring",Nov-50,127402
0,Canada,Masters,"Rust, Go","Flask, Laravel",201-1000,73841
7,India,Masters,"Swift, PHP","ASP.NET, Django",1001-5000,42752
9,USA,Some College,"C#, C++","Spring, Laravel",10-Jan,102712
6,Singapore,Bachelors,"C++, C++","React, React",10-Jan,64444
36,USA,Bachelors,"Python, Java","Express, Django",201-1000,174772
1,USA,Masters,"JavaScript, JavaScript","Django, Express",5000+,129680
4,USA,Masters,"Python, Java","Django, Angular",1001-5000,115586
28,USA,Bachelors,"Java, Swift","Spring, Ruby on Rails",5000+,202023
34,Canada,Bachelors,"C#, Python","Vue, Laravel",1001-5000,158366
21,USA,Some College,"Python, Python","Flask, React",Nov-50,179434
5,India,Bachelors,"C++, C++","React, Vue",51-200,27871
35,France,Masters,"JavaScript, JavaScript","Laravel, Vue",51-200,176770
0,USA,Masters,"Rust, JavaScript","Laravel, Vue",201-1000,115061
18,USA,Bachelors,"C++, Python","Laravel, Ruby on Rails",10-Jan,134480
34,USA,High School,"Python, Rust","Vue, Laravel",Nov-50,220892
28,USA,Masters,"C#, Rust","Flask, Django",5000+,236698
31,Brazil,Masters,"Java, C#","Django, Express",201-1000,136494
32,USA,Masters,"Rust, JavaScript","Express, Angular",Nov-50,215842
3,USA,Masters,"Swift, Rust","Django, Express",1001-5000,97710
3,India,Bachelors,"C#, Ruby","Laravel, Spring",10-Jan,23629
7,Germany,Bachelors,"Java, C#","ASP.NET, Ruby on Rails",201-1000,74368
27,Canada,Masters,"Ruby, PHP","Django, Vue",51-200,175380
13,USA,Masters,"Go, PHP","Express, Django",Nov-50,134415
6,Canada,Bachelors,"Python, Swift","Ruby on Rails, Spring",10-Jan,84032
30,USA,Masters,"Go, C#","React, React",1001-5000,210286
39,Singapore,Bachelors,"Swift, Python","Ruby on Rails, ASP.NET",51-200,173143
9,USA,Bachelors,"Swift, PHP","React, Ruby on Rails",10-Jan,129001
25,France,Bachelors,"Swift, C++","Flask, Laravel",Nov-50,116051
1,USA,Some College,"Python, C++","React, Angular",201-1000,79186
5,Australia,Bachelors,"C++, Rust","Flask, Laravel",1001-5000,63037
24,USA,High School,"Rust, Rust","Angular, Express",201-1000,161796
36,India,Some College,"PHP, C++","Django, Spring",51-200,125933
32,Australia,Bachelors,"Python, PHP","Django, Django",Nov-50,171053
18,Australia,Bachelors,"Go, Swift","Spring, React",Nov-50,98537
14,UK,Masters,"JavaScript, Rust","Ruby on Rails, Angular",51-200,124147
6,UK,PhD,"PHP, Python","Vue, Django",Nov-50,115794
1,USA,Some College,"Python, Ruby","Spring, ASP.NET",201-1000,85645
35,Canada,High School,"Swift, C#","Ruby on Rails, Flask",10-Jan,184892
1,USA,PhD,"C++, Swift","Laravel, Laravel",201-1000,95445
38,Japan,Masters,"Go, Python","React, Flask",Nov-50,195981
12,Canada,Masters,"Go, C++","Angular, Laravel",51-200,118804
17,Japan,PhD,"C++, Ruby","Angular, Angular",10-Jan,121777
11,France,Bachelors,"C#, PHP","Flask, Express",10-Jan,84412
13,UK,Bachelors,"C++, C++","Spring, ASP.NET",Nov-50,84296
32,India,Bachelors,"Python, PHP","Vue, Laravel",Nov-50,131721
10,USA,Bachelors,"Swift, PHP","Laravel, React",10-Jan,117354
31,Germany,Masters,"JavaScript, Java","Spring, Flask",201-1000,159859
16,USA,Bachelors,"PHP, JavaScript","Angular, ASP.NET",10-Jan,161148
20,USA,Some College,"Go, C#","React, Express",10-Jan,124960
32,USA,Bachelors,"C#, JavaScript","Laravel, Flask",10-Jan,211589
14,India,Masters,"Go, Java","Flask, React",51-200,78003
18,India,Bachelors,"C#, Swift","Spring, Express",1001-5000,80270
4,Germany,Bachelors,"PHP, Ruby","ASP.NET, ASP.NET",51-200,64178
36,Germany,Masters,"JavaScript, Python","Angular, Flask",5000+,173603
32,USA,Bachelors,"Python, Swift","Angular, Flask",1001-5000,191726
8,Brazil,Masters,"Go, Java","Django, Flask",51-200,100023
35,USA,Masters,"C#, Go","Flask, Ruby on Rails",Nov-50,199221
10,Canada,Bachelors,"Python, Python","Flask, Flask",Nov-50,94230
34,UK,Bachelors,"Python, Python","Angular, Spring",201-1000,135062
13,Germany,Masters,"JavaScript, C#","ASP.NET, Ruby on Rails",1001-5000,111605
13,India,Bachelors,"Python, C++","ASP.NET, Django",5000+,61707
27,UK,Masters,"C#, Ruby","Express, React",51-200,141435
8,Australia,Masters,"C++, PHP","Vue, Ruby on Rails",10-Jan,94311
5,USA,Bachelors,"Rust, Swift","Ruby on Rails, Laravel",10-Jan,104245
12,USA,Bachelors,"PHP, Java","Angular, Ruby on Rails",10-Jan,135471
39,USA,Masters,"PHP, Rust","Spring, Spring",51-200,254590
25,USA,Masters,"Rust, Ruby","Express, Flask",10-Jan,196286
29,USA,Bachelors,"JavaScript, PHP","Express, Angular",201-1000,161995
20,USA,Masters,"PHP, C++","React, Laravel",1001-5000,166296
24,France,Bachelors,"Python, C++","Spring, Django",Nov-50,114130
34,Japan,Bachelors,"Go, Ruby","Angular, ASP.NET",1001-5000,125740
27,USA,Some College,"JavaScript, Ruby","Ruby on Rails, Spring",Nov-50,183757
13,USA,High School,"PHP, Ruby","Django, Laravel",Nov-50,111273
11,USA,Masters,"JavaScript, Python","ASP.NET, ASP.NET",5000+,151638
11,Canada,Some College,"Ruby, PHP","Vue, Vue",201-1000,87791
33,UK,Bachelors,"PHP, JavaScript","Ruby on Rails, Express",5000+,199620
1,Brazil,Some College,"Ruby, Python","Vue, ASP.NET",10-Jan,54084
14,Canada,Masters,"C#, Python","React, Spring",10-Jan,112552
7,India,Some College,"Rust, JavaScript","Ruby on Rails, Angular",Nov-50,31934
25,Japan,Bachelors,"Python, Go","Vue, ASP.NET",Nov-50,103895
24,Australia,Some College,"C++, Ruby","Flask, React",201-1000,119500
14,Canada,Masters,"Rust, Go","React, Express",51-200,123865
35,Canada,Bachelors,"Java, Rust","React, Ruby on Rails",5000+,174779
28,Canada,Some College,"Java, PHP","Angular, Vue",Nov-50,117091
1,USA,Bachelors,"Java, Java","Ruby on Rails, ASP.NET",10-Jan,105788
23,Germany,PhD,"Rust, Python","ASP.NET, Flask",5000+,189022
4,India,Some College,"JavaScript, Swift","Spring, Vue",5000+,35002
20,Germany,Bachelors,"PHP, Java","Angular, Angular",51-200,111421
21,Germany,Masters,"JavaScript, Go","Express, Angular",1001-5000,141893
13,Germany,Bachelors,"PHP, Python","Laravel, Django",5000+,108368
39,Germany,Bachelors,"JavaScript, Go","ASP.NET, Angular",1001-5000,160781
39,India,Bachelors,"Go, Ruby","Vue, Laravel",51-200,144939
3,USA,Masters,"Go, Ruby","ASP.NET, Vue",51-200,106849
22,USA,Bachelors,"JavaScript, PHP","Laravel, ASP.NET",201-1000,183240
37,USA,Masters,"PHP, Rust","React, ASP.NET",51-200,236111
30,USA,Bachelors,"C#, JavaScript","Ruby on Rails, Ruby on Rails",51-200,155700
15,USA,Bachelors,"Swift, C++","Ruby on Rails, Django",51-200,151611
18,France,Bachelors,"Go, Python","Django, React",Nov-50,117379
18,Germany,Masters,"Go, Go","Spring, Spring",201-1000,126176
25,India,PhD,"Go, Ruby","Express, ASP.NET",10-Jan,98220
40,USA,Bachelors,"C++, Python","Ruby on Rails, Spring",1001-5000,248290
2,Japan,Bachelors,"Swift, Python","Spring, Django",51-200,44824
37,USA,Bachelors,"PHP, PHP","Ruby on Rails, Ruby on Rails",Nov-50,226669
30,Germany,Bachelors,"Java, JavaScript","ASP.NET, React",10-Jan,137571
33,USA,PhD,"Ruby, Java","Vue, ASP.NET",Nov-50,174237
32,USA,Masters,"Java, Ruby","React, Express",201-1000,232631
9,Japan,Masters,"Rust, Java","Laravel, Express",1001-5000,75482
15,USA,Bachelors,"C#, PHP","Flask, Django",Nov-50,160842
8,USA,Bachelors,"JavaScript, Rust","Vue, Spring",1001-5000,102336
4,Canada,Some College,"C++, Rust","Laravel, React",201-1000,72831
36,Canada,Some College,"JavaScript, C#","Flask, Vue",51-200,183244
7,France,Some College,"C#, JavaScript","Vue, Laravel",Nov-50,57874
19,USA,Masters,"C#, Rust","Ruby on Rails, Django",51-200,164983
39,Australia,High School,"Go, Java","Laravel, Flask",10-Jan,135084
23,Germany,Bachelors,"Swift, Java","Flask, Ruby on Rails",51-200,105923
39,UK,Some College,"Go, PHP","ASP.NET, Django",5000+,169147
40,Australia,Bachelors,"Java, C#","Angular, ASP.NET",201-1000,171685
31,USA,Masters,"JavaScript, C#","Laravel, Ruby on Rails",Nov-50,189038
10,USA,Bachelors,"Python, Java","Ruby on Rails, Vue",10-Jan,143594
14,USA,Bachelors,"Ruby, Python","Flask, Laravel",Nov-50,137700
7,UK,High School,"Go, PHP","Ruby on Rails, Express",5000+,83878
7,USA,Some College,"C++, PHP","Laravel, Spring",10-Jan,111026
1,UK,Bachelors,"C#, C#","ASP.NET, Laravel",51-200,51881
32,France,Bachelors,"Rust, C#","ASP.NET, Angular",201-1000,169941
26,India,Bachelors,"Go, C++","ASP.NET, Angular",51-200,90266
0,Singapore,Bachelors,"Ruby, JavaScript","ASP.NET, Vue",51-200,57548
22,Germany,Some College,"C#, PHP","Spring, Vue",5000+,113035
28,USA,Bachelors,"Python, Go","Vue, ASP.NET",5000+,185350
25,USA,Bachelors,"Go, Go","Django, Ruby on Rails",1001-5000,177327
17,UK,Bachelors,"Ruby, Python","Django, Spring",5000+,102987
35,Australia,Bachelors,"Java, Go","Django, Laravel",201-1000,128455
40,USA,Masters,"Rust, PHP","React, Express",5000+,237852
17,France,Masters,"Go, Python","Express, React",Nov-50,98234
33,Canada,High School,"C#, Ruby","Angular, Vue",5000+,172738
18,Japan,PhD,"Java, Python","ASP.NET, ASP.NET",5000+,157110
24,India,High School,"C#, Rust","Ruby on Rails, Vue",201-1000,100518
24,France,Bachelors,"C#, C++","Vue, Spring",51-200,141997
8,USA,Bachelors,"Swift, Swift","React, ASP.NET",201-1000,135365
12,USA,Bachelors,"Java, Python","Spring, Ruby on Rails",10-Jan,139229
0,India,High School,"Swift, Python","Express, React",51-200,13764
5,Australia,Bachelors,"JavaScript, C++","Spring, Flask",10-Jan,64292
33,India,Bachelors,"Python, Python","Express, Angular",5000+,124003
35,Australia,Bachelors,"Swift, C++","Express, Express",201-1000,167792
39,Germany,Bachelors,"Swift, JavaScript","Flask, Spring",1001-5000,209797
14,USA,Masters,"C++, Go","React, Spring",201-1000,143262
34,USA,Masters,"Go, Java","ASP.NET, Flask",10-Jan,237372
25,France,Masters,"Ruby, Go","Ruby on Rails, Laravel",5000+,137704
7,France,High School,"Java, JavaScript","Angular, Vue",Nov-50,66820
38,Canada,Masters,"C#, Swift","Spring, Flask",51-200,171486
35,France,Bachelors,"C#, C#","Ruby on Rails, Spring",5000+,196785
39,USA,Bachelors,"Rust, Go","React, ASP.NET",1001-5000,209005
6,USA,Masters,"C++, Go","Express, Express",201-1000,128448
34,India,Masters,"JavaScript, JavaScript","Vue, Laravel",1001-5000,106588
3,USA,Some College,"Rust, C#","Flask, Angular",10-Jan,96670
40,France,Bachelors,"Go, C++","Spring, ASP.NET",201-1000,191901
22,Japan,Bachelors,"Swift, C#","Ruby on Rails, ASP.NET",51-200,96983
9,Canada,Bachelors,"Python, Rust","Spring, Express",201-1000,93611
11,USA,Bachelors,"Java, C#","Ruby on Rails, Laravel",Nov-50,105658
5,Germany,Bachelors,"Swift, Ruby","Flask, Flask",51-200,88799
8,Canada,Bachelors,"Swift, Rust","Laravel, Flask",1001-5000,95912
8,USA,Bachelors,"C#, JavaScript","Django, React",5000+,107479
25,India,Bachelors,"PHP, Java","React, Express",5000+,113730
1,Japan,Masters,"JavaScript, Python","Vue, ASP.NET",1001-5000,55139
18,USA,Masters,"PHP, Java","Ruby on Rails, React",1001-5000,166517
18,USA,Masters,"C#, C#","Django, React",10-Jan,165763
32,USA,Masters,"C#, PHP","Angular, Vue",1001-5000,219096
21,India,Masters,"C#, C++","Laravel, React",10-Jan,77233
7,USA,Bachelors,"PHP, JavaScript","Laravel, ASP.NET",1001-5000,92663
25,Australia,Bachelors,"JavaScript, JavaScript","ASP.NET, Express",201-1000,100415
1,Singapore,PhD,"Python, C#","Angular, Express",201-1000,68651
18,USA,Bachelors,"Ruby, Python","React, Vue",1001-5000,153127
23,France,Bachelors,"C#, Rust","React, Ruby on Rails",1001-5000,125503
20,Germany,Some College,"JavaScript, PHP","ASP.NET, Angular",51-200,118117
39,USA,Masters,"PHP, PHP","Vue, Spring",201-1000,203036
2,USA,Bachelors,"Rust, C#","React, Laravel",1001-5000,106271
1,USA,Bachelors,"PHP, C#","Express, Spring",Nov-50,101694
14,UK,Bachelors,"Go, C#","Ruby on Rails, Express",5000+,94326
4,Japan,Bachelors,"C++, Rust","Angular, Angular",201-1000,65125
21,USA,Some College,"Go, C#","Laravel, Ruby on Rails",10-Jan,167451
18,UK,Bachelors,"JavaScript, Go","Laravel, Laravel",1001-5000,98290
2,Japan,Some College,"Swift, Ruby","Ruby on Rails, Django",10-Jan,46402
13,USA,Bachelors,"JavaScript, Go","Spring, React",10-Jan,134423
9,Australia,Bachelors,"Rust, JavaScript","Flask, Django",10-Jan,68525
12,USA,Bachelors,"C#, C#","Vue, Vue",Nov-50,150956
34,France,Bachelors,"Python, Rust","React, ASP.NET",5000+,139070
6,Germany,High School,"Rust, C++","Ruby on Rails, Angular",10-Jan,75225
23,Japan,Masters,"Go, Swift","Flask, Vue",1001-5000,111077
15,Canada,Bachelors,"Python, Java","Laravel, Ruby on Rails",10-Jan,121000
14,Canada,Masters,"Ruby, Ruby","Angular, Angular",10-Jan,131469
6,Singapore,Some College,"C#, C++","Flask, Vue",10-Jan,61954
34,USA,Masters,"Ruby, Go","Laravel, Express",10-Jan,200424
26,UK,Masters,"Swift, Python","Express, Angular",10-Jan,157771
2,USA,Masters,"Swift, Swift","Vue, Django",10-Jan,91803
40,USA,PhD,"Rust, Ruby","Django, Express",201-1000,248844
32,India,Masters,"Swift, Swift","ASP.NET, Ruby on Rails",1001-5000,136059
33,Japan,Bachelors,"Rust, Java","Vue, Flask",Nov-50,133626
12,Australia,Masters,"JavaScript, PHP","Express, ASP.NET",5000+,121778
33,Singapore,Masters,"Java, Go","Vue, Vue",5000+,149438
36,USA,Masters,"Go, Python","Ruby on Rails, Vue",5000+,249709
38,Australia,Bachelors,"Python, Python","Express, Laravel",Nov-50,147717
22,Canada,Some College,"Ruby, C#","ASP.NET, ASP.NET",201-1000,125368
31,Japan,Masters,"C++, Java","React, Ruby on Rails",51-200,155932
6,USA,Bachelors,"JavaScript, Java","ASP.NET, Django",201-1000,95054
15,Germany,Bachelors,"Ruby, PHP","Django, React",1001-5000,120194
2,Japan,Bachelors,"C#, Swift","Angular, Ruby on Rails",Nov-50,63724
8,India,Bachelors,"C++, Java","Laravel, Spring",10-Jan,36565
19,India,Bachelors,"C#, Python","ASP.NET, ASP.NET",Nov-50,58815
15,Australia,Some College,"Java, Python","Angular, Express",1001-5000,101032
4,Australia,Bachelors,"Python, Ruby","Vue, Ruby on Rails",10-Jan,61105
9,USA,High School,"Ruby, Java","Flask, Django",5000+,128127
11,India,Some College,"JavaScript, Rust","React, Laravel",10-Jan,51391
17,USA,Masters,"Python, Go","Express, Laravel",51-200,152306
34,UK,Bachelors,"Python, Ruby","React, Laravel",1001-5000,159942
1,Germany,Bachelors,"C#, Java","Angular, Angular",201-1000,51678
25,France,Bachelors,"JavaScript, Rust","Angular, Flask",201-1000,132874
19,Germany,Some College,"C++, C#","ASP.NET, React",5000+,154443
33,India,Some College,"JavaScript, Java","Flask, Spring",1001-5000,132177
5,Germany,Bachelors,"PHP, Python","Spring, Ruby on Rails",201-1000,64458
18,Brazil,Masters,"JavaScript, Python","Ruby on Rails, ASP.NET",201-1000,116110
9,UK,Masters,"C++, C#","React, Angular",5000+,126801
0,Brazil,High School,"C#, Ruby","ASP.NET, Django",201-1000,52187
0,Singapore,Masters,"Java, C#","React, React",51-200,59430
33,UK,Bachelors,"Swift, C#","Flask, Ruby on Rails",51-200,189239
9,USA,Bachelors,"Rust, Python","ASP.NET, Laravel",Nov-50,98641
17,Australia,Masters,"JavaScript, JavaScript","Express, Express",51-200,113605
10,USA,Bachelors,"JavaScript, Ruby","Express, Express",Nov-50,140433
36,USA,Bachelors,"Go, JavaScript","Flask, Angular",Nov-50,167285
12,USA,Masters,"C++, Java","Ruby on Rails, Vue",5000+,130491
27,France,Bachelors,"C++, PHP","ASP.NET, Ruby on Rails",1001-5000,111192
2,USA,Masters,"Go, Rust","Angular, Laravel",5000+,101383
4,USA,Bachelors,"C#, C++","ASP.NET, React",5000+,127500
0,India,Bachelors,"C++, Java","Flask, Vue",Nov-50,17101
7,USA,Masters,"PHP, Python","Spring, Express",201-1000,123251
3,UK,Bachelors,"Rust, Swift","Spring, React",5000+,70510
10,USA,Bachelors,"JavaScript, Go","Angular, Ruby on Rails",1001-5000,116450
2,UK,High School,"C#, Rust","Spring, Express",Nov-50,73180
13,France,Masters,"Java, Rust","Ruby on Rails, Laravel",5000+,103494
31,Australia,Masters,"Python, C#","Express, Laravel",51-200,178954
10,Australia,Bachelors,"Go, Rust","Ruby on Rails, Django",201-1000,80243
16,Australia,Masters,"PHP, Java","Vue, Vue",5000+,107991
40,Canada,Bachelors,"PHP, JavaScript","Angular, Laravel",Nov-50,200429
15,Singapore,Bachelors,"PHP, C++","Django, Express",5000+,102650
8,Germany,High School,"Rust, Rust","Ruby on Rails, Ruby on Rails",10-Jan,99874
18,India,Bachelors,"JavaScript, Ruby","Laravel, Vue",5000+,92010
35,Germany,Bachelors,"C#, Java","Spring, Express",51-200,158834
13,USA,Bachelors,"Swift, JavaScript","React, Django",5000+,121086
17,USA,Bachelors,"JavaScript, PHP","Angular, Vue",201-1000,160244
38,USA,Bachelors,"C++, Java","Flask, ASP.NET",5000+,218114
12,USA,Bachelors,"PHP, PHP","Flask, React",1001-5000,141172
38,Canada,Bachelors,"PHP, C#","Vue, Laravel",5000+,153389
35,India,Bachelors,"Swift, Swift","React, Flask",51-200,124716
11,USA,Bachelors,"C#, C++","Angular, Vue",10-Jan,115807
26,Australia,Bachelors,"JavaScript, PHP","Flask, Laravel",1001-5000,145459
29,USA,Some College,"JavaScript, Python","Express, ASP.NET",Nov-50,201119
37,Germany,Bachelors,"Java, C#","Vue, Ruby on Rails",201-1000,145488
28,USA,High School,"Ruby, Swift","Laravel, Angular",10-Jan,139344
20,USA,Bachelors,"Java, Ruby","Django, Express",10-Jan,164746
4,France,Masters,"Swift, Ruby","Vue, Django",51-200,62835
11,USA,Bachelors,"C++, Python","ASP.NET, Ruby on Rails",1001-5000,106677
29,Brazil,Masters,"Java, PHP","Laravel, Vue",10-Jan,149355
5,Germany,Masters,"PHP, Go","Laravel, Laravel",5000+,96882
23,USA,Some College,"Ruby, JavaScript","Ruby on Rails, Spring",1001-5000,142437
21,India,Bachelors,"Swift, Python","Vue, Django",Nov-50,82624
27,USA,Masters,"Ruby, Ruby","Laravel, Laravel",Nov-50,183222
18,USA,Bachelors,"PHP, Ruby","Spring, Flask",1001-5000,136663
2,UK,Bachelors,"Python, JavaScript","Express, Vue",1001-5000,70449
0,USA,PhD,"C++, PHP","Spring, Flask",Nov-50,88921
22,Germany,Bachelors,"PHP, Swift","Angular, React",5000+,124149
17,USA,Bachelors,"JavaScript, Go","Ruby on Rails, Django",1001-5000,139134
18,Brazil,Bachelors,"Java, Rust","Laravel, Vue",1001-5000,115374
28,USA,Bachelors,"Ruby, C++","Vue, Express",201-1000,178764
24,USA,PhD,"C#, Python","Vue, Laravel",1001-5000,164053
30,Canada,Bachelors,"C++, Python","Flask, Flask",10-Jan,136554
13,Brazil,PhD,"Go, PHP","Django, ASP.NET",201-1000,99592
3,Germany,Masters,"Swift, C#","Laravel, React",1001-5000,87697
38,USA,Bachelors,"Go, Rust","Laravel, Flask",1001-5000,208720
29,India,Some College,"Go, Rust","Express, Laravel",51-200,96925
3,Germany,High School,"C#, JavaScript","Spring, ASP.NET",201-1000,57781
36,UK,Bachelors,"Go, Go","React, Ruby on Rails",201-1000,192110
32,Australia,Masters,"PHP, C#","ASP.NET, Vue",51-200,145652
31,USA,Bachelors,"PHP, JavaScript","Vue, React",1001-5000,171807
30,USA,Masters,"Rust, Ruby","Flask, ASP.NET",51-200,225761
2,USA,Bachelors,"Python, PHP","Django, Vue",51-200,91599
23,Japan,Masters,"JavaScript, Java","Django, Express",Nov-50,132198
8,Canada,Masters,"Rust, Java","React, Vue",10-Jan,109441
30,Brazil,Bachelors,"Python, C++","Flask, React",Nov-50,138153
8,Germany,Bachelors,"JavaScript, Ruby","React, Vue",51-200,71316
18,USA,PhD,"JavaScript, C++","Express, ASP.NET",1001-5000,169095
38,Germany,Bachelors,"C#, C#","Spring, Angular",201-1000,186436
36,USA,Bachelors,"C++, Rust","React, Flask",51-200,220479
14,USA,Masters,"Go, Rust","Flask, Flask",51-200,138092
40,USA,Bachelors,"Ruby, Python","Django, Express",5000+,218792
9,Germany,Masters,"C++, Go","React, Spring",201-1000,107978
5,Germany,Masters,"JavaScript, Java","Ruby on Rails, ASP.NET",51-200,84010
22,Canada,Masters,"Go, C++","React, Spring",201-1000,140854
33,USA,Masters,"Rust, Ruby","Angular, Laravel",51-200,192305
5,UK,Bachelors,"Python, Ruby","React, Ruby on Rails",Nov-50,79722
34,India,High School,"Rust, Python","Angular, Vue",10-Jan,112492
20,UK,High School,"C++, PHP","React, Angular",Nov-50,127346
21,USA,Bachelors,"Swift, Swift","Ruby on Rails, Flask",51-200,140634
12,Germany,High School,"Ruby, Rust","Django, Spring",1001-5000,108998
40,Japan,Bachelors,"JavaScript, Python","Django, Angular",10-Jan,170699
40,USA,Some College,"Ruby, Python","React, ASP.NET",1001-5000,205729
30,Japan,Masters,"Rust, Ruby","Spring, Ruby on Rails",1001-5000,140713
16,Canada,Bachelors,"JavaScript, C++","Flask, React",5000+,98853
34,USA,Bachelors,"JavaScript, C++","ASP.NET, Vue",Nov-50,171361
23,Canada,Bachelors,"Go, C#","Express, Express",Nov-50,150147
39,India,Bachelors,"PHP, Swift","React, Vue",Nov-50,123478
6,France,Bachelors,"C++, Rust","Django, Angular",201-1000,61294
24,Germany,Bachelors,"Python, JavaScript","ASP.NET, Spring",Nov-50,132632
24,USA,PhD,"JavaScript, C#","Vue, Flask",51-200,165820
13,UK,High School,"Go, C++","Flask, ASP.NET",5000+,124262
16,USA,Bachelors,"C#, Rust","Express, Angular",51-200,118614
13,USA,Bachelors,"Go, PHP","ASP.NET, React",201-1000,133735
14,India,Masters,"PHP, Ruby","Spring, ASP.NET",Nov-50,54056
23,Canada,Some College,"Go, PHP","Spring, Django",1001-5000,149900
7,UK,Masters,"C++, Java","Django, React",10-Jan,84677
25,Japan,Masters,"C++, Ruby","Flask, Express",10-Jan,140821
20,Germany,Bachelors,"C++, Ruby","ASP.NET, Laravel",1001-5000,114283
17,USA,PhD,"Ruby, C#","Angular, ASP.NET",1001-5000,149161
37,Singapore,Bachelors,"PHP, Go","Express, React",10-Jan,169920
38,India,Bachelors,"Ruby, Python","Ruby on Rails, ASP.NET",51-200,133972
21,USA,Some College,"Rust, JavaScript","Django, Angular",1001-5000,130215
18,India,Bachelors,"JavaScript, C++","Express, Laravel",Nov-50,79622
31,USA,Masters,"Python, JavaScript","Ruby on Rails, Django",5000+,235792
7,Canada,Bachelors,"Ruby, C++","Vue, React",51-200,76200
6,Germany,Bachelors,"Ruby, Ruby","React, Spring",1001-5000,68417
22,USA,Bachelors,"C#, PHP","Django, React",51-200,183923
22,UK,Bachelors,"Rust, Swift","React, React",5000+,135861
37,USA,Masters,"PHP, Rust","Ruby on Rails, Angular",51-200,200519
2,USA,Masters,"Swift, Rust","ASP.NET, Express",51-200,105103
29,UK,Bachelors,"C++, Rust","Vue, Flask",1001-5000,168313
36,UK,Bachelors,"Java, C++","ASP.NET, React",51-200,138987
31,Germany,Bachelors,"Swift, C#","Flask, Spring",5000+,166550
29,Singapore,Bachelors,"Swift, Go","Django, Ruby on Rails",Nov-50,160411
3,USA,Bachelors,"Go, Go","Angular, Spring",Nov-50,81329
22,USA,Bachelors,"JavaScript, PHP","Spring, Spring",Nov-50,128714
1,UK,Masters,"PHP, Go","ASP.NET, Angular",Nov-50,68236
32,Singapore,Bachelors,"JavaScript, JavaScript","Ruby on Rails, Express",1001-5000,174158
2,USA,Bachelors,"Ruby, Rust","Spring, Laravel",10-Jan,78731
26,USA,Masters,"Go, Rust","React, Vue",10-Jan,208000
10,USA,Bachelors,"Python, Java","React, Flask",5000+,115873
22,Germany,Bachelors,"C++, C#","Laravel, Spring",Nov-50,115561
35,USA,Bachelors,"Go, C++","Ruby on Rails, Vue",1001-5000,191308
2,Brazil,High School,"Java, PHP","Ruby on Rails, React",51-200,44924
25,USA,Masters,"Rust, Ruby","Django, React",5000+,189974
27,UK,Bachelors,"Swift, C#","Spring, Angular",5000+,163639
11,India,Masters,"JavaScript, PHP","Angular, React",51-200,57176
6,USA,Bachelors,"Swift, Ruby","Django, Spring",10-Jan,99464
14,France,Some College,"C++, Go","Django, Spring",Nov-50,86951
4,France,Masters,"C++, Ruby","Django, Django",Nov-50,81385
21,Canada,Bachelors,"C++, Rust","Vue, Django",Nov-50,134011
35,USA,Bachelors,"PHP, Ruby","ASP.NET, Spring",1001-5000,179529
21,UK,Bachelors,"C++, C#","Django, Angular",51-200,118945
4,Australia,Bachelors,"C++, Ruby","Vue, Ruby on Rails",1001-5000,50022
36,USA,Bachelors,"Swift, Java","React, Django",1001-5000,205672
38,Japan,Bachelors,"PHP, Ruby","Flask, Spring",201-1000,143371
28,Germany,Masters,"C#, Go","Spring, Django",10-Jan,139924
38,Singapore,Masters,"Rust, C++","Spring, Django",Nov-50,172654
8,Canada,Masters,"Ruby, C#","Spring, Angular",5000+,90068
20,USA,Bachelors,"PHP, Swift","ASP.NET, Ruby on Rails",Nov-50,162466
1,India,Bachelors,"Go, Swift","Django, Vue",1001-5000,19642
13,USA,Bachelors,"JavaScript, Rust","Laravel, Ruby on Rails",10-Jan,142540
0,USA,Bachelors,"Java, Ruby","Vue, Vue",5000+,106114
24,India,Bachelors,"JavaScript, C++","React, Express",1001-5000,81557
22,France,Bachelors,"C++, JavaScript","Express, React",5000+,148424
11,Germany,Masters,"Python, C#","Express, Express",1001-5000,87664
3,USA,Masters,"PHP, Ruby","Flask, Express",51-200,102536
27,UK,Bachelors,"Rust, Go","Angular, Spring",5000+,177296
33,USA,Bachelors,"Ruby, Python","Express, Angular",5000+,186381
10,USA,Bachelors,"JavaScript, C#","Django, Vue",Nov-50,133379
25,USA,Bachelors,"C#, PHP","Vue, Ruby on Rails",201-1000,141622
5,UK,Bachelors,"Rust, Swift","Ruby on Rails, Django",51-200,69400
15,Germany,Masters,"Java, Rust","React, Laravel",Nov-50,115962
16,India,PhD,"Rust, Python","Express, Flask",Nov-50,67100
38,USA,Bachelors,"Ruby, Python","React, Flask",201-1000,177282
12,France,Bachelors,"C++, Go","Angular, Laravel",5000+,87797
30,Japan,Masters,"JavaScript, Python","Express, ASP.NET",10-Jan,157082
23,USA,Masters,"C#, Go","Spring, Express",5000+,219585
33,Singapore,Bachelors,"C#, Python","Vue, Ruby on Rails",1001-5000,122664
4,UK,PhD,"Java, Ruby","Laravel, React",1001-5000,101057
27,USA,Bachelors,"Ruby, Rust","React, Express",10-Jan,190373
15,USA,Bachelors,"Swift, Go","Laravel, Ruby on Rails",201-1000,122952
30,Canada,Bachelors,"PHP, Python","Ruby on Rails, ASP.NET",201-1000,124656
38,USA,Masters,"Java, C#","React, Flask",Nov-50,253248
33,India,Masters,"Ruby, Rust","Flask, Flask",201-1000,137485
15,Japan,Bachelors,"PHP, Java","Ruby on Rails, Vue",201-1000,106134
2,UK,Masters,"C++, Ruby","Vue, Ruby on Rails",51-200,78546
11,USA,Masters,"Swift, C#","Laravel, Spring",Nov-50,123528
5,Germany,Masters,"Rust, Go","Django, Spring",1001-5000,70379
37,Canada,Bachelors,"PHP, Swift","React, Spring",51-200,188003
26,India,Bachelors,"Ruby, Swift","Spring, Django",10-Jan,93711
16,USA,Masters,"JavaScript, PHP","Vue, Angular",10-Jan,176673
12,Singapore,Some College,"Java, Swift","Express, Django",5000+,116299
22,Germany,Bachelors,"JavaScript, C++","React, Flask",51-200,119756
34,France,Bachelors,"JavaScript, Ruby","Spring, Express",201-1000,161707
17,USA,Masters,"PHP, C++","Django, Angular",1001-5000,172727
8,USA,Bachelors,"C++, Go","ASP.NET, React",1001-5000,115466
33,Canada,Bachelors,"Swift, PHP","Flask, Django",1001-5000,181319
33,Japan,Bachelors,"PHP, Java","Ruby on Rails, Laravel",10-Jan,151904
23,Japan,PhD,"PHP, Go","Flask, Angular",10-Jan,163136
16,USA,Masters,"PHP, Rust","Flask, Laravel",1001-5000,176132
18,USA,Masters,"Python, JavaScript","Express, ASP.NET",5000+,170178
23,USA,Masters,"C#, C++","React, Vue",5000+,177920
7,Germany,Bachelors,"Python, C++","Spring, Laravel",Nov-50,83510
11,USA,Bachelors,"Swift, Java","Vue, ASP.NET",5000+,122904
21,Germany,Masters,"Go, JavaScript","Angular, ASP.NET",1001-5000,133198
5,UK,Masters,"PHP, PHP","Angular, Vue",201-1000,81494
29,Australia,Bachelors,"Swift, JavaScript","Laravel, Ruby on Rails",Nov-50,124609
37,Japan,Masters,"Java, PHP","Express, Spring",5000+,175063
21,Canada,Masters,"Java, C++","ASP.NET, ASP.NET",Nov-50,156929
15,UK,Bachelors,"C++, Swift","Ruby on Rails, Ruby on Rails",10-Jan,91657
6,France,Bachelors,"Go, Rust","Express, React",201-1000,69744
16,India,Bachelors,"Rust, Rust","React, ASP.NET",1001-5000,55948
10,India,Bachelors,"C#, Go","Ruby on Rails, Spring",51-200,48609
3,USA,Bachelors,"Swift, Python","Spring, ASP.NET",1001-5000,101921
40,Canada,Bachelors,"Rust, Java","Express, Express",51-200,176499
20,USA,Bachelors,"C#, Swift","Flask, Laravel",51-200,154157
8,Canada,Bachelors,"JavaScript, Python","Spring, React",201-1000,89777
13,USA,Bachelors,"Python, Rust","Express, Spring",51-200,124337
10,USA,Masters,"Ruby, PHP","Angular, Ruby on Rails",Nov-50,113900
22,India,Some College,"C++, C#","Angular, Laravel",5000+,89601
27,USA,Masters,"Java, JavaScript","Flask, Django",1001-5000,178136
30,USA,Some College,"C++, Ruby","Spring, Django",10-Jan,202754
23,USA,Masters,"Python, C#","Vue, Laravel",1001-5000,139650
17,USA,Some College,"Ruby, Java","Ruby on Rails, React",Nov-50,138838
9,Germany,Bachelors,"Go, JavaScript","Express, Flask",10-Jan,76657
2,Canada,Bachelors,"Swift, Python","Express, Laravel",1001-5000,72673
13,USA,Bachelors,"C#, Rust","Spring, ASP.NET",1001-5000,110058
10,USA,Masters,"Python, C++","Laravel, Vue",10-Jan,136447
33,Australia,Bachelors,"Ruby, JavaScript","ASP.NET, ASP.NET",10-Jan,177163
36,USA,Masters,"Rust, Java","Laravel, Flask",51-200,226310
25,India,Bachelors,"Python, Swift","Laravel, ASP.NET",1001-5000,89431
0,Canada,Bachelors,"C#, PHP","Express, Express",5000+,60336
21,Canada,Masters,"PHP, Go","React, Angular",5000+,127031
17,France,Bachelors,"PHP, PHP","ASP.NET, Flask",201-1000,120248
15,USA,Bachelors,"Java, Rust","Django, ASP.NET",5000+,126383
9,USA,Bachelors,"Rust, Ruby","Vue, React",10-Jan,96936
20,Germany,PhD,"Go, Ruby","Laravel, React",1001-5000,113828
23,USA,Bachelors,"Ruby, JavaScript","Ruby on Rails, React",Nov-50,187087
1,India,Bachelors,"JavaScript, Go","Angular, Vue",201-1000,20337
37,France,Masters,"JavaScript, C++","Ruby on Rails, Angular",1001-5000,169255
4,Germany,Some College,"Rust, Rust","Spring, React",1001-5000,60470
10,USA,Bachelors,"C++, Java","Vue, Angular",Nov-50,132709
40,Germany,Some College,"Swift, Java","Express, Spring",201-1000,177824
35,USA,Bachelors,"C++, Ruby","Spring, React",1001-5000,213317
9,India,Bachelors,"C#, Rust","Express, ASP.NET",5000+,51076
32,UK,Some College,"JavaScript, Swift","Django, Angular",1001-5000,131352
0,Germany,Bachelors,"C++, Swift","Flask, React",10-Jan,59277
0,UK,Bachelors,"Go, Swift","Django, Express",1001-5000,67116
33,USA,Bachelors,"Python, Ruby","Flask, Angular",201-1000,225671
14,Australia,Bachelors,"Python, Go","Spring, Flask",5000+,99352
14,USA,Some College,"Rust, JavaScript","Laravel, React",51-200,108181
24,Singapore,Bachelors,"Ruby, Java","ASP.NET, Ruby on Rails",51-200,137609
24,Australia,Some College,"JavaScript, JavaScript","Ruby on Rails, Vue",201-1000,107112
4,Brazil,Bachelors,"Rust, C++","Django, Vue",201-1000,51232
13,Canada,Bachelors,"PHP, Go","Flask, Django",5000+,120116
24,USA,Some College,"Python, C++","React, Django",51-200,184101
34,Germany,Bachelors,"Java, C++","Flask, Vue",51-200,153792
9,USA,Masters,"Python, PHP","ASP.NET, Ruby on Rails",10-Jan,122535
22,Australia,Masters,"C++, C++","React, Spring",5000+,144136
28,Japan,Masters,"Python, Ruby","Ruby on Rails, React",51-200,151284
20,France,Bachelors,"Rust, Swift","ASP.NET, Flask",5000+,100147
35,USA,Some College,"C++, C++","Spring, Laravel",51-200,210152
2,USA,Masters,"Go, Ruby","ASP.NET, Vue",5000+,135338
10,USA,Bachelors,"C#, Swift","Express, Laravel",5000+,159729
13,UK,Some College,"Java, Java","Flask, Django",Nov-50,103990
27,Brazil,Bachelors,"Python, Rust","Django, React",51-200,152240
5,USA,Bachelors,"Go, Ruby","Laravel, Spring",51-200,111826
25,USA,Masters,"PHP, PHP","Angular, React",51-200,155770
32,USA,Bachelors,"Rust, Python","Laravel, React",Nov-50,171412
14,USA,Some College,"Rust, Java","Angular, React",Nov-50,122573
17,Canada,Masters,"C++, Java","ASP.NET, Laravel",51-200,123589
11,USA,Bachelors,"Rust, Python","Express, Spring",51-200,143763
3,UK,Bachelors,"Java, Ruby","Ruby on Rails, Spring",201-1000,58575
36,Germany,Bachelors,"Ruby, Swift","Laravel, Ruby on Rails",51-200,138552
14,Germany,Bachelors,"Java, Go","ASP.NET, Ruby on Rails",10-Jan,86813
33,Australia,High School,"Ruby, PHP","Spring, Express",Nov-50,133115
12,UK,Masters,"Swift, Rust","Spring, Express",10-Jan,110188
17,India,Bachelors,"Ruby, Go","Django, Vue",Nov-50,54394
10,USA,Some College,"Go, Java","Laravel, Spring",5000+,137035
15,UK,Bachelors,"C++, Go","Spring, React",Nov-50,112988
9,France,Bachelors,"Go, Ruby","ASP.NET, Angular",10-Jan,82678
8,Canada,Bachelors,"Rust, Java","Laravel, Express",5000+,99054
37,USA,Bachelors,"C++, Go","Ruby on Rails, Ruby on Rails",5000+,233302
18,Germany,PhD,"Rust, C#","Flask, Angular",Nov-50,111826
33,USA,PhD,"Java, Go","ASP.NET, Angular",51-200,191799
19,India,Bachelors,"Ruby, C#","Spring, Ruby on Rails",51-200,63402
4,Singapore,Bachelors,"Rust, PHP","Django, React",10-Jan,54157
5,France,Some College,"C#, Java","Ruby on Rails, Angular",10-Jan,52312
34,USA,Bachelors,"Java, PHP","Flask, Django",Nov-50,217716
16,Singapore,Some College,"Python, C#","Django, Flask",201-1000,88979
32,USA,Bachelors,"Ruby, Go","ASP.NET, Vue",201-1000,163078
16,USA,Bachelors,"Java, Python","Vue, Spring",1001-5000,153224
36,UK,Bachelors,"Swift, Rust","React, Angular",1001-5000,167156
1,Brazil,Bachelors,"C++, PHP","Spring, Express",201-1000,42436
2,USA,High School,"Rust, Swift","Ruby on Rails, Ruby on Rails",Nov-50,85719
13,Australia,Bachelors,"Ruby, Java","Express, React",Nov-50,95086
40,India,High School,"Go, Rust","React, Ruby on Rails",51-200,144819
29,France,Bachelors,"Swift, C#","Laravel, Ruby on Rails",1001-5000,157983
1,USA,Bachelors,"C++, JavaScript","Laravel, React",Nov-50,84088
16,USA,PhD,"Go, C++","Express, Angular",1001-5000,140332
35,USA,Bachelors,"JavaScript, C++","Flask, Vue",1001-5000,220293
15,Germany,Bachelors,"C#, C++","Vue, ASP.NET",5000+,109829
8,Germany,Some College,"Rust, Go","React, Django",51-200,100038
32,Australia,High School,"PHP, Swift","Ruby on Rails, Express",51-200,167148
25,Canada,Masters,"Go, Rust","Ruby on Rails, Ruby on Rails",Nov-50,164626
34,UK,Bachelors,"Rust, C++","Angular, React",5000+,177950
18,India,Masters,"Go, Python","React, React",10-Jan,75338
27,USA,PhD,"Go, Ruby","Vue, Angular",10-Jan,157418
32,USA,High School,"Swift, JavaScript","Angular, Vue",1001-5000,155360
21,USA,Some College,"C++, Python","ASP.NET, React",Nov-50,129425
37,UK,High School,"Go, Java","Django, Laravel",10-Jan,141165
20,USA,Masters,"C++, Java","Laravel, Spring",51-200,129490
21,UK,Bachelors,"Go, Go","Spring, Ruby on Rails",Nov-50,112558
39,USA,Masters,"C#, Ruby","Express, Vue",201-1000,224442
0,India,High School,"Go, JavaScript","Express, Laravel",51-200,12064
27,Germany,Masters,"JavaScript, C#","Express, Spring",10-Jan,159823
3,Japan,Bachelors,"C++, PHP","Express, Angular",10-Jan,63626
30,Germany,Bachelors,"Rust, Go","Vue, Vue",10-Jan,122542
4,India,Bachelors,"PHP, JavaScript","Express, Express",10-Jan,26331
35,Singapore,Masters,"Python, JavaScript","Spring, Spring",5000+,176982
3,USA,Bachelors,"C#, Swift","Django, Angular",201-1000,99904
27,USA,Bachelors,"Rust, Python","React, Vue",1001-5000,156656
12,Germany,Bachelors,"C#, Swift","Express, React",201-1000,85883
35,USA,Bachelors,"C#, Rust","Flask, Express",10-Jan,177127
12,USA,Bachelors,"Swift, Rust","Flask, Laravel",10-Jan,144241
17,France,Masters,"Rust, Java","Express, Flask",10-Jan,113703
14,USA,Bachelors,"Swift, Java","Laravel, Vue",201-1000,118222
22,Canada,Bachelors,"C#, JavaScript","React, Vue",5000+,159056
35,USA,Bachelors,"Java, Ruby","Express, Angular",201-1000,225589
14,UK,Some College,"Go, Rust","Django, Angular",Nov-50,119718
31,USA,Masters,"PHP, JavaScript","ASP.NET, React",Nov-50,185034
24,Canada,Bachelors,"Swift, Python","ASP.NET, Vue",5000+,122886
6,India,Bachelors,"Go, C++","Flask, Express",201-1000,27452
12,India,Bachelors,"Go, C#","Spring, ASP.NET",10-Jan,60735
4,UK,PhD,"Swift, Rust","ASP.NET, Express",Nov-50,79510
22,USA,Bachelors,"Python, C++","ASP.NET, Vue",51-200,181579
27,USA,Bachelors,"Python, Python","Laravel, Flask",Nov-50,177717
35,USA,Bachelors,"Python, PHP","Angular, Express",51-200,200924
1,Brazil,Masters,"PHP, C++","Angular, React",51-200,57421
36,Germany,Bachelors,"Go, Swift","Express, Express",Nov-50,185371
19,UK,Bachelors,"Python, Ruby","Django, Ruby on Rails",1001-5000,133890
38,Canada,Some College,"Go, PHP","Vue, React",51-200,174578
35,USA,Masters,"JavaScript, Swift","Angular, Flask",1001-5000,238006
5,Canada,Bachelors,"Python, Rust","ASP.NET, Django",10-Jan,86443
22,Japan,Masters,"Ruby, Swift","Spring, Spring",201-1000,109423
21,USA,Masters,"Rust, Ruby","Angular, Flask",51-200,160842
40,USA,Bachelors,"Swift, PHP","Ruby on Rails, Angular",Nov-50,226790
40,Germany,Bachelors,"Swift, JavaScript","ASP.NET, Spring",1001-5000,174338
10,Japan,Bachelors,"Swift, C++","Flask, Express",5000+,77442
35,UK,Masters,"PHP, JavaScript","Angular, Django",Nov-50,208220
9,Canada,Masters,"PHP, C#","ASP.NET, Flask",51-200,114768
35,USA,Masters,"Swift, Java","Laravel, ASP.NET",1001-5000,233282
22,USA,PhD,"PHP, JavaScript","Spring, Django",1001-5000,196495
5,USA,PhD,"Rust, Rust","Spring, Flask",Nov-50,129344
39,India,Bachelors,"JavaScript, Python","Laravel, Angular",10-Jan,120697
36,USA,PhD,"Go, Ruby","React, Laravel",51-200,252308
0,USA,Masters,"Rust, Swift","Ruby on Rails, Ruby on Rails",1001-5000,91463
16,USA,Bachelors,"Python, Ruby","React, React",51-200,142394
35,USA,Masters,"Go, C++","Vue, Vue",1001-5000,241230
7,Germany,PhD,"Rust, Go","Flask, React",1001-5000,88272
38,USA,Masters,"C#, Swift","Ruby on Rails, Spring",5000+,184973
31,USA,Some College,"Go, C#","Django, Flask",51-200,172742
19,USA,Some College,"Python, Swift","Angular, Flask",1001-5000,125559
25,Germany,Masters,"C++, Swift","Flask, Spring",51-200,158491
38,UK,Bachelors,"Java, PHP","React, Angular",51-200,183053
15,USA,Bachelors,"Go, Rust","ASP.NET, Angular",5000+,148994
6,Germany,Masters,"Swift, Ruby","Angular, Vue",1001-5000,75871
2,France,Bachelors,"PHP, Java","React, Django",Nov-50,64736
17,USA,Bachelors,"Java, Python","Express, Spring",1001-5000,157383
24,France,Some College,"Go, Python","Angular, Django",5000+,137318
29,India,Masters,"PHP, Rust","Django, Spring",5000+,104628
39,USA,Bachelors,"Rust, Rust","Laravel, React",1001-5000,176214
3,India,Bachelors,"C++, Java","Laravel, Angular",1001-5000,25422
8,USA,Bachelors,"C++, Java","ASP.NET, React",51-200,107971
33,USA,Bachelors,"Rust, JavaScript","Ruby on Rails, Ruby on Rails",10-Jan,198219
12,UK,High School,"JavaScript, Java","Express, Django",Nov-50,84125
32,USA,High School,"Java, Go","Laravel, Django",Nov-50,175165
38,USA,Bachelors,"JavaScript, C#","Express, Angular",201-1000,214050
15,UK,Bachelors,"C++, Java","ASP.NET, Vue",Nov-50,104630
11,USA,Bachelors,"Ruby, Python","Laravel, Ruby on Rails",51-200,130417
27,Germany,High School,"Rust, C#","Spring, Django",10-Jan,134775
18,Australia,Masters,"Go, Java","Vue, Express",5000+,126085
1,Singapore,PhD,"Python, C++","Laravel, Laravel",51-200,62081
4,UK,Bachelors,"Java, Rust","Spring, Flask",5000+,96922
39,USA,Bachelors,"Go, Java","Flask, React",51-200,235683
22,Japan,Masters,"Rust, Java","Spring, Django",51-200,103344
7,USA,Masters,"Ruby, Swift","Django, Ruby on Rails",1001-5000,97465
32,India,Masters,"Ruby, Python","ASP.NET, ASP.NET",Nov-50,132738
20,USA,Masters,"Rust, PHP","Ruby on Rails, React",Nov-50,169240
7,Japan,Bachelors,"C++, C++","Ruby on Rails, Laravel",201-1000,58345
11,USA,Masters,"C++, Java","Angular, Laravel",Nov-50,139757
33,UK,Bachelors,"PHP, PHP","Vue, Vue",5000+,186631
20,USA,Bachelors,"JavaScript, PHP","Express, React",1001-5000,127625
30,France,Bachelors,"Swift, PHP","ASP.NET, Ruby on Rails",201-1000,155034
16,USA,High School,"Rust, Java","Express, Laravel",10-Jan,118365
20,UK,High School,"Ruby, Ruby","Laravel, Ruby on Rails",51-200,131581
36,France,Some College,"C#, Rust","Express, Spring",5000+,164331
6,Canada,Bachelors,"Java, Python","Angular, Spring",10-Jan,64813
12,Singapore,Bachelors,"Go, Rust","Flask, ASP.NET",Nov-50,79585
28,Brazil,Masters,"Rust, Swift","ASP.NET, Laravel",10-Jan,121625
40,Japan,Some College,"Swift, JavaScript","Ruby on Rails, Flask",10-Jan,196613
38,Japan,Bachelors,"Java, C#","Spring, Spring",Nov-50,153735
22,Germany,Bachelors,"Go, C#","Django, React",Nov-50,149510
31,USA,Bachelors,"JavaScript, JavaScript","Flask, React",10-Jan,203245
7,Germany,Bachelors,"Rust, JavaScript","Ruby on Rails, Spring",5000+,84299
20,Canada,Bachelors,"Go, C#","Angular, Express",5000+,143522
24,USA,Masters,"JavaScript, Swift","Laravel, Angular",51-200,198903
31,Australia,High School,"Go, JavaScript","Django, Angular",5000+,179900
16,Japan,Masters,"Java, Java","ASP.NET, Django",51-200,112772
36,USA,Bachelors,"Python, Java","ASP.NET, Django",1001-5000,164717
6,USA,Bachelors,"Go, C#","Flask, Vue",51-200,104273
3,Brazil,Bachelors,"Swift, PHP","Spring, Flask",10-Jan,68350
17,Germany,PhD,"Ruby, Swift","React, Flask",201-1000,141785
6,UK,Bachelors,"C#, C++","Ruby on Rails, Django",5000+,107194
35,India,High School,"JavaScript, JavaScript","ASP.NET, Spring",10-Jan,111602
6,Japan,Bachelors,"JavaScript, PHP","Ruby on Rails, ASP.NET",51-200,58558
13,France,Bachelors,"PHP, C#","ASP.NET, Laravel",10-Jan,79546
2,Germany,Masters,"Rust, Java","Vue, Vue",1001-5000,74512
33,USA,Bachelors,"Ruby, Python","Django, Express",51-200,190703
33,USA,Bachelors,"Rust, C#","React, ASP.NET",1001-5000,185853
5,UK,Masters,"PHP, Ruby","Express, Laravel",5000+,85063
12,UK,Bachelors,"C#, JavaScript","ASP.NET, Vue",1001-5000,89182
20,USA,Masters,"Swift, Go","Flask, React",10-Jan,178375
1,USA,High School,"Python, C#","Ruby on Rails, Django",201-1000,88289
36,UK,Masters,"Swift, C++","Angular, ASP.NET",51-200,191706
35,USA,Bachelors,"PHP, Swift","Spring, Django",51-200,204486
0,UK,Bachelors,"Ruby, Swift","Angular, Django",51-200,58285
24,Australia,Bachelors,"Go, Go","Spring, Ruby on Rails",51-200,137709
6,France,Bachelors,"Swift, PHP","Django, Angular",10-Jan,64182
1,USA,Some College,"Rust, C++","Angular, Spring",10-Jan,94384
19,USA,Masters,"Swift, Rust","Ruby on Rails, ASP.NET",201-1000,187355
20,Canada,Bachelors,"Go, Python","Flask, ASP.NET",201-1000,119919
0,USA,Bachelors,"Java, Rust","Express, Django",1001-5000,79384
15,USA,Bachelors,"Rust, Rust","ASP.NET, Flask",201-1000,158161
2,USA,PhD,"Swift, JavaScript","Vue, Vue",201-1000,100866
6,USA,Masters,"Python, C#","Vue, Spring",5000+,158585
25,USA,Bachelors,"Swift, Java","Ruby on Rails, Spring",1001-5000,183784
8,Japan,Bachelors,"Rust, C#","Vue, ASP.NET",1001-5000,87219
29,USA,Bachelors,"Swift, JavaScript","Laravel, Angular",Nov-50,165595
6,Germany,Bachelors,"C#, PHP","Angular, Laravel",1001-5000,65626
33,USA,Bachelors,"C#, PHP","Django, Angular",Nov-50,158881
12,Australia,PhD,"Python, Python","Ruby on Rails, Angular",10-Jan,121493
4,Canada,Some College,"Swift, Swift","Express, Django",Nov-50,59599
9,France,Bachelors,"Go, Swift","Django, Angular",Nov-50,73244
0,USA,Some College,"Swift, Rust","Flask, Angular",201-1000,107972
6,Brazil,Masters,"JavaScript, Python","Angular, ASP.NET",Nov-50,72381
15,USA,Bachelors,"Rust, PHP","Express, Angular",5000+,139950
5,Germany,Bachelors,"PHP, Swift","ASP.NET, Express",Nov-50,73441
33,USA,Bachelors,"C++, Java","React, Flask",10-Jan,154715
6,USA,Masters,"C++, JavaScript","Vue, Django",Nov-50,112514
20,Singapore,Masters,"C++, Python","React, Flask",5000+,122047
31,India,Masters,"Go, Python","Vue, ASP.NET",10-Jan,117444
14,USA,Bachelors,"Swift, C#","Express, Angular",1001-5000,109957
38,USA,Some College,"C#, JavaScript","Vue, Laravel",201-1000,227801
33,UK,Masters,"C#, C#","Django, Vue",201-1000,155353
0,Japan,Masters,"PHP, Rust","Express, Express",5000+,79046
23,UK,Some College,"Ruby, PHP","React, Laravel",201-1000,147663
37,USA,Masters,"Java, C#","ASP.NET, ASP.NET",5000+,227907
40,USA,High School,"Java, C#","Laravel, Vue",1001-5000,201751
16,France,Bachelors,"Python, Java","Spring, Ruby on Rails",10-Jan,104838
14,Germany,Masters,"Swift, Java","Vue, Ruby on Rails",1001-5000,114962
2,UK,Masters,"Swift, Go","Angular, Ruby on Rails",5000+,87112
21,Japan,Bachelors,"Python, Swift","Ruby on Rails, Angular",1001-5000,134368
39,USA,Masters,"Swift, JavaScript","Django, Angular",201-1000,203450
3,Germany,Masters,"Swift, Python","Spring, ASP.NET",51-200,67944
19,USA,Masters,"C++, Rust","React, Spring",1001-5000,175782
2,USA,Bachelors,"JavaScript, C#","Ruby on Rails, Spring",10-Jan,94461
15,USA,Masters,"C++, Python","Ruby on Rails, Laravel",1001-5000,125397
18,Germany,Bachelors,"C#, Go","Django, Ruby on Rails",5000+,152633
32,India,Bachelors,"Java, JavaScript","Spring, Ruby on Rails",Nov-50,116581
40,France,Masters,"Rust, C#","Ruby on Rails, Express",51-200,194678
39,Germany,PhD,"Java, Java","Angular, Flask",51-200,160760
26,USA,Masters,"Rust, Rust","Spring, Flask",51-200,167410
15,India,PhD,"Ruby, C++","Django, Express",5000+,83896
40,India,Bachelors,"Java, Python","Spring, React",10-Jan,129044
19,Canada,Masters,"Swift, Ruby","Laravel, Django",Nov-50,122093
26,UK,Bachelors,"Rust, Java","Flask, Vue",10-Jan,138261
19,USA,Bachelors,"Python, C++","Spring, Flask",10-Jan,162118
22,Canada,Bachelors,"Rust, Go","Express, Spring",1001-5000,147897
27,USA,Some College,"Swift, Python","Ruby on Rails, React",10-Jan,153883
8,UK,Masters,"Rust, Go","Angular, Vue",5000+,118721
22,Australia,PhD,"C#, PHP","Angular, Angular",10-Jan,160974
9,USA,Masters,"C#, Python","Vue, Laravel",5000+,130189
20,USA,Some College,"Java, C++","React, Django",10-Jan,174094
24,USA,Bachelors,"Swift, Go","React, Vue",1001-5000,172866
23,Singapore,Masters,"PHP, C#","Flask, React",1001-5000,129374
20,Singapore,Masters,"Rust, C++","React, Angular",201-1000,109679
7,Germany,Bachelors,"Rust, Rust","Flask, Angular",5000+,86607
5,India,Bachelors,"Python, PHP","Spring, React",1001-5000,30824
25,France,Masters,"JavaScript, Ruby","Django, Laravel",201-1000,118799
24,UK,Masters,"JavaScript, C++","Express, Vue",51-200,138259
38,USA,Masters,"Swift, Go","Django, ASP.NET",Nov-50,251013
20,Germany,Masters,"PHP, Python","Laravel, Express",51-200,125171
27,Brazil,Masters,"PHP, PHP","Django, Express",5000+,179428
6,India,Bachelors,"JavaScript, Ruby","Ruby on Rails, Angular",Nov-50,32454
16,USA,Bachelors,"Swift, Swift","Laravel, Flask",5000+,151947
7,Canada,Bachelors,"Java, C++","Flask, Flask",201-1000,76039
17,Canada,Bachelors,"Java, JavaScript","Spring, Express",51-200,112219
33,Singapore,Masters,"Rust, PHP","Ruby on Rails, Vue",Nov-50,161997
2,France,Bachelors,"Ruby, Swift","Spring, Express",201-1000,53218
25,USA,Bachelors,"PHP, Java","ASP.NET, Django",5000+,201948
37,India,Some College,"C++, C#","Express, Express",201-1000,110958
22,USA,Bachelors,"Ruby, Swift","Flask, Laravel",Nov-50,156518
26,USA,Masters,"C++, Java","Vue, Spring",201-1000,195754
16,Germany,Masters,"Go, C++","Django, Vue",10-Jan,112535
35,Canada,Masters,"C++, Go","Django, Laravel",5000+,193212
36,Canada,Masters,"C#, C#","Spring, Spring",51-200,210153
7,India,High School,"C++, C++","Angular, ASP.NET",1001-5000,38854
34,USA,Bachelors,"JavaScript, JavaScript","React, React",51-200,154819
8,Canada,PhD,"Rust, JavaScript","ASP.NET, Flask",Nov-50,103574
16,UK,Bachelors,"C#, Go","Laravel, Ruby on Rails",Nov-50,101271
5,Germany,Masters,"JavaScript, Python","Flask, Spring",201-1000,85257
2,France,Masters,"Java, JavaScript","Angular, Vue",1001-5000,58598
4,USA,Masters,"JavaScript, JavaScript","Laravel, Flask",201-1000,128774
10,India,Bachelors,"Go, Rust","Angular, React",1001-5000,43094
9,USA,Bachelors,"PHP, PHP","Flask, React",201-1000,134496
19,USA,Masters,"Java, Rust","Flask, Angular",10-Jan,129571
6,USA,Masters,"Rust, Swift","Spring, Ruby on Rails",5000+,142354
40,UK,Bachelors,"Swift, Java","Ruby on Rails, Laravel",10-Jan,205993
2,Canada,Masters,"Swift, Swift","Django, Flask",201-1000,77115
14,France,Some College,"Python, C++","Flask, Ruby on Rails",51-200,81908
19,USA,Masters,"JavaScript, PHP","Django, Express",10-Jan,179974
26,UK,Masters,"JavaScript, JavaScript","ASP.NET, Vue",5000+,180872
13,USA,Masters,"JavaScript, Ruby","Flask, Flask",201-1000,124794
12,Brazil,Masters,"Go, Python","Laravel, Ruby on Rails",Nov-50,80402
3,Singapore,Bachelors,"PHP, Python","Vue, Django",201-1000,59482
25,Canada,Bachelors,"C#, Java","Flask, Express",5000+,166326
39,USA,Masters,"Rust, Python","Vue, Flask",5000+,231328
18,Brazil,Masters,"Java, Ruby","React, React",Nov-50,116964
19,Canada,Bachelors,"C#, C++","Vue, Django",Nov-50,94635
17,India,Bachelors,"Go, Ruby","Django, ASP.NET",Nov-50,72599
27,USA,Some College,"Swift, Swift","Express, Ruby on Rails",10-Jan,171771
2,USA,Masters,"Python, Java","Laravel, Ruby on Rails",Nov-50,90459
8,Canada,Some College,"Go, JavaScript","Vue, Laravel",201-1000,83608
21,UK,Masters,"Go, Python","Express, Laravel",10-Jan,118121
22,France,Bachelors,"Rust, Go","Flask, React",10-Jan,125428
37,USA,Masters,"C#, Python","Django, Angular",5000+,232209
32,Germany,Bachelors,"Java, C#","Django, Angular",1001-5000,161486
26,USA,Masters,"PHP, JavaScript","Django, Django",201-1000,193023
39,USA,Bachelors,"Python, PHP","Angular, Django",Nov-50,176293
39,USA,High School,"JavaScript, Go","Express, Laravel",1001-5000,203345
20,USA,Bachelors,"Swift, Go","Angular, ASP.NET",Nov-50,166054
11,India,Masters,"Java, JavaScript","Express, Angular",1001-5000,66366
7,UK,Bachelors,"C++, Python","Django, Ruby on Rails",201-1000,71306
7,USA,Bachelors,"Rust, Python","Flask, ASP.NET",5000+,145585
5,Canada,Bachelors,"Python, C#","ASP.NET, Django",1001-5000,82612
29,USA,Bachelors,"Swift, Swift","ASP.NET, Spring",5000+,170252
19,Germany,Bachelors,"Ruby, C++","Django, ASP.NET",51-200,128914
30,India,Bachelors,"JavaScript, C#","Spring, Laravel",201-1000,114577
17,USA,Masters,"Java, Ruby","Angular, Ruby on Rails",5000+,169192
39,Canada,Bachelors,"JavaScript, Ruby","Laravel, Express",201-1000,162487
5,USA,Bachelors,"PHP, Ruby","ASP.NET, Spring",Nov-50,85409
22,USA,Masters,"PHP, JavaScript","React, React",5000+,157248
6,USA,Masters,"Swift, C#","React, Django",10-Jan,108219
17,USA,Masters,"Swift, Go","React, Flask",1001-5000,160802
36,Japan,Bachelors,"C++, Python","Laravel, Flask",5000+,205010
32,USA,Masters,"Ruby, Python","Spring, React",51-200,199421
27,USA,Bachelors,"PHP, PHP","Flask, Vue",201-1000,165534
24,India,Bachelors,"Ruby, C#","React, Express",201-1000,76852
38,USA,Bachelors,"Go, Java","Spring, Django",Nov-50,215842
34,USA,Some College,"PHP, Swift","Laravel, Angular",1001-5000,184755
17,Germany,Bachelors,"C++, Python","Laravel, Vue",1001-5000,132526
18,France,Bachelors,"Ruby, Go","Flask, Django",51-200,113006
23,India,Bachelors,"Python, Python","Vue, Express",5000+,117665
29,USA,Bachelors,"Swift, Java","ASP.NET, React",1001-5000,190707
30,UK,Bachelors,"Ruby, PHP","Flask, Angular",Nov-50,152230
0,USA,Masters,"JavaScript, JavaScript","Express, Laravel",201-1000,101166
25,USA,Bachelors,"C#, C++","Spring, Express",5000+,199354
10,Germany,Bachelors,"Python, Swift","Spring, Django",1001-5000,77105
20,Germany,PhD,"Ruby, PHP","Flask, Express",5000+,136275
9,Japan,Bachelors,"PHP, Swift","Vue, Angular",5000+,94152
38,Germany,Bachelors,"JavaScript, Ruby","React, Django",201-1000,193974
2,USA,Bachelors,"Go, PHP","Vue, Flask",51-200,78371
16,Germany,Masters,"Swift, JavaScript","Express, ASP.NET",201-1000,108608
9,India,Masters,"PHP, Ruby","Laravel, ASP.NET",51-200,41833
31,Canada,Some College,"Go, Java","React, Ruby on Rails",201-1000,179507
31,Australia,Bachelors,"C#, Ruby","Vue, Ruby on Rails",201-1000,136925
5,UK,Bachelors,"Java, C++","ASP.NET, ASP.NET",1001-5000,60251
36,Germany,Bachelors,"Python, PHP","Laravel, Angular",201-1000,138447
22,Singapore,Some College,"PHP, C++","React, Vue",1001-5000,105690
21,Australia,Bachelors,"Python, Swift","Spring, React",201-1000,119213
27,USA,Bachelors,"PHP, Python","Vue, Laravel",1001-5000,137851
36,USA,Masters,"Rust, Swift","Vue, Spring",Nov-50,213763
21,USA,Bachelors,"C++, Python","ASP.NET, ASP.NET",201-1000,131273
27,India,Some College,"C++, Swift","React, Flask",5000+,110335
13,Brazil,Bachelors,"C++, C++","Angular, Vue",1001-5000,105294
28,Canada,Masters,"Go, Python","Spring, Laravel",1001-5000,182330
24,UK,Bachelors,"Python, Rust","Flask, React",5000+,162330
22,Singapore,Bachelors,"Go, C#","Django, Angular",Nov-50,105333
1,USA,Bachelors,"PHP, C#","Ruby on Rails, Express",1001-5000,92705
31,UK,Masters,"Go, Rust","Spring, React",5000+,164754
13,UK,PhD,"Rust, PHP","Express, React",5000+,153977
4,Canada,Bachelors,"Go, Ruby","Vue, Ruby on Rails",201-1000,82963
34,Germany,Bachelors,"C#, Rust","Ruby on Rails, Django",10-Jan,140354
23,Australia,Masters,"Java, JavaScript","Spring, React",10-Jan,143800
34,UK,Some College,"C#, JavaScript","Spring, Vue",201-1000,182645
39,UK,Bachelors,"Swift, PHP","Express, Spring",10-Jan,153343
19,Germany,Bachelors,"Ruby, Swift","ASP.NET, Laravel",201-1000,126217
26,USA,Bachelors,"Rust, PHP","React, Ruby on Rails",Nov-50,150557
36,USA,Bachelors,"Rust, Ruby","Angular, React",Nov-50,195157
14,Germany,Bachelors,"C#, C++","Flask, Laravel",5000+,95559
33,UK,Masters,"C#, PHP","Flask, Flask",5000+,173627
7,USA,Masters,"C#, Python","Angular, ASP.NET",51-200,116727
15,USA,Bachelors,"Ruby, PHP","Laravel, Django",1001-5000,124850
7,USA,Masters,"Ruby, C++","Express, Ruby on Rails",201-1000,103320
15,Canada,Masters,"Rust, JavaScript","React, Vue",10-Jan,109308
12,USA,Bachelors,"Rust, Ruby","ASP.NET, Ruby on Rails",1001-5000,123531
26,USA,Masters,"Ruby, C#","Spring, Ruby on Rails",Nov-50,157735
25,USA,Bachelors,"C++, Rust","Vue, Express",5000+,196859
17,Canada,Masters,"Go, Swift","Django, Flask",Nov-50,116152
15,USA,Masters,"Python, Ruby","Django, Vue",5000+,177062
38,USA,Some College,"Swift, Java","React, ASP.NET",51-200,192390
0,France,Bachelors,"Java, Rust","ASP.NET, React",201-1000,48297
7,Germany,Masters,"C#, Java","React, Angular",Nov-50,83852
32,USA,Masters,"Python, Java","Angular, React",51-200,215830
10,USA,Bachelors,"C++, JavaScript","Django, Angular",51-200,108933
23,USA,Bachelors,"C++, Java","Angular, Vue",51-200,183155
12,USA,Masters,"Python, Go","Ruby on Rails, Flask",1001-5000,145047
1,India,Bachelors,"Go, Swift","React, Flask",5000+,26915
14,UK,Masters,"PHP, Java","Spring, Laravel",5000+,105748
31,Germany,Bachelors,"Go, C++","Django, ASP.NET",51-200,174807
22,USA,Bachelors,"C++, C#","Angular, Ruby on Rails",Nov-50,125092
11,USA,Bachelors,"Swift, Python","Django, Django",201-1000,123652
28,UK,Masters,"Go, JavaScript","Django, ASP.NET",201-1000,140642
24,USA,Masters,"Ruby, Swift","Angular, Express",10-Jan,206033
12,France,Masters,"JavaScript, C++","React, Django",5000+,132336
19,India,Bachelors,"PHP, Java","React, Flask",1001-5000,76254
1,USA,Bachelors,"Python, Java","Express, Django",51-200,99018
34,India,Masters,"C++, JavaScript","Ruby on Rails, Ruby on Rails",51-200,115992
36,USA,Masters,"Python, JavaScript","Flask, Vue",5000+,192110
40,India,Bachelors,"Go, Swift","Express, ASP.NET",1001-5000,154893
16,Japan,Bachelors,"Python, Java","ASP.NET, Flask",201-1000,86782
15,Canada,Masters,"Java, C++","Angular, Angular",51-200,125603
7,Canada,Bachelors,"C#, C#","React, Laravel",201-1000,94058
11,Canada,Masters,"Java, C#","Laravel, Vue",5000+,138459
17,USA,Bachelors,"PHP, Ruby","Angular, Spring",Nov-50,114361
20,Germany,Bachelors,"Rust, Python","Flask, Spring",5000+,132364
20,USA,Masters,"Rust, Python","Laravel, Spring",1001-5000,146346
5,France,Bachelors,"PHP, Swift","Flask, Laravel",5000+,94405
5,USA,Bachelors,"Swift, Swift","Ruby on Rails, Django",10-Jan,98088
11,UK,Masters,"Java, C++","Spring, React",1001-5000,90198
2,Germany,Masters,"PHP, Go","ASP.NET, ASP.NET",1001-5000,78353
4,USA,Bachelors,"C++, Ruby","Angular, Django",Nov-50,96899
5,Germany,Bachelors,"Rust, Ruby","Express, Ruby on Rails",5000+,84333
10,UK,Masters,"JavaScript, Rust","React, Django",10-Jan,103071
29,USA,Bachelors,"PHP, PHP","ASP.NET, Flask",201-1000,211443
16,UK,Bachelors,"C#, Rust","Vue, ASP.NET",1001-5000,108916
27,USA,Masters,"Java, Ruby","Laravel, Vue",1001-5000,174408
1,Germany,High School,"Swift, Java","React, ASP.NET",1001-5000,68772
6,Germany,Bachelors,"Java, C++","Vue, ASP.NET",10-Jan,75597
12,Germany,Bachelors,"Swift, Python","Ruby on Rails, Angular",1001-5000,105233
16,USA,Bachelors,"Swift, Go","Laravel, Flask",201-1000,145791
12,USA,PhD,"Python, Python","Vue, Angular",Nov-50,148742
19,USA,Bachelors,"JavaScript, Rust","ASP.NET, Spring",Nov-50,161262
7,USA,Bachelors,"Swift, C#","Laravel, Flask",5000+,145726
7,USA,Bachelors,"Rust, C#","React, Express",201-1000,128575
21,USA,Masters,"PHP, Ruby","Vue, Express",5000+,151881
23,USA,Bachelors,"PHP, PHP","Flask, Spring",1001-5000,166169
15,Japan,Bachelors,"Rust, Rust","Vue, React",5000+,113266
1,India,Bachelors,"Python, C#","Ruby on Rails, Django",Nov-50,15010
4,Canada,Bachelors,"Java, Ruby","React, ASP.NET",5000+,73145
11,USA,Some College,"JavaScript, JavaScript","Angular, Spring",Nov-50,114608
20,Canada,Bachelors,"C#, C++","Vue, Laravel",5000+,147074
39,India,Some College,"PHP, Rust","Express, Vue",Nov-50,112266
20,UK,High School,"Swift, JavaScript","Laravel, Laravel",10-Jan,114431
37,France,Bachelors,"PHP, Ruby","Laravel, Vue",51-200,169581
39,USA,Bachelors,"Rust, Go","Laravel, Ruby on Rails",51-200,177452
2,Canada,Bachelors,"Python, Python","Spring, Ruby on Rails",10-Jan,59106
37,France,Bachelors,"PHP, PHP","Express, Vue",1001-5000,136522
6,USA,Bachelors,"Python, Swift","ASP.NET, Flask",Nov-50,114677
32,Japan,Masters,"Java, Python","ASP.NET, Flask",1001-5000,149180
9,USA,Masters,"Rust, PHP","React, Flask",51-200,111657
22,USA,Bachelors,"JavaScript, C++","Laravel, Vue",10-Jan,156078
0,USA,Masters,"JavaScript, Python","ASP.NET, Laravel",1001-5000,82953
11,UK,Masters,"JavaScript, Swift","Django, Laravel",51-200,94088
25,USA,Masters,"C++, Ruby","Express, Vue",201-1000,208355
19,Germany,Masters,"JavaScript, C#","Spring, ASP.NET",10-Jan,122593
26,Germany,Masters,"PHP, Rust","React, Flask",5000+,195281
23,UK,Masters,"Ruby, JavaScript","Ruby on Rails, Spring",Nov-50,122768
16,UK,Bachelors,"C++, Ruby","Django, Angular",5000+,125403
28,Canada,Masters,"Swift, C#","Ruby on Rails, Express",Nov-50,137327
40,India,Bachelors,"Python, C#","Express, Vue",201-1000,132090
22,Japan,Masters,"C++, Ruby","Laravel, Ruby on Rails",Nov-50,149977
16,France,Bachelors,"Java, Python","Express, Ruby on Rails",5000+,105034
18,India,Bachelors,"C#, Ruby","Express, Ruby on Rails",201-1000,65127
23,Canada,Some College,"Java, JavaScript","Django, React",5000+,163744
22,India,PhD,"Rust, Ruby","Laravel, React",51-200,98670
7,USA,Bachelors,"Ruby, C++","Ruby on Rails, Laravel",5000+,132639
3,Japan,Some College,"Ruby, Swift","Laravel, ASP.NET",Nov-50,59527
14,USA,Bachelors,"Go, Rust","Angular, React",Nov-50,108652
13,Australia,Bachelors,"Swift, Java","Flask, Ruby on Rails",51-200,103644
40,USA,Bachelors,"Ruby, Go","React, Vue",Nov-50,204001
25,Canada,Bachelors,"PHP, JavaScript","ASP.NET, Flask",Nov-50,160729
5,Canada,Masters,"JavaScript, Swift","Vue, Laravel",201-1000,92379
28,Germany,Masters,"Go, JavaScript","ASP.NET, Vue",5000+,161229
13,India,Masters,"C#, Ruby","React, Angular",5000+,87226
38,UK,Bachelors,"Go, Swift","ASP.NET, ASP.NET",51-200,164457
14,USA,High School,"Ruby, JavaScript","Laravel, Laravel",Nov-50,147301
39,Canada,Masters,"Swift, Ruby","Angular, Flask",5000+,163359
40,Canada,PhD,"JavaScript, C++","Laravel, Spring",Nov-50,220811
1,India,Bachelors,"C#, Go","Spring, Flask",5000+,27331
11,USA,Bachelors,"Java, Java","Ruby on Rails, Angular",51-200,130155
24,USA,Bachelors,"PHP, C++","Laravel, Laravel",10-Jan,177199
21,USA,Bachelors,"Swift, Swift","Django, Angular",5000+,138991
37,UK,Masters,"JavaScript, Go","Laravel, Flask",1001-5000,183738
25,USA,Bachelors,"Ruby, C#","Express, Laravel",10-Jan,143250
3,Canada,Bachelors,"Java, Swift","Spring, Django",Nov-50,59949
32,Brazil,Bachelors,"Rust, Python","Express, Spring",201-1000,161027
1,France,Masters,"Rust, C#","Ruby on Rails, Angular",Nov-50,69184
37,Germany,Bachelors,"C++, JavaScript","Flask, Ruby on Rails",201-1000,182889
5,USA,Bachelors,"JavaScript, Ruby","Angular, Angular",51-200,123698
33,USA,Bachelors,"Go, Rust","Spring, Django",10-Jan,223520
7,Canada,Bachelors,"Java, Python","React, Angular",51-200,76211
13,UK,Bachelors,"PHP, JavaScript","ASP.NET, Spring",51-200,87532
1,USA,Masters,"C#, Java","Flask, ASP.NET",5000+,121122
6,France,High School,"Java, Python","React, Laravel",201-1000,65235
16,USA,Bachelors,"C#, C++","Express, Ruby on Rails",51-200,159702
17,Japan,Masters,"C++, C++","Express, Express",51-200,118085
5,USA,Masters,"Go, Python","React, ASP.NET",Nov-50,98820
25,India,Bachelors,"JavaScript, Ruby","Laravel, Vue",201-1000,91004
39,Germany,Some College,"Go, Swift","Angular, ASP.NET",Nov-50,143570
31,USA,Bachelors,"PHP, JavaScript","Vue, Laravel",1001-5000,174187
20,USA,Some College,"Swift, C++","Laravel, ASP.NET",Nov-50,169105
11,Japan,Bachelors,"Rust, JavaScript","Laravel, React",10-Jan,80267
0,Brazil,Some College,"Ruby, PHP","ASP.NET, Django",5000+,69296
8,France,Masters,"Swift, C++","Express, Express",10-Jan,89496
3,USA,Masters,"Rust, Swift","Express, Laravel",Nov-50,90598
1,Brazil,Some College,"Python, Python","Flask, Flask",10-Jan,47979
33,Germany,Bachelors,"Python, Rust","Django, ASP.NET",51-200,141598
9,USA,Bachelors,"PHP, Swift","ASP.NET, Laravel",Nov-50,114160
18,USA,Masters,"Go, Rust","React, Angular",201-1000,168494
40,UK,Masters,"C++, Java","Laravel, Ruby on Rails",1001-5000,219019
39,Germany,Bachelors,"JavaScript, Python","Vue, ASP.NET",5000+,203070
23,Canada,Some College,"Swift, C++","Flask, Angular",10-Jan,109249
14,USA,Bachelors,"Swift, C#","Laravel, Express",5000+,142772
7,Canada,Some College,"Go, JavaScript","Django, Ruby on Rails",1001-5000,68299
22,UK,Masters,"Rust, Rust","Django, React",Nov-50,141488
2,Canada,Bachelors,"Ruby, Rust","Laravel, ASP.NET",Nov-50,56910
28,Canada,Some College,"C#, JavaScript","Django, Django",1001-5000,160490
10,India,Masters,"Python, C#","Vue, Express",5000+,81824
5,USA,Bachelors,"Python, Ruby","Spring, Django",5000+,109619
12,USA,Bachelors,"JavaScript, PHP","Ruby on Rails, Flask",5000+,140047
19,Canada,Some College,"PHP, PHP","Express, Laravel",5000+,132072
27,India,Bachelors,"PHP, Ruby","Flask, Vue",10-Jan,111877
31,India,Bachelors,"Java, Java","Express, Angular",Nov-50,104730
21,Australia,Some College,"C#, JavaScript","Flask, Vue",5000+,113016
11,USA,Bachelors,"Go, Rust","Django, ASP.NET",201-1000,124114
11,UK,Masters,"Ruby, C#","Vue, Ruby on Rails",51-200,98277
4,USA,Bachelors,"Go, Go","Flask, Spring",1001-5000,83359
9,UK,Masters,"C++, Rust","Express, Flask",51-200,77833
25,Canada,Masters,"Swift, Java","Laravel, Ruby on Rails",1001-5000,130292
39,UK,Bachelors,"C++, Python","Ruby on Rails, Flask",10-Jan,178388
5,Germany,Masters,"PHP, C++","Vue, React",10-Jan,68415
20,USA,Masters,"JavaScript, C#","Ruby on Rails, Spring",Nov-50,175641
34,USA,Masters,"Python, Python","Flask, Express",1001-5000,211708
14,Australia,Masters,"Rust, Ruby","Angular, React",51-200,84445
21,UK,Masters,"Ruby, Go","Flask, Express",5000+,151297
5,USA,Bachelors,"C++, Java","Ruby on Rails, Laravel",Nov-50,124385
17,India,High School,"Go, PHP","Django, Ruby on Rails",Nov-50,66997
32,USA,Bachelors,"Swift, Swift","React, Vue",1001-5000,222591
20,France,Bachelors,"PHP, JavaScript","React, Ruby on Rails",201-1000,123225
31,USA,Masters,"Go, Swift","Flask, Laravel",10-Jan,180523
1,USA,Some College,"C++, C++","React, Spring",5000+,89522
35,USA,Bachelors,"C++, Java","Django, Ruby on Rails",10-Jan,191604
15,Japan,Bachelors,"Swift, JavaScript","Vue, Laravel",51-200,112499
10,Canada,Masters,"C#, Go","ASP.NET, React",1001-5000,113733
19,Japan,Some College,"Swift, Rust","React, React",5000+,100610
9,USA,Bachelors,"C++, Go","Spring, Laravel",201-1000,118836
21,France,Bachelors,"Ruby, Python","Angular, ASP.NET",5000+,115056
37,India,Bachelors,"C++, C#","React, Ruby on Rails",1001-5000,127048
33,USA,Masters,"Swift, Python","React, Express",201-1000,166359
12,Japan,Masters,"JavaScript, Ruby","Vue, Flask",10-Jan,77823
35,India,Some College,"C++, Ruby","Flask, Laravel",Nov-50,114744
20,Canada,Bachelors,"PHP, C#","ASP.NET, Vue",10-Jan,105490
20,USA,Masters,"Python, C#","React, ASP.NET",5000+,209017
25,USA,PhD,"PHP, Ruby","Vue, Django",201-1000,173412
1,USA,PhD,"Go, Go","Ruby on Rails, Express",10-Jan,118635
12,India,Bachelors,"JavaScript, Java","Vue, ASP.NET",201-1000,45552
37,UK,Some College,"Go, PHP","ASP.NET, Spring",1001-5000,170880
40,Germany,Bachelors,"C++, C#","Flask, ASP.NET",Nov-50,160868
5,UK,Masters,"PHP, C#","Flask, Flask",5000+,114372
38,UK,Masters,"JavaScript, C#","React, Express",201-1000,185447
3,Germany,High School,"JavaScript, JavaScript","React, Vue",201-1000,80814
0,Germany,Masters,"Rust, PHP","Laravel, ASP.NET",201-1000,58933
8,USA,Bachelors,"Rust, Rust","Spring, Angular",5000+,127825
11,USA,Bachelors,"Swift, C#","Flask, Flask",1001-5000,115190
29,UK,High School,"PHP, Go","Django, Spring",51-200,138440
22,USA,Bachelors,"Ruby, C++","Laravel, Spring",5000+,156626
16,USA,Masters,"JavaScript, Swift","Django, Angular",51-200,171730
9,USA,Masters,"Ruby, Java","ASP.NET, Angular",1001-5000,137058
5,India,Masters,"Python, Rust","Spring, ASP.NET",Nov-50,41219
11,Japan,Bachelors,"Ruby, JavaScript","Django, Vue",201-1000,83090
5,France,Masters,"Rust, Ruby","Flask, Laravel",5000+,84293
33,USA,Bachelors,"Python, C++","Ruby on Rails, Ruby on Rails",10-Jan,216174
19,UK,Bachelors,"Python, Ruby","ASP.NET, Spring",10-Jan,96062
39,USA,Bachelors,"C++, JavaScript","Laravel, Flask",201-1000,207506
8,USA,Bachelors,"JavaScript, Ruby","ASP.NET, Spring",5000+,109158
24,USA,Bachelors,"Ruby, Python","Django, Ruby on Rails",Nov-50,185888
17,India,PhD,"PHP, Rust","Flask, ASP.NET",51-200,78523
0,USA,Bachelors,"Swift, PHP","Laravel, Angular",10-Jan,105095
36,Australia,PhD,"Python, JavaScript","React, Django",5000+,167710
18,Germany,Bachelors,"C++, Python","ASP.NET, Express",51-200,114764
34,USA,Masters,"Ruby, Java","Laravel, Express",201-1000,183182
34,India,Some College,"Rust, JavaScript","Ruby on Rails, Flask",201-1000,119670
35,USA,Bachelors,"C++, Ruby","Flask, ASP.NET",51-200,198719
34,Germany,Bachelors,"JavaScript, C++","React, Vue",10-Jan,162245
39,USA,Bachelors,"Rust, Rust","Flask, Django",10-Jan,198821
16,Singapore,Masters,"C++, Swift","Ruby on Rails, Django",201-1000,118899
18,France,PhD,"Go, Swift","Express, Express",Nov-50,108987
18,USA,Masters,"Python, Ruby","Flask, Spring",201-1000,149245
25,USA,Some College,"PHP, PHP","Flask, Django",10-Jan,184459
23,UK,Bachelors,"C++, JavaScript","Spring, Angular",5000+,163063
3,USA,Masters,"Go, Go","Angular, Ruby on Rails",5000+,122559
34,USA,Masters,"C#, Python","Ruby on Rails, ASP.NET",Nov-50,214102
26,UK,Masters,"JavaScript, JavaScript","Laravel, Flask",10-Jan,134495
24,USA,Bachelors,"C#, PHP","Spring, Laravel",Nov-50,143288
9,UK,Some College,"JavaScript, PHP","React, Flask",10-Jan,102121
8,USA,Bachelors,"C++, Python","Django, Angular",1001-5000,109341
35,USA,Masters,"JavaScript, Rust","Ruby on Rails, Angular",5000+,199443
15,USA,Masters,"JavaScript, Python","Ruby on Rails, Spring",1001-5000,160798
37,Germany,Bachelors,"JavaScript, Rust","Django, ASP.NET",Nov-50,196647
30,Brazil,Bachelors,"JavaScript, JavaScript","Laravel, Express",Nov-50,136504
21,Germany,Masters,"Ruby, Java","Angular, Spring",10-Jan,110681
12,UK,Masters,"Go, Swift","React, Express",1001-5000,121703
6,USA,Bachelors,"Swift, Rust","Vue, Ruby on Rails",201-1000,112364
11,USA,Masters,"PHP, Ruby","Vue, Flask",1001-5000,121439
31,USA,Bachelors,"Swift, Python","Ruby on Rails, Flask",10-Jan,170422
31,Japan,Masters,"C#, C#","Ruby on Rails, Laravel",10-Jan,178015
19,Australia,Bachelors,"PHP, Go","Angular, Spring",1001-5000,106556
40,India,Some College,"Rust, C++","Flask, Vue",51-200,146795
38,USA,PhD,"Ruby, Go","Spring, Laravel",51-200,188076
23,Germany,Masters,"C++, Java","ASP.NET, Flask",51-200,151522
25,Canada,Bachelors,"Python, Java","Django, Ruby on Rails",51-200,146137
33,India,Masters,"JavaScript, C++","Angular, Express",Nov-50,119189
35,USA,Bachelors,"Rust, Rust","Vue, ASP.NET",10-Jan,216496
26,USA,Bachelors,"JavaScript, Swift","ASP.NET, React",201-1000,197940
28,USA,Masters,"Rust, Ruby","Express, React",1001-5000,179318
12,India,Bachelors,"JavaScript, Java","Ruby on Rails, Ruby on Rails",1001-5000,56874
4,USA,Masters,"JavaScript, Rust","React, ASP.NET",Nov-50,115743
4,India,Masters,"Python, C#","Vue, Vue",10-Jan,44339
27,Australia,Masters,"C++, Swift","Flask, ASP.NET",201-1000,146644
31,USA,Masters,"Java, JavaScript","Flask, Express",201-1000,157924
30,India,Bachelors,"JavaScript, Python","Spring, Spring",201-1000,84192
16,USA,Bachelors,"Java, Python","Laravel, Flask",5000+,165224
36,USA,Bachelors,"JavaScript, Python","Django, Vue",1001-5000,225048
18,USA,Some College,"PHP, JavaScript","Flask, ASP.NET",5000+,149722
19,USA,Bachelors,"Ruby, PHP","Laravel, Laravel",201-1000,155066
10,Australia,Bachelors,"Rust, Rust","Vue, Django",Nov-50,71010
2,UK,High School,"Rust, JavaScript","Django, Ruby on Rails",Nov-50,59152
4,Australia,Bachelors,"C++, C#","Laravel, React",10-Jan,72738
4,USA,High School,"JavaScript, Ruby","Django, Ruby on Rails",1001-5000,83505
34,USA,Masters,"C#, Python","Ruby on Rails, Laravel",Nov-50,166218
32,USA,Bachelors,"Go, Java","Vue, Spring",10-Jan,195374
15,UK,Masters,"Ruby, Python","Django, React",1001-5000,107566
32,Germany,Some College,"Java, C#","Angular, Express",201-1000,134361
36,Germany,Bachelors,"Ruby, C#","Laravel, Flask",Nov-50,136760
22,USA,Bachelors,"JavaScript, Go","Ruby on Rails, Django",1001-5000,163666
12,UK,Bachelors,"Rust, Java","Ruby on Rails, Vue",51-200,87770
33,USA,Bachelors,"C++, C#","ASP.NET, Laravel",10-Jan,192326
14,Singapore,Bachelors,"Rust, PHP","Spring, Vue",201-1000,85536
24,Canada,Masters,"C++, C++","Ruby on Rails, Angular",201-1000,160653
25,USA,Bachelors,"Java, Python","React, Express",5000+,153367
0,Australia,High School,"Swift, Java","Vue, Django",5000+,56428
24,UK,Masters,"C#, Rust","Angular, Laravel",201-1000,135289
39,USA,Bachelors,"Rust, JavaScript","ASP.NET, Ruby on Rails",Nov-50,233971
36,USA,Bachelors,"C++, Rust","Express, Spring",51-200,232814
8,Germany,Bachelors,"C#, Go","Vue, Vue",5000+,95303
14,Germany,Masters,"Go, Rust","Flask, Flask",51-200,115634
5,USA,Bachelors,"Ruby, C#","Angular, Django",5000+,102895
35,France,Masters,"JavaScript, Swift","Flask, Spring",5000+,166741
15,USA,Masters,"Ruby, Go","Flask, React",201-1000,132958
2,Germany,Bachelors,"C++, PHP","Flask, ASP.NET",Nov-50,54333
28,USA,PhD,"Go, JavaScript","Vue, ASP.NET",5000+,248372
18,USA,Some College,"Java, Rust","Laravel, Ruby on Rails",5000+,179805
29,India,Masters,"PHP, Java","React, Flask",5000+,131060
37,India,Masters,"Java, C#","Django, Ruby on Rails",1001-5000,124664
19,Germany,PhD,"PHP, Java","Spring, ASP.NET",10-Jan,151989
7,Canada,Bachelors,"Swift, C++","Django, ASP.NET",Nov-50,65616
11,Australia,Masters,"Swift, C#","Flask, ASP.NET",10-Jan,103830
37,Japan,Bachelors,"Rust, PHP","Django, Django",1001-5000,149843
31,USA,Bachelors,"C#, PHP","Vue, Vue",Nov-50,188780
40,Brazil,Bachelors,"C++, Go","Vue, React",1001-5000,174598
3,USA,Bachelors,"Swift, Ruby","Laravel, Angular",Nov-50,90109
16,Germany,Masters,"PHP, PHP","Ruby on Rails, React",5000+,122550
31,France,Bachelors,"Swift, C#","ASP.NET, Vue",1001-5000,171490
7,USA,Bachelors,"C++, C#","Angular, ASP.NET",5000+,116153
8,USA,Bachelors,"Go, Python","Ruby on Rails, Laravel",10-Jan,100508
24,USA,High School,"PHP, C#","Flask, ASP.NET",51-200,181854
29,USA,Bachelors,"C#, Java","Vue, Laravel",201-1000,193397
35,Japan,Bachelors,"PHP, C#","Spring, Django",Nov-50,180427
4,UK,Masters,"Swift, C++","Ruby on Rails, Laravel",10-Jan,85329
0,UK,Masters,"Swift, Python","Vue, Django",51-200,80727
35,Japan,Bachelors,"Go, C#","Angular, Angular",Nov-50,155820
25,UK,Masters,"Rust, Rust","Vue, Ruby on Rails",10-Jan,171005
18,Germany,Masters,"Rust, JavaScript","Angular, Vue",1001-5000,135322
10,USA,Bachelors,"Rust, Swift","ASP.NET, Angular",1001-5000,100411
36,UK,Masters,"Swift, JavaScript","Ruby on Rails, Ruby on Rails",5000+,196335
6,USA,Bachelors,"Rust, C++","Angular, Laravel",10-Jan,103935
21,Australia,Some College,"C#, Swift","Express, Ruby on Rails",10-Jan,94964
6,USA,Bachelors,"C++, Swift","ASP.NET, Ruby on Rails",201-1000,100710
22,Japan,Bachelors,"JavaScript, Rust","ASP.NET, Vue",5000+,155531
37,USA,Bachelors,"C++, Ruby","Angular, Django",5000+,182265
28,USA,Masters,"Java, Rust","Express, Flask",1001-5000,167977
28,USA,Some College,"Java, Rust","ASP.NET, Django",201-1000,187948
23,USA,Bachelors,"C#, Swift","React, Vue",1001-5000,156449
28,Australia,Bachelors,"C#, C++","Laravel, React",5000+,171423
26,Germany,Bachelors,"Java, C++","Ruby on Rails, Express",Nov-50,134119
24,Japan,Masters,"Java, PHP","Vue, Spring",10-Jan,112674
22,India,Masters,"C#, PHP","Vue, Express",1001-5000,98297
2,UK,Bachelors,"Swift, Swift","Angular, React",Nov-50,79139
30,Japan,Masters,"Rust, Go","Express, ASP.NET",5000+,168332
23,USA,Bachelors,"Java, Swift","Ruby on Rails, Django",201-1000,187434
8,USA,Bachelors,"C++, Python","Express, React",51-200,129444
3,France,Masters,"Java, C++","Vue, Django",1001-5000,65335
11,Australia,Bachelors,"JavaScript, Go","ASP.NET, Ruby on Rails",10-Jan,67932
23,Germany,Masters,"Python, Rust","ASP.NET, React",201-1000,150217
34,USA,PhD,"Go, Go","Express, ASP.NET",1001-5000,171694
14,Japan,Bachelors,"JavaScript, Java","ASP.NET, React",5000+,110095
0,Germany,High School,"Java, JavaScript","Django, Django",1001-5000,69719
2,Canada,Bachelors,"Java, C#","Ruby on Rails, Ruby on Rails",1001-5000,65828
35,Japan,Masters,"Go, Go","Angular, React",5000+,214460
40,USA,Bachelors,"Swift, Go","Ruby on Rails, Flask",1001-5000,193212
4,India,Some College,"Java, Python","Ruby on Rails, Angular",1001-5000,26638
40,France,Bachelors,"Swift, C++","Angular, Ruby on Rails",5000+,218320
35,USA,Masters,"Ruby, PHP","Spring, Flask",201-1000,167154
3,USA,Masters,"Java, Python","Flask, Spring",51-200,102228
18,USA,Bachelors,"C++, Ruby","Django, Ruby on Rails",Nov-50,150717
29,Germany,Bachelors,"Rust, C++","Flask, Ruby on Rails",10-Jan,143352
2,Germany,Masters,"C#, Ruby","ASP.NET, Laravel",51-200,72701
0,France,Masters,"PHP, PHP","Angular, Laravel",1001-5000,54473
11,USA,Masters,"Rust, JavaScript","Spring, Angular",51-200,112915
24,USA,Bachelors,"Rust, JavaScript","Laravel, Laravel",Nov-50,160131
2,USA,Bachelors,"Rust, Ruby","Express, Laravel",201-1000,98293
29,Canada,Masters,"Java, Rust","Express, ASP.NET",1001-5000,150621
3,USA,Bachelors,"Python, Rust","Django, Ruby on Rails",1001-5000,101365
6,Australia,Bachelors,"Python, Swift","Angular, Spring",1001-5000,74638
4,Canada,PhD,"Swift, Swift","ASP.NET, Ruby on Rails",5000+,117318
35,USA,Bachelors,"Swift, C#","Django, ASP.NET",10-Jan,225674
11,UK,Masters,"Swift, PHP","ASP.NET, Laravel",Nov-50,111495
0,USA,Masters,"C++, Rust","Django, Laravel",1001-5000,99334
39,USA,Masters,"Python, Python","Ruby on Rails, Django",51-200,175061
3,UK,Bachelors,"C++, C++","Spring, ASP.NET",1001-5000,74709
26,Australia,Bachelors,"Swift, Swift","Spring, Ruby on Rails",51-200,144006
13,Germany,Bachelors,"Go, Java","ASP.NET, ASP.NET",5000+,95848
13,USA,Bachelors,"C++, Rust","React, Spring",201-1000,146628
32,India,Masters,"JavaScript, Python","React, Vue",51-200,113420
17,UK,Bachelors,"Python, JavaScript","ASP.NET, Ruby on Rails",5000+,123568
10,USA,Bachelors,"Python, Go","Express, ASP.NET",10-Jan,139985
37,UK,Bachelors,"Rust, Ruby","Vue, Flask",201-1000,198779
18,USA,Bachelors,"Java, JavaScript","Flask, Express",51-200,142803
33,Canada,Bachelors,"JavaScript, Rust","Vue, Express",201-1000,154961
36,Germany,Some College,"Go, Go","Express, Express",201-1000,152060
34,USA,Bachelors,"Python, Go","Spring, Vue",1001-5000,179603
26,USA,PhD,"C#, Rust","Flask, Angular",5000+,178300
26,Australia,Bachelors,"Ruby, Rust","React, Laravel",201-1000,106974
20,USA,Bachelors,"Python, Swift","Express, Django",1001-5000,177427
33,USA,Bachelors,"PHP, Go","Ruby on Rails, React",5000+,204723
21,Japan,Bachelors,"C#, C#","Vue, Express",5000+,144736
11,UK,Masters,"Ruby, Python","Django, Django",201-1000,98983
16,Canada,Bachelors,"Swift, Rust","React, Spring",1001-5000,105947
18,USA,Bachelors,"Rust, C++","Ruby on Rails, React",5000+,151577
19,UK,High School,"C++, PHP","Express, Laravel",10-Jan,121074
32,Japan,Some College,"Rust, Go","Express, Spring",201-1000,168625
39,Japan,Bachelors,"Python, Rust","Express, Vue",201-1000,197664
2,Canada,Bachelors,"Java, Go","Laravel, Flask",201-1000,55599
1,Australia,Bachelors,"Ruby, Python","ASP.NET, Flask",201-1000,63458
38,Australia,Masters,"Rust, Ruby","Vue, Spring",Nov-50,164961
22,India,Masters,"Rust, JavaScript","Django, ASP.NET",1001-5000,73387
12,USA,Bachelors,"C#, Rust","ASP.NET, Ruby on Rails",10-Jan,144309
10,Australia,Masters,"Go, C++","Flask, Vue",201-1000,85156
38,UK,Masters,"C#, Python","Angular, Vue",1001-5000,197668
19,USA,Bachelors,"Swift, C#","Spring, Flask",10-Jan,117734
11,Canada,Bachelors,"Ruby, Swift","Flask, Vue",Nov-50,85394
0,Japan,Masters,"Swift, Go","Laravel, Flask",5000+,85679
39,USA,Masters,"JavaScript, JavaScript","Angular, ASP.NET",51-200,240327
26,France,Bachelors,"JavaScript, JavaScript","Django, ASP.NET",Nov-50,151434
0,India,Masters,"Java, Rust","Ruby on Rails, Angular",5000+,45650
37,Japan,Masters,"PHP, PHP","ASP.NET, Laravel",51-200,158761
29,India,Bachelors,"Java, JavaScript","Angular, ASP.NET",51-200,94109
35,India,Masters,"Java, Ruby","ASP.NET, Spring",201-1000,132665
33,India,PhD,"C#, C++","Spring, Django",201-1000,133902
5,Australia,Masters,"Java, Go","Flask, Angular",1001-5000,68364
21,USA,High School,"C++, PHP","React, Django",Nov-50,136093
7,USA,Bachelors,"Python, JavaScript","Ruby on Rails, Laravel",Nov-50,91621
5,Canada,Bachelors,"Rust, Rust","Ruby on Rails, React",201-1000,87744
0,USA,Bachelors,"Java, PHP","Angular, ASP.NET",10-Jan,72725
28,Brazil,Bachelors,"Java, Go","Ruby on Rails, Laravel",Nov-50,129659
32,USA,Bachelors,"Ruby, C++","Flask, Ruby on Rails",10-Jan,185543
25,USA,Bachelors,"C++, C++","React, Flask",51-200,148447
12,Germany,Some College,"Ruby, JavaScript","Angular, Vue",10-Jan,107280
37,USA,Bachelors,"Python, C++","Angular, Ruby on Rails",1001-5000,217982
21,Canada,Masters,"Go, C#","Laravel, Vue",201-1000,108809
6,USA,Masters,"Go, Ruby","ASP.NET, Django",10-Jan,134004
14,USA,Bachelors,"Java, Python","Flask, Laravel",10-Jan,114710
2,USA,Bachelors,"Go, C++","Spring, Angular",201-1000,108138
4,USA,Masters,"Java, Python","Vue, Express",Nov-50,133648
26,UK,Some College,"Rust, Swift","Angular, Django",10-Jan,110958
31,Australia,High School,"Java, Python","Flask, Flask",5000+,164041
21,USA,Masters,"Go, C#","Vue, Laravel",201-1000,189316
39,Canada,Some College,"Java, Go","Spring, React",10-Jan,171609
29,USA,High School,"Java, JavaScript","Vue, Flask",10-Jan,160160
18,USA,Bachelors,"C#, C#","Spring, Django",201-1000,142973
31,Australia,Bachelors,"Ruby, Swift","Angular, Flask",51-200,134301
38,USA,PhD,"Rust, C++","Angular, Ruby on Rails",5000+,252436
40,Germany,Some College,"Java, JavaScript","Django, React",10-Jan,144885
12,USA,Masters,"C++, PHP","Express, Laravel",Nov-50,155875
33,India,Bachelors,"Python, Ruby","Ruby on Rails, Vue",51-200,102925
34,UK,Bachelors,"Java, Java","Flask, React",201-1000,150120
35,India,Bachelors,"Go, Python","ASP.NET, Spring",10-Jan,104545
12,France,Bachelors,"Rust, Go","React, Express",10-Jan,82993
37,UK,Masters,"PHP, Python","Angular, Vue",1001-5000,147643
26,USA,Bachelors,"C#, JavaScript","Django, Django",Nov-50,136585
24,USA,Bachelors,"C++, JavaScript","Spring, Express",5000+,176278
38,Australia,Some College,"Ruby, C++","Angular, ASP.NET",1001-5000,167030
5,USA,Bachelors,"Swift, Python","Vue, Express",51-200,95570
36,Brazil,Bachelors,"Ruby, JavaScript","Flask, Spring",201-1000,157638
34,Germany,Masters,"Python, Rust","Laravel, Ruby on Rails",5000+,169340
3,USA,Masters,"Java, Rust","Flask, Ruby on Rails",10-Jan,88508
12,USA,Masters,"Swift, Ruby","Spring, React",201-1000,146485
1,UK,Bachelors,"Go, C++","Spring, Express",51-200,69939
9,USA,PhD,"JavaScript, Ruby","Vue, React",5000+,176351
5,Germany,Bachelors,"Python, Ruby","Ruby on Rails, Angular",51-200,67197
1,USA,Masters,"Swift, C#","Vue, Django",10-Jan,108884
29,UK,Masters,"PHP, Ruby","Vue, Django",Nov-50,161773
25,UK,Masters,"C#, Go","Ruby on Rails, Laravel",51-200,157646
26,Canada,Masters,"Python, Python","Django, Laravel",5000+,154438
2,Brazil,Masters,"Ruby, JavaScript","Express, Ruby on Rails",51-200,77899
22,USA,Some College,"Go, Rust","Vue, Express",51-200,173119
34,Australia,Masters,"C#, Go","Django, Angular",201-1000,186759
2,USA,Masters,"C#, Rust","Express, Ruby on Rails",5000+,143998
24,USA,Masters,"Java, Java","Ruby on Rails, Express",1001-5000,163598
9,USA,Some College,"PHP, PHP","Laravel, Express",5000+,132266
30,UK,Masters,"JavaScript, JavaScript","Vue, Django",5000+,144195
11,Germany,Bachelors,"JavaScript, C++","Express, Laravel",51-200,79211
37,Canada,Bachelors,"C++, PHP","Flask, React",Nov-50,173198
25,UK,Bachelors,"JavaScript, Swift","Spring, ASP.NET",1001-5000,159661
7,Germany,Masters,"JavaScript, C#","Vue, Laravel",1001-5000,105292
14,USA,Bachelors,"Java, PHP","Flask, Ruby on Rails",1001-5000,148740
36,Australia,Bachelors,"Python, C++","Django, Vue",201-1000,187960
29,Australia,Masters,"C++, C#","Django, ASP.NET",Nov-50,136798
20,India,Bachelors,"Go, Python","Ruby on Rails, Flask",5000+,100970
9,India,Bachelors,"JavaScript, Ruby","Django, Express",51-200,37805
6,Germany,Bachelors,"Ruby, JavaScript","React, Laravel",10-Jan,82233
35,USA,Bachelors,"Ruby, Go","Django, Express",201-1000,159385
29,USA,Some College,"Go, C#","React, Spring",1001-5000,141952
25,France,Masters,"Ruby, Swift","ASP.NET, Laravel",201-1000,114712
6,UK,Bachelors,"Java, Go","Vue, Flask",1001-5000,70440
8,India,Masters,"Rust, C#","React, Vue",51-200,56637
12,Canada,High School,"Swift, JavaScript","Spring, Spring",1001-5000,90564
12,USA,Masters,"Go, Go","Spring, ASP.NET",10-Jan,134603
15,Australia,Masters,"JavaScript, C#","ASP.NET, Django",10-Jan,117815
17,Germany,Masters,"Go, Rust","Vue, Laravel",1001-5000,141642
6,Brazil,Bachelors,"PHP, C++","React, Spring",Nov-50,72862
33,India,Bachelors,"Java, Ruby","Flask, React",Nov-50,129617
24,Canada,Masters,"Swift, PHP","Ruby on Rails, ASP.NET",Nov-50,163872
25,Canada,PhD,"Ruby, Python","Angular, Flask",51-200,182218
1,Canada,Masters,"Java, Go","ASP.NET, ASP.NET",10-Jan,85165
38,USA,Bachelors,"Swift, Java","Ruby on Rails, Flask",1001-5000,217403
22,Canada,Bachelors,"C#, Python","Express, Flask",201-1000,103157
26,USA,Bachelors,"C++, Rust","Angular, ASP.NET",5000+,179183
17,USA,Masters,"Ruby, C#","ASP.NET, React",Nov-50,181182
11,Canada,Bachelors,"Rust, JavaScript","Ruby on Rails, React",Nov-50,88313
6,UK,Bachelors,"Go, Java","Ruby on Rails, Flask",201-1000,84530
29,Canada,Masters,"JavaScript, Python","Ruby on Rails, Flask",10-Jan,130151
21,USA,Some College,"Python, Ruby","Vue, Spring",5000+,195432
27,Canada,Bachelors,"C++, Python","Flask, React",201-1000,154858
3,Germany,PhD,"Ruby, C#","Express, Angular",51-200,71324
0,France,Masters,"C++, Java","Ruby on Rails, Django",201-1000,66882
37,Canada,Bachelors,"Go, JavaScript","Flask, Angular",10-Jan,197855
22,USA,Bachelors,"Go, C#","Laravel, Flask",51-200,175193
5,USA,Bachelors,"Swift, C++","Ruby on Rails, Flask",5000+,127508
36,USA,Some College,"Rust, JavaScript","Angular, Vue",1001-5000,164659
34,Japan,Bachelors,"C++, C++","Express, Django",201-1000,140609
2,Canada,High School,"Java, Go","Django, Django",Nov-50,70771
20,Germany,Bachelors,"C#, C#","Angular, Django",Nov-50,100672
18,Germany,Bachelors,"Python, Java","Spring, Angular",201-1000,128425
37,Canada,PhD,"C#, JavaScript","React, Django",1001-5000,176724
1,Canada,Masters,"Java, Ruby","Vue, Laravel",10-Jan,72521
29,USA,PhD,"Java, C++","Vue, Angular",201-1000,204278
10,USA,Some College,"Rust, Python","ASP.NET, React",201-1000,104742
38,USA,Some College,"PHP, JavaScript","Vue, Vue",5000+,206327
1,Canada,Bachelors,"C#, C#","ASP.NET, Angular",1001-5000,73881
10,Canada,Bachelors,"JavaScript, JavaScript","Vue, Angular",Nov-50,75316
9,India,Bachelors,"Java, Ruby","Laravel, Angular",10-Jan,36654
8,India,Bachelors,"C#, Rust","Ruby on Rails, Express",1001-5000,36066
16,USA,Bachelors,"Go, Ruby","Django, Angular",1001-5000,126701
28,Germany,Bachelors,"PHP, PHP","Vue, Spring",Nov-50,136241
37,USA,Some College,"Python, C#","React, Vue",201-1000,174527
2,USA,Bachelors,"PHP, Swift","Flask, Express",10-Jan,105729
16,Singapore,Bachelors,"C#, Rust","Express, Laravel",51-200,98579
0,Canada,Bachelors,"PHP, C++","React, Laravel",10-Jan,55038
28,Germany,Masters,"Ruby, C#","Express, Angular",10-Jan,149924
21,USA,Bachelors,"Python, Python","Vue, Express",10-Jan,152605
21,UK,Masters,"JavaScript, C++","Flask, Spring",10-Jan,117774
14,USA,Masters,"C#, Ruby","Ruby on Rails, Express",Nov-50,168378
36,India,Bachelors,"Python, JavaScript","Laravel, Angular",1001-5000,109602
1,UK,Bachelors,"PHP, Swift","Django, ASP.NET",Nov-50,69922
5,Canada,Masters,"C++, Swift","ASP.NET, Angular",10-Jan,80513
2,Canada,Some College,"Swift, Python","ASP.NET, Express",Nov-50,58947
6,Germany,High School,"Go, C++","Express, React",5000+,82281
38,USA,Bachelors,"C#, JavaScript","Django, Ruby on Rails",10-Jan,175140
9,India,Bachelors,"PHP, Ruby","Vue, Flask",10-Jan,34931
28,USA,Bachelors,"Rust, Swift","Express, Express",Nov-50,176581
21,Canada,Masters,"Python, Python","React, Flask",10-Jan,112558
13,France,Masters,"Ruby, Java","Flask, Django",201-1000,107066
16,USA,PhD,"Rust, JavaScript","Spring, Django",201-1000,168252
40,USA,Bachelors,"Python, Java","Django, Ruby on Rails",201-1000,240918
7,Brazil,Masters,"Go, Rust","Laravel, Angular",51-200,94292
26,USA,Some College,"Ruby, Swift","ASP.NET, Spring",10-Jan,182351
18,Canada,Masters,"C++, PHP","Laravel, Express",1001-5000,127629
7,France,Bachelors,"Ruby, Go","ASP.NET, Angular",5000+,71340
16,USA,Masters,"C++, Python","React, Laravel",1001-5000,134145
3,USA,Some College,"PHP, Python","Flask, Flask",Nov-50,94576
0,USA,Masters,"PHP, Go","React, Ruby on Rails",51-200,110104
7,USA,Masters,"C++, JavaScript","Flask, Vue",1001-5000,102444
12,France,Bachelors,"Swift, Rust","Laravel, Django",201-1000,99245
12,Germany,Bachelors,"Ruby, JavaScript","Ruby on Rails, Spring",51-200,82708
8,USA,Bachelors,"C#, Ruby","ASP.NET, Laravel",1001-5000,91408
36,USA,PhD,"Ruby, Go","Vue, Vue",51-200,223911
7,UK,Bachelors,"Python, Ruby","Vue, Angular",5000+,103051
31,Canada,Bachelors,"PHP, Swift","ASP.NET, React",10-Jan,157466
17,USA,Bachelors,"C#, Ruby","React, Django",1001-5000,134273
19,Japan,Bachelors,"JavaScript, JavaScript","ASP.NET, Django",201-1000,123667
29,Singapore,Masters,"JavaScript, PHP","ASP.NET, Angular",51-200,156724
33,USA,Masters,"Python, PHP","Spring, Angular",1001-5000,178454
24,USA,Bachelors,"C#, Java","Vue, Vue",201-1000,145784
0,USA,Bachelors,"Python, JavaScript","Express, ASP.NET",51-200,83592
39,UK,Bachelors,"Java, Python","ASP.NET, Flask",Nov-50,159706
8,USA,Bachelors,"Python, JavaScript","Ruby on Rails, ASP.NET",Nov-50,135637
35,USA,Bachelors,"Python, JavaScript","Flask, Angular",5000+,209066
36,USA,Some College,"Ruby, Go","Angular, Spring",1001-5000,220944
36,USA,Bachelors,"Ruby, Rust","Django, Spring",1001-5000,188858
5,USA,Bachelors,"Ruby, Java","ASP.NET, Django",10-Jan,100370
29,Japan,Masters,"C++, Go","Express, Ruby on Rails",5000+,179120
31,USA,Masters,"PHP, JavaScript","Django, Django",51-200,186629
21,USA,Bachelors,"Python, Java","React, React",10-Jan,156879
36,USA,Masters,"C#, Java","Spring, Angular",Nov-50,207244
38,India,Bachelors,"JavaScript, Python","ASP.NET, Vue",201-1000,140311
6,USA,High School,"C++, Rust","Spring, Spring",5000+,134169
30,USA,Masters,"Swift, PHP","Vue, Vue",201-1000,222753
32,Singapore,Bachelors,"Ruby, PHP","Express, Ruby on Rails",5000+,171442
26,USA,Bachelors,"PHP, C++","Spring, Laravel",10-Jan,142689
2,USA,Bachelors,"Python, C#","ASP.NET, Spring",5000+,100354
8,Australia,Bachelors,"Swift, Python","Angular, Express",5000+,82753
4,USA,Bachelors,"Rust, PHP","Flask, Spring",1001-5000,103159
27,Germany,PhD,"Python, Java","Angular, Angular",10-Jan,145670
14,USA,Bachelors,"PHP, JavaScript","Ruby on Rails, Flask",10-Jan,154729
33,Japan,Some College,"C++, Ruby","Spring, Angular",10-Jan,142963
32,Germany,Masters,"PHP, Ruby","Angular, Express",201-1000,198828
26,UK,Masters,"Go, PHP","React, Django",10-Jan,136421
12,UK,Masters,"Rust, Python","React, Spring",10-Jan,103968
1,USA,Masters,"Rust, C++","Spring, React",10-Jan,121411
10,Singapore,Masters,"C#, Ruby","Vue, Ruby on Rails",1001-5000,90654
5,UK,Some College,"JavaScript, Go","ASP.NET, Spring",5000+,79103
20,USA,Bachelors,"JavaScript, JavaScript","Ruby on Rails, Angular",201-1000,128572
36,India,PhD,"Swift, JavaScript","Laravel, ASP.NET",201-1000,115939
5,USA,Masters,"Java, Java","Angular, Express",1001-5000,96189
29,Brazil,Some College,"Ruby, Java","React, React",51-200,111753
28,USA,High School,"PHP, JavaScript","Spring, Django",1001-5000,141602
14,USA,Bachelors,"Rust, C++","Express, Django",201-1000,137849
26,USA,High School,"JavaScript, Rust","Vue, ASP.NET",5000+,166185
30,Germany,Masters,"Java, JavaScript","Django, Ruby on Rails",10-Jan,136220
4,USA,Masters,"Swift, Go","Laravel, Ruby on Rails",201-1000,129459
24,USA,Bachelors,"Python, Swift","Flask, Ruby on Rails",1001-5000,149087
0,Canada,Masters,"Swift, Python","Vue, Spring",10-Jan,82800
19,UK,PhD,"Java, C#","Flask, Laravel",10-Jan,159396
18,USA,Masters,"Rust, Swift","ASP.NET, Flask",Nov-50,178775
19,USA,Masters,"Java, Go","Vue, Spring",Nov-50,153390
23,India,Masters,"Java, C#","Flask, React",201-1000,92391
24,Canada,Bachelors,"Go, C++","Vue, Vue",1001-5000,133465
32,USA,Masters,"Ruby, Ruby","Ruby on Rails, Vue",1001-5000,174104
12,UK,Masters,"Python, Swift","Express, Spring",1001-5000,100737
22,Canada,Bachelors,"Java, C#","Spring, Flask",5000+,155848
26,USA,Some College,"Python, C++","Express, Flask",201-1000,142247
14,Germany,Masters,"PHP, C#","Django, Ruby on Rails",10-Jan,90436
31,USA,Bachelors,"C#, Rust","Flask, Ruby on Rails",1001-5000,167414
26,India,Masters,"Rust, C#","Flask, React",10-Jan,115704
32,India,Bachelors,"C#, Go","Express, Flask",Nov-50,120165
39,Canada,Bachelors,"JavaScript, Go","ASP.NET, Angular",51-200,157166
26,France,High School,"Python, Rust","Express, Angular",51-200,142019
13,France,Masters,"C++, Rust","Vue, Ruby on Rails",51-200,90494
7,USA,Bachelors,"Rust, Ruby","React, Vue",10-Jan,125443
13,USA,High School,"Go, Python","Ruby on Rails, Vue",201-1000,143830
18,UK,Some College,"JavaScript, C++","Vue, Ruby on Rails",201-1000,127146
28,India,Some College,"C#, JavaScript","React, ASP.NET",201-1000,93014
24,UK,Masters,"Java, Swift","Django, Flask",Nov-50,138519
10,Canada,Bachelors,"C++, C++","React, Laravel",201-1000,86910
40,USA,Masters,"C#, Swift","Django, Flask",10-Jan,249037
9,France,Masters,"Rust, Ruby","ASP.NET, ASP.NET",1001-5000,88073
36,USA,Masters,"Python, Rust","Flask, Express",5000+,226942
21,France,Masters,"C#, C#","Vue, Django",51-200,106288
19,USA,Masters,"Swift, C++","Vue, Spring",5000+,183768
32,UK,Masters,"C++, Java","ASP.NET, Flask",Nov-50,174990
26,France,Bachelors,"C++, Go","Vue, Ruby on Rails",1001-5000,144193
30,Canada,Some College,"Ruby, C#","Flask, Ruby on Rails",10-Jan,136887
26,USA,Masters,"Swift, Rust","Ruby on Rails, Vue",51-200,148609
16,UK,Bachelors,"PHP, C#","Express, Django",51-200,129053
36,USA,Masters,"Java, Ruby","Vue, Angular",1001-5000,244482
9,USA,Some College,"C++, Ruby","Flask, Laravel",Nov-50,135601
5,USA,Bachelors,"Python, Java","Vue, Vue",Nov-50,105162
7,Germany,PhD,"Python, JavaScript","Flask, Spring",5000+,106517
40,France,Bachelors,"Ruby, Ruby","React, Express",201-1000,193743
10,Canada,Bachelors,"JavaScript, Java","Vue, React",201-1000,98685
34,Canada,High School,"PHP, C++","React, Vue",5000+,161979
36,USA,Masters,"C#, C++","Spring, Django",51-200,241200
35,USA,Bachelors,"JavaScript, C#","Express, Ruby on Rails",201-1000,213915
20,UK,PhD,"Rust, Ruby","Ruby on Rails, Ruby on Rails",201-1000,115590
29,USA,Bachelors,"JavaScript, Java","Angular, Laravel",5000+,187298
38,Japan,Bachelors,"Python, Rust","ASP.NET, Spring",5000+,209458
2,UK,Bachelors,"C#, Ruby","Laravel, Ruby on Rails",5000+,95629
11,USA,Bachelors,"JavaScript, C#","Flask, Django",1001-5000,130503
32,India,Bachelors,"Python, JavaScript","Express, React",10-Jan,128832
8,USA,Bachelors,"Ruby, Rust","Express, Laravel",201-1000,109626
38,USA,Masters,"Rust, C++","Django, Django",51-200,190533
6,Germany,Bachelors,"Rust, Go","Laravel, ASP.NET",Nov-50,74096
30,Japan,Masters,"Rust, PHP","ASP.NET, Spring",201-1000,176752
13,UK,Masters,"Rust, Python","ASP.NET, React",10-Jan,92989
37,Germany,Masters,"JavaScript, C++","Spring, Angular",1001-5000,146269
21,USA,Bachelors,"Go, Java","Vue, Express",201-1000,176120
25,Australia,Some College,"PHP, Swift","Ruby on Rails, Laravel",10-Jan,115140
21,UK,PhD,"C++, Python","Express, Vue",51-200,117668
18,India,Bachelors,"Java, Python","Angular, Ruby on Rails",5000+,78038
31,Singapore,Masters,"C#, Swift","Angular, Vue",51-200,167013
19,Germany,Bachelors,"Swift, C#","Angular, Flask",5000+,142956
20,Japan,Bachelors,"C++, Rust","Express, Express",1001-5000,121841
39,Germany,Bachelors,"Rust, Ruby","React, Flask",Nov-50,163451
29,USA,Bachelors,"Go, Go","Vue, Django",1001-5000,196357
7,Canada,PhD,"JavaScript, Ruby","Express, Spring",Nov-50,112389
31,USA,Bachelors,"Swift, Swift","Express, Django",51-200,176320
16,Japan,Bachelors,"C#, C#","Django, Express",201-1000,98853
2,Brazil,Masters,"Swift, Swift","Vue, Angular",201-1000,67335
8,UK,Bachelors,"PHP, PHP","Flask, Vue",5000+,103420
21,Germany,Masters,"C#, C#","Angular, Express",10-Jan,134083
8,UK,Bachelors,"Swift, Go","ASP.NET, Express",Nov-50,84967
10,USA,Masters,"Rust, PHP","Laravel, Express",1001-5000,108875
16,UK,Masters,"PHP, JavaScript","Angular, Flask",201-1000,105863
15,UK,Masters,"Python, Python","Laravel, ASP.NET",201-1000,125570
8,USA,Masters,"Swift, C++","Laravel, Vue",Nov-50,126401
11,Canada,Masters,"Swift, C#","Django, React",5000+,104465
34,Canada,Masters,"Go, JavaScript","Express, Flask",1001-5000,198886
30,USA,Bachelors,"C++, PHP","Ruby on Rails, ASP.NET",5000+,225011
34,USA,Bachelors,"C#, C#","Flask, Spring",5000+,172061
32,USA,Some College,"C++, Rust","React, React",Nov-50,188348
17,USA,Masters,"Java, C++","Django, Laravel",5000+,164905
10,Germany,Bachelors,"Java, JavaScript","Flask, Express",Nov-50,85080
0,Canada,Some College,"C#, Rust","Ruby on Rails, Flask",51-200,62180
15,France,Bachelors,"Java, Swift","Vue, Vue",5000+,102527
23,UK,Bachelors,"Python, Python","Vue, ASP.NET",51-200,108023
25,UK,Some College,"Swift, Swift","Express, Flask",201-1000,121410
4,Singapore,Bachelors,"Python, C++","Angular, Vue",1001-5000,51734
15,Canada,Masters,"PHP, Java","Django, ASP.NET",201-1000,98505
36,UK,Bachelors,"Rust, Ruby","React, Spring",5000+,153024
27,Australia,Bachelors,"Python, Swift","Ruby on Rails, Laravel",5000+,166189
38,India,Bachelors,"JavaScript, Rust","React, React",51-200,152032
26,Australia,Bachelors,"Swift, Java","React, Express",51-200,130663
17,Australia,Bachelors,"C#, Ruby","Vue, Django",201-1000,85902
26,Germany,Masters,"Python, JavaScript","Vue, Ruby on Rails",51-200,176745
5,Canada,PhD,"C#, Go","Django, Django",201-1000,88879
10,USA,Bachelors,"Java, Go","Spring, Spring",Nov-50,138795
20,France,Bachelors,"Python, C++","Angular, ASP.NET",Nov-50,102955
21,UK,Bachelors,"Go, JavaScript","Vue, Angular",Nov-50,112343
18,Australia,Bachelors,"Java, Java","Express, Django",Nov-50,110740
11,Brazil,Masters,"PHP, Ruby","Spring, Vue",1001-5000,96132
40,Canada,Masters,"JavaScript, Ruby","ASP.NET, Spring",201-1000,160718
32,USA,Bachelors,"Swift, Swift","Ruby on Rails, React",201-1000,162998
34,USA,Bachelors,"Ruby, Swift","Spring, Flask",10-Jan,207368
14,USA,Some College,"Swift, C++","Spring, Ruby on Rails",5000+,156075
39,USA,Bachelors,"Go, PHP","Spring, React",51-200,190153
23,India,Masters,"Swift, Swift","Express, ASP.NET",Nov-50,96526
13,USA,Masters,"PHP, Go","Angular, Vue",201-1000,128509
32,USA,Some College,"Swift, JavaScript","Express, React",10-Jan,209694
38,India,Some College,"Ruby, C#","Django, Express",5000+,132298
1,USA,Some College,"Ruby, C#","Express, Angular",1001-5000,79190
18,Germany,Masters,"JavaScript, Ruby","Django, Angular",1001-5000,146899
3,France,Bachelors,"Java, C++","Ruby on Rails, Laravel",201-1000,62045
10,USA,Bachelors,"Go, Python","Express, Ruby on Rails",51-200,99416
29,Germany,High School,"Go, JavaScript","Django, Flask",10-Jan,130037
15,Germany,Masters,"C#, C++","Django, Angular",10-Jan,131299
21,France,Some College,"Swift, Go","Spring, Spring",10-Jan,91917
3,USA,Bachelors,"Swift, Swift","Angular, Laravel",51-200,114923
0,Japan,Bachelors,"C#, Go","React, Express",Nov-50,44027
32,USA,Masters,"Ruby, Python","Vue, Django",Nov-50,219781
22,USA,Masters,"PHP, JavaScript","Flask, Django",5000+,155974
40,UK,Bachelors,"Java, Swift","React, Angular",1001-5000,148173
20,Australia,Masters,"PHP, C++","Spring, React",10-Jan,119444
27,USA,Bachelors,"Swift, C++","Express, Flask",51-200,168211
33,USA,Bachelors,"Python, C#","Ruby on Rails, Express",51-200,216456
35,Canada,Bachelors,"Java, C++","Ruby on Rails, Express",1001-5000,185704
18,USA,Some College,"Rust, C#","Django, Express",Nov-50,132538
5,USA,Bachelors,"Java, C#","ASP.NET, Laravel",10-Jan,112393
26,Germany,PhD,"Java, Swift","Ruby on Rails, ASP.NET",10-Jan,132423
36,USA,Bachelors,"Python, C#","Django, Ruby on Rails",51-200,159700
21,Canada,Some College,"Java, Ruby","ASP.NET, Spring",201-1000,125848
36,UK,Some College,"C++, JavaScript","Django, Spring",1001-5000,201305
24,USA,Masters,"Ruby, Java","Django, Flask",1001-5000,194427
32,Singapore,High School,"C++, PHP","ASP.NET, Ruby on Rails",5000+,147349
35,USA,Masters,"Swift, C#","React, Flask",10-Jan,225036
4,India,Bachelors,"JavaScript, Rust","Ruby on Rails, React",Nov-50,21964
36,USA,Masters,"JavaScript, C++","Flask, Angular",1001-5000,225077
0,France,Masters,"C++, Ruby","Ruby on Rails, ASP.NET",5000+,76849
25,USA,Masters,"Ruby, C++","Express, Django",1001-5000,203028
17,USA,Bachelors,"Go, Swift","Vue, Angular",10-Jan,169068
31,Japan,High School,"Rust, Python","Ruby on Rails, Express",5000+,143347
6,India,High School,"Ruby, Java","Angular, Flask",201-1000,28216
18,USA,Masters,"Python, JavaScript","Django, Angular",10-Jan,128745
4,USA,Bachelors,"PHP, PHP","Django, Django",Nov-50,121082
5,Japan,Masters,"Ruby, Go","Flask, ASP.NET",5000+,98730
29,USA,High School,"PHP, JavaScript","Laravel, Django",10-Jan,196906
21,UK,Bachelors,"Python, PHP","Laravel, Django",5000+,127799
8,USA,Masters,"PHP, Java","Vue, Spring",Nov-50,111223
21,USA,PhD,"Swift, Go","Laravel, ASP.NET",201-1000,185428
23,Canada,Masters,"C#, Python","Flask, ASP.NET",5000+,165857
1,USA,Some College,"PHP, C++","Flask, Vue",201-1000,102902
24,USA,Bachelors,"PHP, Rust","Django, Angular",10-Jan,136322
40,India,Masters,"Python, PHP","Angular, ASP.NET",1001-5000,144011
34,USA,Bachelors,"Go, Rust","Vue, Express",1001-5000,162699
29,USA,Masters,"Swift, PHP","Flask, Spring",1001-5000,152713
10,USA,Bachelors,"Python, Swift","Vue, Express",5000+,158818
0,Australia,Bachelors,"JavaScript, Swift","Vue, Angular",1001-5000,40829
20,France,Bachelors,"PHP, PHP","Flask, Django",5000+,137517
25,Canada,Masters,"PHP, Ruby","Express, Express",10-Jan,127168
28,Australia,Bachelors,"Swift, Rust","Spring, React",10-Jan,143105
24,Singapore,Bachelors,"C#, JavaScript","Ruby on Rails, ASP.NET",5000+,155607
6,India,Bachelors,"C++, Ruby","Angular, Express",51-200,37859
40,Canada,Bachelors,"C#, Rust","Spring, React",10-Jan,215486
26,India,Bachelors,"Rust, Go","Flask, ASP.NET",Nov-50,87200
39,Germany,Masters,"Rust, Python","Vue, Angular",51-200,195370
18,USA,Masters,"JavaScript, C#","Vue, Flask",5000+,176130
10,USA,Bachelors,"Go, Swift","Flask, Flask",10-Jan,114214
9,UK,Bachelors,"Python, Java","Django, Flask",Nov-50,84142
3,UK,High School,"Java, Swift","React, Laravel",51-200,60727
16,Brazil,Masters,"JavaScript, Swift","Express, Flask",5000+,129051
5,France,Bachelors,"PHP, JavaScript","Laravel, Angular",201-1000,71935
40,USA,Bachelors,"Java, C#","Spring, Laravel",10-Jan,212119
37,UK,Bachelors,"PHP, PHP","React, Express",51-200,166818
20,USA,Bachelors,"Python, Python","Angular, ASP.NET",1001-5000,141747
12,India,Bachelors,"PHP, Ruby","Vue, Flask",51-200,48375
36,USA,Some College,"Ruby, C#","Express, React",1001-5000,236375
3,Canada,Bachelors,"Ruby, Swift","Ruby on Rails, Spring",1001-5000,55230
26,USA,Bachelors,"Java, Python","Spring, Spring",Nov-50,136387
18,Germany,Bachelors,"Java, PHP","Express, Laravel",1001-5000,108792
19,USA,Bachelors,"Ruby, Rust","Ruby on Rails, ASP.NET",1001-5000,170458
40,Canada,Masters,"Java, C++","Flask, Laravel",51-200,223522
34,UK,Bachelors,"Go, Ruby","Ruby on Rails, Vue",10-Jan,189300
17,Canada,Bachelors,"PHP, Rust","Express, Angular",201-1000,117186
30,USA,Masters,"C++, Swift","Express, Ruby on Rails",Nov-50,197835
25,UK,Bachelors,"Swift, Swift","React, Express",Nov-50,161529
18,USA,Some College,"Rust, Go","ASP.NET, Vue",Nov-50,135073
16,France,Bachelors,"Swift, C++","Laravel, Vue",51-200,108856
28,USA,PhD,"Rust, PHP","Vue, Laravel",51-200,189336
11,Australia,Some College,"C#, PHP","Laravel, React",1001-5000,88449
7,Australia,Masters,"JavaScript, JavaScript","Spring, Flask",5000+,108931
31,India,Bachelors,"Python, C++","Flask, Vue",51-200,105111
34,Australia,Some College,"Java, C++","Angular, Ruby on Rails",1001-5000,157263
37,Canada,Masters,"C#, JavaScript","Laravel, Express",1001-5000,205861
31,USA,Some College,"C#, Python","Vue, ASP.NET",5000+,229326
2,UK,Bachelors,"C++, C#","Django, Express",201-1000,78340
31,USA,Some College,"C#, Ruby","Vue, Angular",51-200,213808
32,Germany,Bachelors,"Go, Swift","Ruby on Rails, Vue",201-1000,157023
11,Germany,Bachelors,"Rust, PHP","Laravel, Express",1001-5000,98580
20,UK,Masters,"Rust, C#","Spring, Ruby on Rails",10-Jan,142747
32,Canada,Masters,"Ruby, Ruby","Angular, Ruby on Rails",201-1000,152147
26,India,Some College,"Swift, C#","Vue, React",201-1000,81273
11,USA,Masters,"Ruby, Java","Vue, Ruby on Rails",10-Jan,141700
20,USA,Masters,"Swift, Go","Django, Django",Nov-50,130280
5,India,Bachelors,"Rust, Rust","Ruby on Rails, Angular",10-Jan,35145
21,India,Bachelors,"PHP, Go","Ruby on Rails, React",Nov-50,71153
0,Japan,Bachelors,"Go, Go","Django, Vue",Nov-50,54748
15,Germany,Bachelors,"C#, PHP","Ruby on Rails, Spring",51-200,104144
37,France,Bachelors,"Go, Ruby","React, ASP.NET",1001-5000,158800
28,Germany,Masters,"Python, Ruby","ASP.NET, Express",5000+,186269
12,UK,Masters,"Java, Ruby","ASP.NET, Angular",Nov-50,93574
20,India,Bachelors,"Java, JavaScript","Django, Laravel",201-1000,79590
10,Germany,PhD,"C#, Python","ASP.NET, ASP.NET",Nov-50,104951
1,Singapore,Bachelors,"Rust, Java","Django, ASP.NET",1001-5000,58879
1,Canada,Some College,"C#, Python","Flask, ASP.NET",1001-5000,55116
33,USA,Masters,"Swift, PHP","Express, React",5000+,230845
30,India,Bachelors,"Go, Rust","Laravel, React",1001-5000,113194
1,USA,Bachelors,"C++, PHP","ASP.NET, Express",10-Jan,84643
18,USA,Some College,"Swift, JavaScript","Laravel, ASP.NET",10-Jan,149317
22,Canada,Bachelors,"C#, Ruby","Ruby on Rails, ASP.NET",Nov-50,106039
3,Canada,Masters,"JavaScript, Swift","Vue, Laravel",Nov-50,78530
33,USA,Bachelors,"JavaScript, C++","Spring, Spring",10-Jan,200470
2,UK,Masters,"Ruby, C++","Django, Ruby on Rails",51-200,86120
14,Canada,Masters,"PHP, Ruby","Ruby on Rails, Laravel",51-200,129222
25,Japan,Bachelors,"Go, Swift","Ruby on Rails, Django",51-200,125037
16,USA,High School,"Ruby, Python","Ruby on Rails, Vue",Nov-50,124333
31,Germany,Masters,"PHP, C++","Angular, Express",1001-5000,140841
5,Singapore,Bachelors,"C++, Ruby","Angular, Express",Nov-50,57138
1,USA,PhD,"C#, JavaScript","React, Django",Nov-50,96766
17,UK,High School,"C#, Swift","Angular, React",Nov-50,129213
8,Germany,Some College,"Rust, JavaScript","Spring, Vue",1001-5000,98301
11,India,Some College,"Rust, Python","Laravel, Flask",Nov-50,47519
12,USA,High School,"Swift, Swift","Angular, Vue",5000+,138778
22,UK,Bachelors,"C++, Python","Express, React",10-Jan,112326
18,USA,Masters,"Swift, Swift","Laravel, Ruby on Rails",5000+,158583
30,Germany,Some College,"Ruby, Java","Angular, React",10-Jan,149335
23,UK,Masters,"C++, Python","Vue, Ruby on Rails",51-200,146054
9,UK,Bachelors,"JavaScript, Rust","Ruby on Rails, Spring",1001-5000,82865
32,USA,Masters,"JavaScript, Go","Spring, Laravel",201-1000,205209
1,USA,Bachelors,"Python, C#","Spring, Django",51-200,89829
31,France,Masters,"Rust, Python","Spring, Express",5000+,171466
13,USA,Bachelors,"JavaScript, Swift","Ruby on Rails, Laravel",51-200,115118
33,Germany,Bachelors,"Go, Swift","Spring, Laravel",Nov-50,173715
19,Germany,Bachelors,"Java, JavaScript","Angular, ASP.NET",Nov-50,94113
28,Canada,Bachelors,"Go, C++","Angular, Express",5000+,164762
37,USA,Bachelors,"PHP, C#","React, ASP.NET",Nov-50,208796
4,USA,PhD,"PHP, C#","Flask, Spring",5000+,135712
3,USA,Bachelors,"Java, C++","Express, Angular",1001-5000,114091
28,Germany,Masters,"JavaScript, Rust","Angular, ASP.NET",201-1000,145185
16,Canada,Masters,"Ruby, PHP","Django, Vue",51-200,103802
20,Australia,Bachelors,"C#, Swift","Laravel, Spring",51-200,94834
25,Germany,Masters,"Rust, Swift","Express, React",5000+,188079
26,Canada,Bachelors,"PHP, Go","ASP.NET, Express",10-Jan,116990
14,Germany,Bachelors,"Swift, Python","Express, Django",10-Jan,95894
11,Japan,High School,"Python, JavaScript","Ruby on Rails, React",Nov-50,69470
11,UK,Bachelors,"C++, PHP","React, Spring",201-1000,94374
33,UK,Some College,"Rust, Swift","Flask, Express",51-200,133249
40,USA,Masters,"JavaScript, JavaScript","Django, Ruby on Rails",Nov-50,210139
32,USA,Bachelors,"Rust, C++","Django, Ruby on Rails",Nov-50,168507
3,Canada,Masters,"Swift, PHP","Vue, Spring",1001-5000,84813
17,India,Bachelors,"Rust, Rust","Angular, React",51-200,72721
35,India,Bachelors,"Rust, PHP","Express, Express",Nov-50,103740
2,Canada,Bachelors,"Go, C++","Spring, Angular",201-1000,77740
22,Germany,Bachelors,"PHP, C++","Angular, Flask",1001-5000,102715
18,UK,Bachelors,"Swift, Rust","Ruby on Rails, Angular",51-200,106048
23,USA,Masters,"Go, Java","Ruby on Rails, Express",51-200,160246
11,Australia,Bachelors,"Python, C++","Angular, React",1001-5000,79800
28,UK,PhD,"C#, C++","Express, ASP.NET",201-1000,147269
5,Germany,Masters,"Java, C++","Flask, Vue",1001-5000,98926
32,France,Bachelors,"C#, JavaScript","Express, Vue",5000+,130307
8,India,Bachelors,"Java, JavaScript","Vue, Ruby on Rails",5000+,49875
35,UK,High School,"Ruby, C#","Laravel, React",201-1000,170230
1,Canada,Bachelors,"C++, Swift","Express, Vue",10-Jan,62723
33,Germany,Bachelors,"Ruby, Ruby","React, Vue",51-200,160447
26,India,Bachelors,"C++, PHP","ASP.NET, React",51-200,92996
39,USA,Bachelors,"C++, Python","Spring, Angular",1001-5000,218895
38,France,Some College,"Swift, Python","Spring, ASP.NET",10-Jan,145032
4,Canada,Bachelors,"Python, Rust","Ruby on Rails, React",51-200,69808
35,Japan,Masters,"JavaScript, Swift","Vue, Vue",Nov-50,134206
13,Canada,Bachelors,"JavaScript, Go","Flask, Spring",Nov-50,118325
0,USA,Bachelors,"C#, C++","React, Laravel",10-Jan,107014
25,USA,Bachelors,"PHP, Ruby","Vue, ASP.NET",1001-5000,150210
1,UK,Masters,"Java, Go","Django, Angular",201-1000,76443
6,USA,Masters,"Rust, Java","Express, Flask",5000+,144482
28,Canada,Masters,"Python, JavaScript","Ruby on Rails, ASP.NET",Nov-50,139827
12,India,Bachelors,"Java, Python","Spring, Laravel",201-1000,51218
6,UK,Bachelors,"C#, PHP","Flask, Django",1001-5000,68230
9,UK,Some College,"Python, JavaScript","Django, Ruby on Rails",1001-5000,83099
26,Germany,Masters,"PHP, C#","Express, Flask",1001-5000,153119
29,Canada,Bachelors,"Swift, Rust","Angular, React",51-200,132324
18,USA,Bachelors,"C#, Python","Django, Ruby on Rails",201-1000,132784
20,Japan,Masters,"Rust, Swift","ASP.NET, Ruby on Rails",1001-5000,131491
16,USA,Masters,"Java, Swift","Spring, Express",201-1000,142867
20,USA,Bachelors,"Python, Java","Laravel, Laravel",Nov-50,165912
14,Australia,Bachelors,"Ruby, PHP","Flask, Ruby on Rails",10-Jan,96500
14,USA,Masters,"Java, C#","Vue, Angular",51-200,157793
15,USA,High School,"Python, Swift","Vue, Ruby on Rails",201-1000,156802
2,UK,Bachelors,"JavaScript, Rust","Flask, Django",5000+,92769
15,Japan,Some College,"PHP, C#","React, Spring",5000+,98534
0,USA,Some College,"C#, PHP","React, Flask",10-Jan,94580
5,USA,Bachelors,"Ruby, PHP","Express, React",10-Jan,96785
23,India,Masters,"Python, C#","Django, ASP.NET",1001-5000,110090
25,Germany,Bachelors,"C++, Rust","Django, Angular",10-Jan,144277
30,Brazil,Bachelors,"PHP, JavaScript","React, Angular",51-200,165169
5,UK,Bachelors,"Go, PHP","Laravel, Ruby on Rails",51-200,82565
4,India,Bachelors,"Swift, Python","Laravel, Spring",201-1000,27311
21,India,Masters,"PHP, Swift","Flask, Django",Nov-50,92436
29,Australia,Bachelors,"Python, Swift","React, Django",1001-5000,143643
11,USA,Bachelors,"Python, Swift","Vue, Flask",Nov-50,136616
29,Singapore,Masters,"C++, Rust","Flask, React",51-200,158625
16,UK,Bachelors,"Go, Ruby","ASP.NET, React",Nov-50,102625
2,Japan,Bachelors,"Java, C++","Flask, Django",5000+,61657
39,USA,Masters,"Go, JavaScript","Spring, Spring",1001-5000,248526
9,Germany,Bachelors,"C#, Java","Express, Laravel",1001-5000,86787
10,India,Bachelors,"Ruby, JavaScript","Ruby on Rails, ASP.NET",10-Jan,48055
8,Germany,Bachelors,"Rust, Ruby","Express, Express",Nov-50,71300
10,USA,Masters,"JavaScript, Java","Flask, Spring",10-Jan,105925
20,USA,High School,"Python, Java","Flask, ASP.NET",10-Jan,164536
25,India,Bachelors,"Go, C++","Ruby on Rails, Vue",Nov-50,93980
14,Canada,Masters,"Python, Ruby","Laravel, Spring",201-1000,92223
18,India,Bachelors,"Python, C++","ASP.NET, Express",1001-5000,72580
0,USA,Some College,"Rust, Ruby","Express, Django",51-200,100665
3,Australia,Bachelors,"JavaScript, C++","Vue, Angular",10-Jan,48617
4,USA,Masters,"JavaScript, Rust","Spring, Express",51-200,121399
24,USA,Some College,"Swift, C#","Spring, Express",Nov-50,164227
18,UK,Bachelors,"Ruby, Python","Flask, Spring",10-Jan,104246
22,Germany,Masters,"Java, PHP","Spring, Django",5000+,154086
32,France,Bachelors,"C++, Python","Ruby on Rails, React",Nov-50,154327
37,USA,Bachelors,"C++, C#","Django, Laravel",51-200,210318
18,Germany,Bachelors,"C++, C#","Ruby on Rails, Laravel",10-Jan,126015
34,Japan,Bachelors,"JavaScript, C#","Django, Ruby on Rails",10-Jan,171270
4,Australia,Bachelors,"PHP, PHP","ASP.NET, Laravel",201-1000,64049
0,UK,Bachelors,"Rust, C#","ASP.NET, ASP.NET",10-Jan,51280
26,Canada,Some College,"C#, Python","Express, Spring",10-Jan,153518
0,France,Masters,"JavaScript, Go","Flask, Express",201-1000,67704
0,India,Masters,"C++, Go","Django, Angular",10-Jan,20768
1,Singapore,Bachelors,"Go, Go","Express, React",10-Jan,59258
31,India,Bachelors,"Java, C#","Spring, Django",10-Jan,101095
9,Brazil,Bachelors,"Ruby, Swift","Ruby on Rails, React",Nov-50,89935
10,USA,Bachelors,"Ruby, Go","React, Vue",10-Jan,110584
24,Germany,Some College,"Swift, PHP","Vue, Angular",Nov-50,129869
3,Canada,Masters,"PHP, Python","Laravel, React",5000+,92694
39,USA,Bachelors,"C#, Go","Express, Laravel",Nov-50,226821
27,Australia,Bachelors,"Rust, JavaScript","Ruby on Rails, Django",10-Jan,117629
10,Japan,Bachelors,"Go, Ruby","Ruby on Rails, Spring",5000+,107101
26,Australia,Masters,"JavaScript, Go","Express, Django",10-Jan,164709
1,Japan,Some College,"C++, Go","Spring, Spring",Nov-50,58205
25,USA,High School,"C#, Rust","Angular, ASP.NET",5000+,184562
8,Germany,Masters,"C#, C++","ASP.NET, Django",10-Jan,93202
27,Germany,Bachelors,"C++, Java","Ruby on Rails, Vue",Nov-50,153453
29,UK,Some College,"Swift, PHP","Express, Django",5000+,157095
23,USA,Bachelors,"Rust, Java","Angular, Flask",5000+,194156
8,India,Masters,"PHP, Ruby","Spring, Laravel",1001-5000,50730
6,Germany,Bachelors,"Ruby, Swift","Ruby on Rails, Spring",10-Jan,77077
27,Canada,Bachelors,"Java, C#","Flask, Express",51-200,159050
8,France,Masters,"Ruby, JavaScript","Spring, Django",5000+,97353
28,USA,Bachelors,"Ruby, C++","Django, Vue",51-200,175680
4,Canada,Bachelors,"PHP, JavaScript","Express, Django",51-200,60541
1,USA,High School,"Ruby, Python","Flask, Flask",1001-5000,83572
0,USA,PhD,"C++, Python","ASP.NET, Ruby on Rails",Nov-50,130574
25,USA,PhD,"Rust, C#","React, Ruby on Rails",201-1000,193359
21,USA,Bachelors,"C#, Rust","Flask, Vue",10-Jan,182508
14,USA,Bachelors,"Go, JavaScript","ASP.NET, Angular",5000+,165724
13,France,Bachelors,"Rust, Java","Laravel, Spring",10-Jan,75398
7,USA,High School,"C#, Java","Ruby on Rails, React",10-Jan,104276
12,Germany,PhD,"Ruby, Go","Angular, Vue",5000+,112436
39,USA,High School,"C++, Java","Laravel, Ruby on Rails",Nov-50,244133
17,USA,Masters,"Ruby, Go","ASP.NET, Spring",1001-5000,175576
3,Australia,Bachelors,"C#, JavaScript","React, Django",51-200,63943
19,USA,Bachelors,"Swift, JavaScript","Spring, ASP.NET",10-Jan,160909
39,USA,High School,"Go, C++","Vue, Spring",5000+,233916
35,Canada,Bachelors,"JavaScript, C#","React, Flask",Nov-50,165557
1,Singapore,Bachelors,"Java, Ruby","Spring, Ruby on Rails",Nov-50,47644
31,USA,Bachelors,"JavaScript, Java","Vue, Django",201-1000,155827
25,Singapore,Bachelors,"Java, Java","ASP.NET, Flask",201-1000,105837
27,USA,Bachelors,"C#, C++","ASP.NET, Spring",51-200,197908
27,Germany,Masters,"C#, Go","Spring, Flask",5000+,153783
20,Germany,Masters,"C++, Swift","Express, Angular",Nov-50,118304
19,Germany,Bachelors,"C++, Swift","Angular, Django",51-200,119510
24,Singapore,Bachelors,"Rust, C++","Flask, Flask",51-200,122629
33,UK,Some College,"Swift, Go","React, Django",1001-5000,168048
20,USA,Bachelors,"JavaScript, Ruby","Vue, ASP.NET",201-1000,173442
12,USA,Masters,"Swift, Swift","Laravel, Vue",5000+,149613
14,USA,Bachelors,"Rust, Java","Vue, Flask",51-200,151203
29,USA,Masters,"PHP, Python","ASP.NET, Vue",201-1000,184364
20,India,Masters,"PHP, JavaScript","ASP.NET, Vue",5000+,97604
19,USA,Bachelors,"Java, PHP","Vue, Laravel",1001-5000,133859
10,Japan,High School,"PHP, Java","ASP.NET, Laravel",5000+,90413
28,France,Some College,"PHP, Python","Spring, ASP.NET",201-1000,112474
18,India,Masters,"PHP, C#","Angular, Ruby on Rails",10-Jan,74283
0,Canada,PhD,"Swift, Python","Spring, Spring",Nov-50,68519
37,France,Some College,"PHP, Rust","Flask, Laravel",1001-5000,167413
8,UK,Bachelors,"Swift, PHP","Angular, ASP.NET",201-1000,90702
35,USA,Bachelors,"C#, Java","Ruby on Rails, Angular",1001-5000,202112
40,USA,Bachelors,"Rust, Python","React, Vue",201-1000,204048
21,USA,Bachelors,"C#, Ruby","ASP.NET, Ruby on Rails",51-200,179729
21,Germany,Bachelors,"PHP, C++","React, Ruby on Rails",51-200,120307
21,USA,Bachelors,"Java, Rust","Flask, Django",201-1000,154658
31,USA,Bachelors,"Swift, Rust","Angular, Vue",Nov-50,159992
29,Germany,Masters,"PHP, Python","Angular, Ruby on Rails",10-Jan,169900
35,Canada,Masters,"Python, Go","ASP.NET, Flask",201-1000,184229
3,India,Bachelors,"Python, C#","React, Ruby on Rails",5000+,42817
31,Canada,Bachelors,"Rust, C#","Angular, Angular",Nov-50,134382
7,USA,Masters,"PHP, Python","Vue, React",51-200,113378
23,Canada,Bachelors,"PHP, PHP","React, ASP.NET",Nov-50,114934
19,Canada,Bachelors,"Rust, Python","Laravel, Laravel",5000+,139967
23,USA,Bachelors,"Swift, Go","Express, Flask",Nov-50,169510
0,France,Masters,"JavaScript, C++","Flask, Express",5000+,73479
10,France,Some College,"Python, Java","React, Vue",5000+,81896
10,USA,Some College,"Python, Go","React, Ruby on Rails",10-Jan,106509
3,Brazil,Masters,"PHP, Go","Express, Django",Nov-50,62325
20,USA,Bachelors,"Java, Rust","Spring, React",201-1000,162259
35,USA,Some College,"Go, C++","Laravel, Django",5000+,221253
25,USA,Bachelors,"C#, PHP","Ruby on Rails, Express",10-Jan,156679
22,Germany,Masters,"Python, PHP","Express, Laravel",51-200,125750
11,USA,Bachelors,"Go, PHP","Django, Ruby on Rails",10-Jan,100110
0,Germany,Bachelors,"Rust, Go","Ruby on Rails, React",51-200,71782
25,Singapore,Bachelors,"Swift, C#","Flask, Laravel",1001-5000,121923
8,USA,Masters,"JavaScript, JavaScript","Ruby on Rails, React",5000+,160553
21,USA,Masters,"Ruby, Go","ASP.NET, Express",51-200,170027
10,Australia,Bachelors,"C++, C++","Express, Flask",1001-5000,64969
3,USA,Bachelors,"C++, Ruby","Django, Flask",Nov-50,98533
24,Brazil,Bachelors,"PHP, Python","Ruby on Rails, React",1001-5000,133512
37,Canada,Bachelors,"C#, JavaScript","ASP.NET, Django",51-200,175865
14,Germany,Masters,"C++, JavaScript","React, ASP.NET",1001-5000,127004
27,USA,Bachelors,"PHP, C++","Spring, Express",Nov-50,162499
5,USA,PhD,"JavaScript, C#","Spring, Spring",51-200,108210
37,USA,Some College,"JavaScript, Rust","Angular, Django",Nov-50,197194
26,USA,Masters,"Swift, Swift","Laravel, Vue",1001-5000,176739
9,USA,Masters,"Rust, Ruby","Laravel, Django",Nov-50,125507
33,USA,Bachelors,"Java, PHP","Django, Express",Nov-50,197301
9,USA,Bachelors,"Python, Python","Vue, Express",10-Jan,107012
14,Canada,Masters,"C#, Python","Express, Flask",10-Jan,93960
7,Germany,Some College,"Swift, C#","Laravel, Flask",5000+,95848
14,India,PhD,"Swift, C++","React, Laravel",10-Jan,88943
25,Germany,Some College,"Ruby, Swift","Laravel, Flask",51-200,150368
0,India,Masters,"JavaScript, Python","Express, Vue",51-200,23266
18,France,Bachelors,"Rust, Rust","Django, ASP.NET",51-200,88634
40,UK,Masters,"C++, JavaScript","Flask, React",10-Jan,216404
7,UK,Bachelors,"Java, Rust","Laravel, React",Nov-50,68410
2,India,Some College,"JavaScript, Ruby","Laravel, Express",1001-5000,19600
1,USA,Masters,"C++, PHP","Django, Ruby on Rails",1001-5000,119120
40,India,Some College,"Rust, Swift","Spring, React",5000+,169877
39,Singapore,Bachelors,"Swift, C++","Spring, Ruby on Rails",51-200,175063
7,Germany,Masters,"PHP, PHP","Angular, Ruby on Rails",Nov-50,76732
18,Australia,PhD,"Java, Rust","Spring, Ruby on Rails",Nov-50,139149
36,Canada,Masters,"C++, Swift","Ruby on Rails, Express",1001-5000,153256
14,Germany,Masters,"Ruby, Java","Vue, Laravel",201-1000,124860
39,Germany,Bachelors,"PHP, JavaScript","Django, Spring",51-200,156409
36,Canada,Bachelors,"Swift, Go","React, ASP.NET",1001-5000,198582
26,India,Bachelors,"C++, Ruby","Flask, Express",1001-5000,98063
35,Singapore,Masters,"PHP, C++","ASP.NET, Flask",1001-5000,139822
3,USA,Bachelors,"Java, Rust","Express, React",201-1000,109764
17,India,Masters,"Go, JavaScript","Ruby on Rails, Express",51-200,90718
38,UK,Bachelors,"Swift, Ruby","Laravel, Vue",51-200,151016
1,Japan,Bachelors,"JavaScript, Python","Angular, Spring",10-Jan,55224
38,USA,Masters,"Python, JavaScript","Laravel, Laravel",10-Jan,253752
5,India,Bachelors,"PHP, C#","Flask, Laravel",10-Jan,27069
40,USA,Bachelors,"PHP, Ruby","Django, Vue",Nov-50,214700
32,Australia,Masters,"PHP, JavaScript","Angular, Flask",1001-5000,178576
11,USA,Some College,"Rust, JavaScript","Spring, Angular",10-Jan,144689
29,USA,Bachelors,"Python, Swift","ASP.NET, Spring",10-Jan,144105
12,India,Masters,"Java, Swift","Spring, ASP.NET",201-1000,72876
20,India,Masters,"Go, Java","Django, Flask",Nov-50,73946
21,Canada,Masters,"Swift, JavaScript","Django, Ruby on Rails",201-1000,144354
36,USA,Masters,"Rust, C++","Spring, Spring",201-1000,196880
25,USA,Some College,"JavaScript, Python","Vue, Spring",Nov-50,143978
18,USA,Bachelors,"Go, PHP","Flask, Ruby on Rails",201-1000,145839
38,India,Bachelors,"PHP, JavaScript","React, Django",51-200,138716
8,France,Bachelors,"C++, PHP","Spring, Ruby on Rails",5000+,92835
18,UK,Some College,"PHP, C#","Flask, Flask",51-200,133123
32,USA,Bachelors,"Rust, Java","Vue, React",51-200,181172
4,Singapore,Bachelors,"Ruby, Ruby","ASP.NET, Angular",5000+,67573
9,USA,PhD,"C#, Ruby","Ruby on Rails, Django",10-Jan,116294
14,Japan,Bachelors,"Go, Python","Django, ASP.NET",1001-5000,88270
18,USA,Masters,"Swift, PHP","Spring, React",10-Jan,163018
16,Canada,Bachelors,"Rust, Swift","ASP.NET, Laravel",201-1000,121228
9,USA,Bachelors,"Swift, Java","Angular, Spring",Nov-50,120531
27,France,Bachelors,"Java, JavaScript","React, Spring",10-Jan,112545
36,Canada,Masters,"Python, Swift","Express, Django",51-200,171961
24,Germany,PhD,"Go, Java","Vue, ASP.NET",5000+,134495
34,USA,Bachelors,"Swift, Python","Express, Express",51-200,167839
33,USA,Bachelors,"Swift, Python","Express, Spring",1001-5000,194043
32,UK,Masters,"JavaScript, Python","ASP.NET, Vue",5000+,157761
22,India,Some College,"Go, Go","Angular, Django",51-200,81885
32,Canada,Masters,"JavaScript, Rust","Angular, ASP.NET",10-Jan,181033
31,USA,Bachelors,"Swift, C++","Django, Express",10-Jan,181865
0,Canada,Bachelors,"PHP, Java","Angular, Express",1001-5000,69205
23,Germany,Bachelors,"JavaScript, Java","Laravel, Vue",1001-5000,118581
8,USA,Bachelors,"Python, C++","Angular, Express",1001-5000,107115
13,Germany,Bachelors,"Ruby, C++","ASP.NET, Spring",Nov-50,87856
26,UK,Bachelors,"PHP, Ruby","Spring, Ruby on Rails",5000+,151304
27,USA,Some College,"Rust, PHP","Vue, Ruby on Rails",5000+,199198
18,USA,Masters,"PHP, Ruby","Angular, Ruby on Rails",1001-5000,170362
18,Germany,Bachelors,"C++, Java","Spring, Ruby on Rails",Nov-50,135382
39,Germany,Bachelors,"Ruby, C#","React, Angular",201-1000,148895
33,Australia,Bachelors,"JavaScript, Ruby","Django, Angular",1001-5000,125997
4,Germany,Masters,"Go, Python","Angular, Ruby on Rails",10-Jan,82254
19,USA,Bachelors,"Python, C++","Laravel, Angular",51-200,166746
35,Australia,Bachelors,"Rust, JavaScript","Laravel, Ruby on Rails",1001-5000,164215
38,USA,Masters,"Java, JavaScript","Flask, Angular",51-200,223486
3,USA,Bachelors,"Swift, Swift","ASP.NET, Django",1001-5000,111349
1,Canada,PhD,"C#, Go","Ruby on Rails, Angular",10-Jan,72017
35,Canada,Bachelors,"C#, C#","Ruby on Rails, Flask",5000+,188944
2,Brazil,Bachelors,"C#, Python","ASP.NET, Express",51-200,67073
37,USA,Masters,"PHP, Go","Flask, Express",201-1000,246312
39,Canada,Bachelors,"Go, Java","Ruby on Rails, Express",Nov-50,175020
30,India,Bachelors,"C#, Python","ASP.NET, Laravel",1001-5000,100387
22,Singapore,High School,"Java, C++","Django, Vue",51-200,127228
5,Canada,Bachelors,"JavaScript, JavaScript","Express, Ruby on Rails",201-1000,85320
18,USA,Masters,"JavaScript, C++","Flask, ASP.NET",51-200,146851
14,Japan,PhD,"JavaScript, C#","React, React",Nov-50,133339
2,Australia,Masters,"Swift, Python","Django, ASP.NET",Nov-50,73993
11,USA,High School,"C#, Go","ASP.NET, Ruby on Rails",1001-5000,112578
32,Canada,Bachelors,"Java, Python","Angular, Vue",1001-5000,163020
37,UK,Masters,"JavaScript, Rust","Ruby on Rails, Vue",5000+,180425
29,USA,Bachelors,"JavaScript, Python","React, Spring",Nov-50,188116
24,USA,Bachelors,"C++, JavaScript","ASP.NET, Laravel",201-1000,157747
24,USA,Masters,"C#, C++","Ruby on Rails, Django",201-1000,188448
32,UK,Bachelors,"PHP, Go","Ruby on Rails, Ruby on Rails",5000+,144981
26,Canada,Bachelors,"Ruby, C++","Django, Django",201-1000,145808
40,USA,Bachelors,"Java, C#","Express, Django",1001-5000,244191
26,USA,Bachelors,"Rust, JavaScript","Express, Laravel",51-200,137065
21,USA,Bachelors,"Python, C++","Laravel, Vue",Nov-50,156186
26,Brazil,Bachelors,"C#, Ruby","Angular, Spring",1001-5000,140377
40,USA,High School,"JavaScript, C#","Angular, ASP.NET",5000+,222266
32,UK,Masters,"Python, Rust","React, Vue",201-1000,158245
22,India,Masters,"C#, Java","Flask, Spring",201-1000,94130
22,Canada,Masters,"Swift, Swift","Express, Flask",10-Jan,112398
27,USA,Masters,"C#, C#","Flask, Laravel",Nov-50,201517
12,USA,Masters,"Rust, Java","ASP.NET, ASP.NET",51-200,139451
8,UK,Bachelors,"Swift, C++","Angular, Spring",51-200,95468
35,Canada,Bachelors,"PHP, Ruby","Django, Angular",201-1000,181143
34,Canada,Masters,"Swift, C#","Angular, ASP.NET",201-1000,147124
1,Canada,Masters,"Ruby, Java","Express, Ruby on Rails",Nov-50,87096
21,Germany,Some College,"C#, PHP","Ruby on Rails, Django",201-1000,135402
21,Japan,Some College,"Rust, JavaScript","Angular, React",5000+,139788
8,Japan,Masters,"JavaScript, Go","Ruby on Rails, Vue",1001-5000,77786
32,USA,Bachelors,"Python, PHP","React, Vue",51-200,189242
15,USA,Some College,"Go, C#","Django, Laravel",1001-5000,145228
15,India,Bachelors,"C++, Python","Ruby on Rails, React",201-1000,50506
19,UK,Bachelors,"PHP, Ruby","Django, Express",5000+,152828
37,Australia,Bachelors,"Rust, JavaScript","Express, Laravel",10-Jan,170314
7,USA,Bachelors,"Rust, PHP","Express, Vue",10-Jan,106824
40,USA,Some College,"PHP, Ruby","Spring, Ruby on Rails",Nov-50,244715
20,USA,PhD,"Go, Python","Django, Vue",201-1000,175809
16,USA,Bachelors,"Ruby, Swift","Laravel, Angular",5000+,131322
29,USA,Bachelors,"PHP, PHP","Flask, Django",51-200,191942
2,UK,Masters,"Python, JavaScript","React, ASP.NET",5000+,87759
14,Germany,Bachelors,"Python, JavaScript","Ruby on Rails, ASP.NET",10-Jan,106227
10,France,Bachelors,"C#, Java","React, Express",201-1000,95413
5,Germany,Bachelors,"Swift, C++","Express, React",Nov-50,64717
11,USA,Masters,"Python, Rust","Laravel, React",201-1000,119498
28,Canada,Bachelors,"PHP, Rust","ASP.NET, Django",5000+,148748
27,Singapore,Masters,"Swift, Ruby","Laravel, Spring",1001-5000,134141
7,UK,Bachelors,"Rust, Java","Express, Laravel",1001-5000,69153
25,USA,Bachelors,"Swift, C++","Flask, ASP.NET",Nov-50,194042
0,India,Masters,"Java, JavaScript","ASP.NET, Angular",Nov-50,28378
20,Canada,Bachelors,"Go, Rust","Flask, Angular",201-1000,112812
15,USA,Masters,"Swift, Ruby","Vue, Express",201-1000,145164
30,USA,Bachelors,"Go, Java","React, React",1001-5000,174244
27,USA,Masters,"Java, C#","Spring, Django",Nov-50,212641
28,Canada,Bachelors,"Python, Ruby","ASP.NET, Flask",201-1000,156326
3,USA,Masters,"C++, Rust","Express, ASP.NET",10-Jan,113462
7,Canada,Masters,"C++, Java","Angular, Ruby on Rails",201-1000,83724
7,USA,Bachelors,"Ruby, JavaScript","Ruby on Rails, Flask",5000+,102364
20,USA,High School,"Ruby, C#","Flask, React",201-1000,167295
10,USA,Bachelors,"JavaScript, PHP","Vue, Ruby on Rails",201-1000,135278
14,Japan,Bachelors,"JavaScript, Rust","Express, Flask",5000+,100459
10,UK,Some College,"C++, Python","React, Vue",10-Jan,107308
34,USA,Masters,"PHP, Go","Ruby on Rails, Spring",Nov-50,212534
35,UK,Masters,"Python, Go","Flask, Flask",5000+,225593
7,USA,High School,"Ruby, Ruby","Django, Laravel",1001-5000,129917
17,Canada,Masters,"JavaScript, C#","Express, Ruby on Rails",1001-5000,117139
8,UK,Bachelors,"Go, Swift","Angular, React",1001-5000,83489
9,India,Masters,"Go, Rust","Express, ASP.NET",201-1000,46487
18,USA,Bachelors,"C++, C#","Express, Express",Nov-50,142569
21,UK,Some College,"PHP, Go","Vue, Express",5000+,147740
15,Australia,Bachelors,"Swift, Java","Express, Ruby on Rails",51-200,107751
31,USA,Bachelors,"Ruby, Go","Spring, ASP.NET",201-1000,171155
22,India,Masters,"Go, JavaScript","Laravel, Ruby on Rails",1001-5000,80571
5,USA,Bachelors,"Java, Go","Flask, React",201-1000,103322
16,France,PhD,"Python, JavaScript","Laravel, ASP.NET",10-Jan,116335
38,UK,Bachelors,"Rust, Ruby","Flask, Django",201-1000,187196
27,USA,Masters,"Go, Java","Spring, ASP.NET",Nov-50,145441
37,USA,Some College,"Go, JavaScript","ASP.NET, ASP.NET",Nov-50,219053
40,Japan,Some College,"C++, PHP","Angular, Laravel",1001-5000,146421
40,Germany,Masters,"C++, Python","Express, Laravel",10-Jan,188450
26,USA,Masters,"Ruby, Java","Spring, Express",10-Jan,155079
16,UK,PhD,"Ruby, Ruby","Vue, Flask",201-1000,102517
39,France,Some College,"C#, C++","React, ASP.NET",Nov-50,158546
11,Canada,Bachelors,"C++, Go","Vue, Express",1001-5000,104121
38,USA,Masters,"Rust, Java","Express, React",10-Jan,217197
3,UK,Bachelors,"Python, Swift","Laravel, Flask",Nov-50,71619
35,Canada,Masters,"Go, PHP","Angular, ASP.NET",51-200,146673
10,Canada,PhD,"Rust, Swift","Express, Django",Nov-50,109572
12,France,Bachelors,"C++, C#","Laravel, Ruby on Rails",201-1000,79662
8,USA,Bachelors,"Ruby, C++","Spring, Flask",10-Jan,109175
11,USA,High School,"C#, C#","React, Flask",Nov-50,119631
35,Australia,Bachelors,"Python, Python","Laravel, Laravel",51-200,132303
14,India,Bachelors,"PHP, Rust","Laravel, ASP.NET",Nov-50,58079
0,Canada,Masters,"JavaScript, Rust","Ruby on Rails, Django",10-Jan,62172
36,UK,Some College,"Ruby, C++","Ruby on Rails, Flask",5000+,194866
19,Japan,Some College,"PHP, C#","Express, Express",5000+,115663
26,USA,Masters,"Python, C#","Django, Vue",1001-5000,184385
24,Canada,Bachelors,"Swift, Ruby","Spring, Flask",1001-5000,145074
11,Germany,Bachelors,"C++, C#","Ruby on Rails, Angular",5000+,110434
12,Germany,Bachelors,"PHP, Python","ASP.NET, Angular",1001-5000,93995
18,USA,Some College,"Ruby, Go","Django, Spring",5000+,138066
6,Canada,PhD,"Java, C#","Django, Ruby on Rails",5000+,92595
27,UK,Bachelors,"PHP, Ruby","Ruby on Rails, React",Nov-50,118724
23,Germany,Masters,"PHP, C#","ASP.NET, ASP.NET",201-1000,122428
6,USA,Bachelors,"Go, Rust","Django, Angular",5000+,128195
15,Canada,High School,"C#, PHP","Express, Spring",51-200,88205
24,USA,Bachelors,"Ruby, Rust","ASP.NET, Vue",51-200,153019
25,Germany,Masters,"Ruby, JavaScript","Django, ASP.NET",Nov-50,167774
27,Japan,PhD,"Swift, Swift","Laravel, Vue",5000+,160482
31,USA,Masters,"C++, Go","Flask, Django",201-1000,203361
26,Germany,High School,"JavaScript, Ruby","React, Ruby on Rails",51-200,115257
36,Canada,Masters,"C#, C#","Vue, Express",201-1000,195112
35,USA,High School,"C++, Java","Angular, Flask",Nov-50,171690
29,USA,PhD,"Go, C++","Vue, Django",5000+,197079
27,USA,Bachelors,"Go, Ruby","Laravel, ASP.NET",10-Jan,166788
8,USA,Bachelors,"Go, Ruby","Ruby on Rails, React",201-1000,102098
3,USA,High School,"JavaScript, Go","Ruby on Rails, Spring",51-200,118089
35,Germany,Bachelors,"Java, Python","Flask, Ruby on Rails",5000+,173116
37,USA,High School,"Rust, Rust","ASP.NET, Angular",51-200,193443
14,USA,Bachelors,"C#, Swift","Django, Laravel",1001-5000,120721
40,USA,Bachelors,"JavaScript, Java","Flask, Spring",1001-5000,197754
9,UK,Some College,"JavaScript, Go","Flask, Vue",Nov-50,85987
18,Singapore,Bachelors,"Python, Rust","Express, Flask",5000+,132276
7,Australia,Bachelors,"Rust, Go","Express, React",5000+,89596
35,USA,Bachelors,"Go, Go","Django, Flask",1001-5000,177909
34,India,Some College,"Ruby, Swift","Express, React",201-1000,100053
18,India,Bachelors,"PHP, JavaScript","Django, Flask",51-200,55842
38,UK,Bachelors,"JavaScript, Python","Django, React",201-1000,206765
25,USA,Masters,"C#, Go","React, Django",5000+,197581
4,Japan,Some College,"Swift, Rust","Flask, Express",10-Jan,50788
4,Germany,Bachelors,"Java, Java","Angular, Spring",Nov-50,59684
15,USA,Masters,"C#, C#","Flask, Django",10-Jan,167279
5,UK,Bachelors,"PHP, Java","Ruby on Rails, Spring",201-1000,64875
22,UK,Bachelors,"PHP, Ruby","Vue, ASP.NET",51-200,119651
36,Germany,PhD,"Ruby, Swift","Laravel, Django",10-Jan,198494
3,USA,Masters,"PHP, JavaScript","Angular, Laravel",201-1000,98376
32,USA,Bachelors,"Python, Java","React, Vue",10-Jan,161261
12,Brazil,Bachelors,"C++, Java","Flask, Laravel",1001-5000,85460
15,USA,Bachelors,"PHP, Go","Angular, Django",10-Jan,147761
24,Germany,PhD,"JavaScript, C++","React, Laravel",5000+,152064
40,Japan,Bachelors,"Rust, Go","Ruby on Rails, Express",5000+,151765
10,USA,Bachelors,"Go, C++","Express, Express",1001-5000,126083
3,India,Bachelors,"Java, PHP","React, Spring",5000+,31633
40,USA,Masters,"JavaScript, Python","Spring, Spring",51-200,239281
1,Australia,Bachelors,"JavaScript, Swift","Angular, Flask",5000+,60565
7,Australia,Masters,"Python, Python","Flask, Vue",10-Jan,74073
22,USA,Bachelors,"Java, C#","React, Flask",5000+,159456
31,USA,Masters,"C++, Rust","Vue, React",1001-5000,193879
38,Singapore,Bachelors,"Ruby, Python","Vue, Flask",51-200,173919
37,USA,Some College,"Ruby, PHP","Ruby on Rails, Django",5000+,207541
21,USA,Bachelors,"PHP, Java","Ruby on Rails, Django",5000+,152530
13,USA,Bachelors,"Java, C#","Express, React",Nov-50,125053
38,Canada,Masters,"Java, Ruby","Django, ASP.NET",51-200,148841
14,USA,Masters,"C#, Rust","Angular, Laravel",1001-5000,127338
31,Canada,Bachelors,"Go, Go","Express, Vue",Nov-50,140868
21,Japan,Some College,"Java, Swift","Laravel, Vue",Nov-50,119132
25,USA,Bachelors,"Rust, Go","Express, Spring",10-Jan,173504
30,USA,Masters,"Rust, Python","Spring, Ruby on Rails",10-Jan,176454
7,Japan,Some College,"JavaScript, Java","Django, Angular",1001-5000,65231
2,Australia,Bachelors,"Ruby, JavaScript","Flask, Django",5000+,60195
36,France,Bachelors,"C++, Rust","Vue, Spring",10-Jan,153949
10,Japan,Bachelors,"Rust, Ruby","React, Express",Nov-50,78904
26,USA,PhD,"Java, Ruby","Spring, Spring",Nov-50,203552
12,UK,Bachelors,"PHP, PHP","Vue, Spring",Nov-50,111422
33,Japan,Bachelors,"C++, C++","Ruby on Rails, Express",1001-5000,133688
11,Japan,Masters,"Python, Ruby","Laravel, Laravel",Nov-50,100639
8,USA,Masters,"Ruby, Ruby","Angular, Vue",201-1000,103170
17,UK,Bachelors,"Swift, C#","Express, Express",1001-5000,89906
16,USA,Bachelors,"Java, PHP","Angular, ASP.NET",201-1000,122928
2,Japan,Bachelors,"C#, Python","Spring, Vue",Nov-50,62074
27,USA,Bachelors,"Rust, JavaScript","Ruby on Rails, Vue",Nov-50,197766
2,USA,Masters,"C#, PHP","Vue, ASP.NET",5000+,136082
7,Brazil,Bachelors,"Swift, C#","Express, Laravel",Nov-50,84012
11,UK,Some College,"C#, C++","Flask, ASP.NET",Nov-50,107078
37,USA,Masters,"Go, Python","Flask, React",Nov-50,228835
5,Canada,Bachelors,"JavaScript, Rust","Laravel, Spring",201-1000,85602
10,Canada,Some College,"Go, Java","Vue, Angular",201-1000,99021
23,USA,Masters,"Java, Rust","Express, Angular",Nov-50,188005
10,USA,Masters,"PHP, Go","Express, Spring",10-Jan,149370
38,USA,Bachelors,"Java, Java","Django, Express",Nov-50,178219
18,UK,Bachelors,"Ruby, C#","Laravel, Express",1001-5000,117334
32,USA,Masters,"Ruby, Python","React, Angular",201-1000,224912
12,UK,Masters,"Rust, PHP","React, Ruby on Rails",10-Jan,110005
5,USA,Some College,"JavaScript, C#","Express, Laravel",1001-5000,106978
2,Germany,Masters,"Rust, Rust","ASP.NET, React",201-1000,79607
18,USA,Masters,"Python, PHP","Laravel, Laravel",Nov-50,147188
15,Germany,Bachelors,"Ruby, Ruby","Ruby on Rails, Django",201-1000,96507
14,Japan,Masters,"C++, Ruby","Laravel, Django",51-200,110071
24,USA,Bachelors,"C#, C++","Angular, Ruby on Rails",Nov-50,178381
39,USA,High School,"C++, Python","React, Vue",Nov-50,189712
7,USA,Bachelors,"Ruby, Rust","ASP.NET, Flask",Nov-50,125210
21,USA,High School,"Ruby, Rust","Laravel, Ruby on Rails",51-200,138708
9,USA,Some College,"Go, Ruby","React, Vue",201-1000,126581
39,Germany,Masters,"Go, Ruby","Laravel, React",10-Jan,195871
36,Japan,Bachelors,"Ruby, JavaScript","Spring, Spring",5000+,147744
39,Singapore,Bachelors,"Swift, Ruby","Django, Spring",201-1000,170857
14,USA,Bachelors,"C++, Java","Laravel, Flask",Nov-50,143402
24,USA,Bachelors,"Ruby, Java","Angular, Django",201-1000,133174
0,USA,Masters,"C#, Java","Vue, Django",10-Jan,118881
10,Germany,Masters,"PHP, C++","Laravel, Spring",1001-5000,86943
0,Germany,Masters,"C++, Go","Flask, Flask",5000+,101210
3,Japan,Bachelors,"C++, C#","Django, Vue",51-200,58117
6,USA,PhD,"Java, C#","Laravel, Django",5000+,155819
14,USA,PhD,"Rust, Ruby","React, Laravel",5000+,151285
24,Brazil,Bachelors,"Java, C#","Flask, Angular",5000+,149783
35,Germany,Bachelors,"Ruby, Ruby","Ruby on Rails, Angular",5000+,156247
31,USA,Masters,"Swift, Ruby","Laravel, Angular",1001-5000,172944
34,Canada,Bachelors,"C++, C#","Laravel, Laravel",1001-5000,133468
19,Canada,Bachelors,"PHP, Swift","Flask, Spring",5000+,138973
37,USA,Bachelors,"Java, Swift","Spring, Flask",5000+,241282
3,Japan,Bachelors,"Java, Java","Flask, Django",51-200,52035
11,USA,Masters,"C#, JavaScript","Laravel, Express",Nov-50,132019
20,Germany,Bachelors,"PHP, JavaScript","Flask, Laravel",51-200,101942
2,Brazil,Masters,"Python, Go","Ruby on Rails, Ruby on Rails",201-1000,53376
19,India,Masters,"Ruby, Ruby","Vue, Laravel",10-Jan,79409
5,Germany,Bachelors,"Python, Java","Vue, Express",201-1000,84309
24,Brazil,Masters,"Ruby, Java","Angular, Ruby on Rails",Nov-50,130293
0,Canada,Bachelors,"Java, PHP","Laravel, Laravel",5000+,71610
20,UK,High School,"Rust, Go","Flask, Express",51-200,132507
14,USA,Bachelors,"Swift, Ruby","Vue, Angular",10-Jan,148339
6,India,Masters,"Ruby, C++","Ruby on Rails, Vue",10-Jan,36848
35,Australia,High School,"PHP, PHP","Vue, React",5000+,154413
4,UK,Masters,"Rust, C#","Vue, Flask",5000+,105039
9,USA,Bachelors,"Ruby, Python","Laravel, ASP.NET",51-200,96985
26,USA,PhD,"C++, Swift","Vue, Express",10-Jan,182223
30,Japan,Masters,"Python, PHP","Django, Spring",51-200,143539
30,Singapore,Some College,"Python, JavaScript","Express, Laravel",1001-5000,165880
32,Canada,Bachelors,"Rust, Ruby","Flask, Vue",201-1000,183880
32,Germany,Bachelors,"PHP, Ruby","Laravel, Django",51-200,155411
37,USA,Masters,"Go, Rust","ASP.NET, Laravel",5000+,235085
24,Germany,Bachelors,"C#, PHP","Laravel, React",Nov-50,115943
20,Germany,High School,"Python, Java","Vue, React",5000+,155745
30,Canada,Masters,"Go, Rust","Express, Flask",51-200,128097
9,USA,Bachelors,"Java, PHP","ASP.NET, Spring",10-Jan,105755
32,India,Bachelors,"Java, Python","Express, ASP.NET",51-200,98940
11,Japan,Masters,"C#, PHP","Spring, Spring",51-200,85276
23,USA,Bachelors,"Swift, Ruby","Vue, Vue",1001-5000,130976
13,Canada,Masters,"PHP, Swift","Spring, React",5000+,113743
39,Germany,Bachelors,"Python, Rust","Django, Vue",10-Jan,172538
30,USA,Bachelors,"Ruby, JavaScript","Ruby on Rails, Express",1001-5000,150486
27,USA,Bachelors,"Rust, C#","React, Express",1001-5000,157679
13,Canada,Bachelors,"Go, Python","Vue, Express",Nov-50,84057
31,USA,Bachelors,"JavaScript, JavaScript","Spring, Django",201-1000,157025
6,Canada,Bachelors,"C++, JavaScript","Ruby on Rails, ASP.NET",201-1000,70448
5,Australia,Bachelors,"Rust, JavaScript","Laravel, Vue",Nov-50,66001
22,India,Masters,"Go, Swift","ASP.NET, Express",10-Jan,95791
6,USA,Bachelors,"JavaScript, Python","Express, Flask",10-Jan,101553
38,India,Bachelors,"Java, Ruby","Vue, Vue",Nov-50,146783
17,USA,Bachelors,"C#, Java","Ruby on Rails, Spring",5000+,141713
18,Australia,Masters,"Go, JavaScript","Spring, React",51-200,133937
34,USA,Bachelors,"JavaScript, Python","Express, Laravel",Nov-50,213925
34,Germany,Masters,"Swift, Java","Laravel, ASP.NET",10-Jan,150134
37,Canada,Bachelors,"Ruby, Python","Flask, Django",1001-5000,179143
27,Singapore,Bachelors,"Ruby, C#","Django, Vue",51-200,148363
1,India,Bachelors,"Ruby, Rust","React, React",201-1000,17238
28,Canada,Bachelors,"Rust, Rust","Ruby on Rails, Flask",5000+,153769
33,UK,Masters,"Swift, PHP","React, Express",Nov-50,170206
2,Japan,Some College,"Rust, Go","Laravel, Ruby on Rails",Nov-50,47742
6,USA,Bachelors,"C++, Go","Spring, Flask",201-1000,116725
31,USA,Bachelors,"Rust, Go","Vue, Flask",51-200,211658
34,UK,Some College,"Ruby, Rust","Ruby on Rails, Ruby on Rails",1001-5000,163387
34,Japan,Masters,"Python, Python","Spring, ASP.NET",201-1000,139217
37,Japan,Bachelors,"JavaScript, C++","Ruby on Rails, Angular",201-1000,181336
10,Brazil,Masters,"Python, C++","Django, React",51-200,100097
26,India,Masters,"C++, JavaScript","Spring, Express",Nov-50,84879
7,Brazil,Masters,"Swift, Rust","Ruby on Rails, Angular",5000+,114699
18,Singapore,Some College,"Rust, JavaScript","Laravel, Spring",1001-5000,92924
7,India,Masters,"PHP, C++","Spring, React",201-1000,44905
3,France,Bachelors,"Rust, Ruby","Laravel, ASP.NET",1001-5000,51833
16,USA,Bachelors,"C++, C++","ASP.NET, ASP.NET",Nov-50,145029
12,USA,Some College,"C#, JavaScript","React, ASP.NET",10-Jan,101305
35,Canada,Bachelors,"Swift, C++","Django, Express",201-1000,134535
29,USA,Bachelors,"PHP, C#","Django, Vue",5000+,179555
29,USA,Bachelors,"JavaScript, Swift","Angular, Vue",1001-5000,157139
29,UK,Bachelors,"Go, PHP","Vue, Spring",1001-5000,168851
29,USA,Bachelors,"Rust, Swift","Django, Vue",201-1000,155177
8,USA,Masters,"C#, Go","Laravel, Django",51-200,119522
31,USA,PhD,"Python, C#","ASP.NET, Angular",1001-5000,236356
29,Canada,Some College,"Swift, Go","Flask, Express",Nov-50,132439
29,USA,Bachelors,"Ruby, Ruby","Ruby on Rails, Django",10-Jan,164963
16,Australia,Bachelors,"Swift, Java","React, Express",1001-5000,114691
36,Australia,Bachelors,"C#, PHP","Angular, Angular",51-200,174060
37,USA,Bachelors,"Java, C#","Angular, Angular",51-200,180183
25,Germany,Bachelors,"JavaScript, Rust","ASP.NET, Angular",5000+,143301
29,Canada,Bachelors,"Ruby, Python","Express, Angular",51-200,156630
1,Germany,Bachelors,"JavaScript, Rust","ASP.NET, Spring",10-Jan,74843
18,Canada,Bachelors,"Swift, PHP","Laravel, Laravel",5000+,118158
24,USA,Bachelors,"C#, Ruby","Angular, Laravel",Nov-50,187744
14,USA,Bachelors,"JavaScript, JavaScript","ASP.NET, React",10-Jan,131339
7,USA,Bachelors,"Rust, Go","Vue, React",201-1000,116065
23,Canada,Bachelors,"Ruby, JavaScript","Express, ASP.NET",Nov-50,140091
10,India,Masters,"Rust, Go","Vue, Express",5000+,67898
22,USA,Bachelors,"Go, PHP","Vue, Django",201-1000,148785
8,USA,Masters,"Swift, Ruby","Vue, Ruby on Rails",Nov-50,135175
40,Japan,Some College,"PHP, Rust","Ruby on Rails, Laravel",1001-5000,203436
34,Brazil,Bachelors,"PHP, Swift","Vue, Laravel",5000+,169325
24,Canada,Bachelors,"Rust, Swift","ASP.NET, ASP.NET",Nov-50,118594
28,Canada,Bachelors,"Ruby, C++","Angular, Angular",5000+,140866
26,UK,Bachelors,"PHP, Rust","Angular, Django",1001-5000,115256
38,USA,Masters,"Python, Ruby","Angular, Django",51-200,204943
38,UK,Masters,"C++, PHP","Angular, Laravel",10-Jan,188851
26,USA,Bachelors,"Python, Rust","Flask, Ruby on Rails",10-Jan,172718
23,USA,Bachelors,"Go, PHP","Spring, Express",51-200,133544
31,UK,Masters,"Go, PHP","Vue, Ruby on Rails",51-200,193769
1,USA,Bachelors,"JavaScript, JavaScript","React, Express",201-1000,95445
30,Singapore,Bachelors,"Go, PHP","React, React",10-Jan,115554
14,India,Bachelors,"PHP, JavaScript","Vue, Laravel",Nov-50,57584
25,USA,Bachelors,"Go, PHP","ASP.NET, Angular",10-Jan,171314
0,UK,Some College,"Swift, PHP","Angular, Laravel",Nov-50,65475
33,India,Masters,"Ruby, Java","Spring, Django",51-200,145439
2,USA,Masters,"C++, Ruby","Spring, Spring",51-200,101402
18,USA,Bachelors,"Swift, C#","Flask, Flask",10-Jan,162241
5,UK,Bachelors,"Java, C++","React, Flask",10-Jan,85319
21,USA,Some College,"C++, Rust","Django, Vue",10-Jan,139362
3,India,Masters,"C#, PHP","Ruby on Rails, Flask",201-1000,34118
13,USA,Bachelors,"C#, JavaScript","Spring, Angular",10-Jan,131571
3,Canada,Bachelors,"Ruby, Python","Vue, Flask",51-200,55236
38,USA,Masters,"PHP, Java","Angular, Flask",201-1000,197973
16,Canada,Bachelors,"Rust, Swift","React, Vue",Nov-50,95183
10,USA,Bachelors,"Java, Python","Spring, Express",201-1000,141251
17,Australia,Bachelors,"C++, PHP","Flask, React",Nov-50,94052
40,India,Some College,"Swift, Java","Laravel, Spring",201-1000,149594
30,UK,Masters,"Go, C#","Angular, Spring",51-200,143669
35,USA,Bachelors,"Rust, Java","Spring, Vue",Nov-50,187277
18,India,Masters,"JavaScript, Go","React, React",1001-5000,70381
8,Canada,Bachelors,"C++, Java","Laravel, Ruby on Rails",5000+,110656
9,Germany,Masters,"C++, JavaScript","React, Express",10-Jan,108665
29,Australia,Bachelors,"C++, Ruby","Express, Vue",51-200,141681
9,USA,Some College,"Python, JavaScript","React, Express",51-200,127643
20,USA,Bachelors,"JavaScript, PHP","Ruby on Rails, Express",201-1000,127240
21,Canada,Masters,"Swift, Rust","ASP.NET, Vue",1001-5000,110221
37,USA,Some College,"C#, Ruby","Express, Ruby on Rails",51-200,199866
8,USA,Masters,"Java, JavaScript","Laravel, Vue",51-200,106932
14,India,Masters,"JavaScript, Ruby","Laravel, Vue",5000+,66438
4,Germany,Bachelors,"Python, Python","Vue, Express",5000+,81754
12,USA,Masters,"C#, Python","Spring, Angular",Nov-50,146094
29,USA,High School,"Ruby, Go","React, Angular",5000+,199436
35,USA,Masters,"C#, Go","Angular, Vue",10-Jan,174763
38,Brazil,Bachelors,"Java, Go","Flask, Ruby on Rails",Nov-50,156940
7,USA,Masters,"Ruby, Rust","React, Laravel",Nov-50,135815
10,UK,Some College,"PHP, Ruby","Ruby on Rails, Vue",10-Jan,106031
7,USA,Masters,"C++, PHP","Spring, React",5000+,144572
20,USA,Bachelors,"Swift, Swift","Spring, Django",51-200,167173
22,Japan,Bachelors,"Swift, Ruby","Django, Vue",1001-5000,132809
8,USA,Masters,"C#, Go","Vue, Flask",10-Jan,131916
8,Canada,Masters,"C++, Rust","Ruby on Rails, Spring",10-Jan,81060
11,France,Masters,"Java, PHP","Angular, Django",5000+,128762
7,USA,High School,"Ruby, Python","Vue, ASP.NET",201-1000,97208
26,USA,Bachelors,"Ruby, PHP","Angular, React",Nov-50,194567
18,UK,Bachelors,"C#, JavaScript","Spring, React",1001-5000,128872
38,UK,Bachelors,"C++, Java","Django, Vue",5000+,159170
25,Germany,Masters,"Ruby, PHP","Express, Angular",Nov-50,147029
35,Germany,Masters,"Rust, JavaScript","Django, Angular",10-Jan,209602
11,Japan,Bachelors,"Python, C++","Express, Flask",201-1000,89454
32,UK,Masters,"Python, JavaScript","Spring, ASP.NET",201-1000,193702
40,Germany,Bachelors,"Rust, Swift","Spring, Ruby on Rails",1001-5000,177441
25,Canada,Bachelors,"Rust, Ruby","React, Spring",10-Jan,111480
4,Germany,Bachelors,"Java, JavaScript","Angular, Spring",10-Jan,66733
6,Brazil,Some College,"Java, JavaScript","Flask, Angular",10-Jan,72233
13,Brazil,Bachelors,"C#, Python","React, ASP.NET",Nov-50,95461
8,USA,Masters,"JavaScript, C++","Vue, Vue",10-Jan,119914
37,USA,Bachelors,"C#, JavaScript","Django, Angular",Nov-50,224501
33,USA,Masters,"Rust, Java","Vue, Ruby on Rails",1001-5000,183918
35,USA,Some College,"Rust, Swift","Express, Angular",5000+,202921
26,UK,Bachelors,"Swift, C++","Vue, Vue",10-Jan,137239
32,Canada,Masters,"Java, PHP","Django, Laravel",5000+,190090
22,USA,Bachelors,"Python, Rust","Flask, Vue",10-Jan,171785
19,France,Bachelors,"C#, C++","Vue, ASP.NET",51-200,91258
3,USA,Masters,"Java, PHP","Spring, Django",5000+,120773
12,Germany,Some College,"Rust, C#","Vue, ASP.NET",201-1000,100495
29,Canada,Some College,"Ruby, C++","ASP.NET, Laravel",1001-5000,155162
22,Germany,Some College,"JavaScript, Python","ASP.NET, Laravel",Nov-50,122511
30,USA,Bachelors,"C++, C++","Laravel, React",5000+,173820
33,Australia,Bachelors,"Rust, Swift","Ruby on Rails, React",10-Jan,137289
15,Brazil,Bachelors,"Go, Ruby","Laravel, Angular",51-200,90210
26,France,Masters,"Go, PHP","ASP.NET, Express",10-Jan,116237
39,India,Masters,"C#, Rust","Django, Angular",5000+,167277
40,Canada,Some College,"Rust, Java","Angular, React",201-1000,157770
39,UK,Bachelors,"JavaScript, Python","Spring, Ruby on Rails",Nov-50,192046
24,USA,Bachelors,"Ruby, Go","Spring, Laravel",51-200,138024
20,USA,Bachelors,"C++, C++","Django, Django",Nov-50,168954
25,USA,Bachelors,"C#, C#","Laravel, React",51-200,196344
25,UK,Bachelors,"Ruby, JavaScript","ASP.NET, Flask",5000+,157249
30,USA,Masters,"Go, Rust","Angular, Django",51-200,194470
5,USA,Bachelors,"C#, Rust","Flask, Angular",5000+,130614
3,USA,Bachelors,"Python, Rust","Laravel, Vue",201-1000,97910
5,USA,Masters,"Python, Java","Express, Spring",5000+,123762
11,Canada,High School,"C#, Python","Vue, Flask",10-Jan,76657
22,Germany,Bachelors,"C#, Java","Angular, Laravel",10-Jan,114435
11,UK,Some College,"Ruby, Rust","Angular, Vue",10-Jan,83248
19,Brazil,Masters,"Swift, Swift","Express, Express",10-Jan,122707
39,USA,PhD,"Ruby, Ruby","Django, Vue",201-1000,196530
36,Canada,Bachelors,"JavaScript, Rust","ASP.NET, Django",10-Jan,155236
29,Australia,Bachelors,"PHP, Python","Laravel, Flask",51-200,126925
16,India,Masters,"Python, Rust","Flask, Express",201-1000,78751
7,Germany,Bachelors,"JavaScript, Go","Angular, Ruby on Rails",201-1000,65174
6,USA,Bachelors,"Java, C++","Express, Flask",201-1000,128289
31,Canada,Bachelors,"C#, Python","Vue, Laravel",1001-5000,157154
23,Brazil,Bachelors,"Swift, Java","ASP.NET, Vue",Nov-50,107469
36,India,Masters,"C++, JavaScript","Flask, Django",51-200,158164
11,USA,Bachelors,"JavaScript, C#","Django, Flask",Nov-50,141225
29,UK,Bachelors,"Python, C#","Spring, Ruby on Rails",201-1000,174187
5,Germany,Masters,"Java, Rust","Django, Express",201-1000,88787
27,India,Bachelors,"Rust, Python","Django, Express",Nov-50,93531
26,Australia,Masters,"Python, JavaScript","Laravel, Angular",51-200,149664
22,USA,Masters,"Swift, Swift","Ruby on Rails, Vue",201-1000,140471
34,Japan,Bachelors,"Java, Rust","Laravel, Flask",51-200,123301
29,USA,Bachelors,"JavaScript, Go","React, Angular",1001-5000,197052
12,UK,Some College,"C++, C#","Django, Ruby on Rails",10-Jan,93032
32,France,Bachelors,"Go, C#","React, React",10-Jan,167745
4,India,Bachelors,"Swift, Go","Vue, Laravel",5000+,38011
23,USA,Bachelors,"Java, PHP","Laravel, Vue",201-1000,143802
21,Australia,Bachelors,"C#, C++","Express, Angular",10-Jan,109746
8,USA,Masters,"Rust, Rust","Django, Spring",201-1000,144882
28,USA,Bachelors,"Go, JavaScript","Express, Django",10-Jan,201207
4,UK,Bachelors,"PHP, C#","Angular, Spring",1001-5000,58977
36,USA,Bachelors,"PHP, C++","Flask, Django",1001-5000,225979
19,UK,Bachelors,"Ruby, Java","React, ASP.NET",10-Jan,99547
9,Japan,PhD,"Java, PHP","Vue, Ruby on Rails",10-Jan,83637
10,USA,Bachelors,"Rust, JavaScript","Ruby on Rails, Laravel",Nov-50,119659
24,USA,Bachelors,"Rust, Rust","Ruby on Rails, Angular",51-200,135631
5,USA,Masters,"JavaScript, C#","Express, Angular",10-Jan,133351
39,Germany,Bachelors,"PHP, C#","Flask, Flask",201-1000,199996
34,USA,Bachelors,"Swift, Swift","Vue, Ruby on Rails",51-200,189580
9,USA,Masters,"Swift, Go","Ruby on Rails, Ruby on Rails",10-Jan,151335
14,UK,Some College,"Swift, Java","Django, Angular",Nov-50,115257
0,France,Masters,"Java, C++","ASP.NET, Flask",5000+,87127
36,USA,Masters,"Python, Ruby","React, Spring",5000+,256320
17,UK,Bachelors,"Ruby, C++","Vue, React",51-200,128038
28,USA,Some College,"C++, Rust","Laravel, Express",5000+,206082
39,UK,Masters,"Ruby, Ruby","ASP.NET, Angular",1001-5000,155907
22,Germany,Bachelors,"C#, Python","Spring, Flask",10-Jan,129779
32,Germany,Bachelors,"PHP, PHP","Laravel, Spring",201-1000,177456
40,France,Some College,"Go, Rust","ASP.NET, Vue",201-1000,162208
15,UK,Masters,"JavaScript, JavaScript","Flask, Spring",Nov-50,112639
20,USA,Bachelors,"JavaScript, PHP","React, Ruby on Rails",Nov-50,167263
35,India,Bachelors,"C++, Swift","React, Vue",201-1000,123289
14,USA,Bachelors,"C++, Swift","Spring, Flask",201-1000,149603
4,India,Masters,"Rust, Ruby","Laravel, Django",51-200,33279
10,Germany,Bachelors,"JavaScript, Swift","Flask, React",201-1000,96524
28,Canada,Bachelors,"C#, Swift","ASP.NET, Ruby on Rails",1001-5000,159115
5,USA,PhD,"C++, JavaScript","Laravel, Flask",5000+,133311
23,USA,Bachelors,"Go, JavaScript","Spring, Angular",51-200,174530
30,USA,Some College,"Ruby, JavaScript","Django, Django",201-1000,204892
38,Brazil,Bachelors,"Java, C#","ASP.NET, Ruby on Rails",201-1000,166828
3,India,Masters,"C#, Python","Vue, Ruby on Rails",201-1000,37876
39,Brazil,Masters,"Ruby, Swift","Flask, ASP.NET",201-1000,152038
10,USA,Bachelors,"Rust, Rust","Flask, ASP.NET",10-Jan,129702
5,USA,Some College,"C++, Swift","Spring, Ruby on Rails",201-1000,86162
25,USA,Bachelors,"JavaScript, Rust","Express, Angular",5000+,198220
34,France,Masters,"Python, Java","Express, ASP.NET",1001-5000,165553
39,USA,Bachelors,"PHP, Rust","Angular, Spring",5000+,255648
32,USA,Some College,"Java, Python","Laravel, ASP.NET",201-1000,213233
26,USA,Masters,"Python, Java","Django, Express",5000+,216822
2,UK,Masters,"Java, Java","React, ASP.NET",1001-5000,72412
0,Germany,Masters,"C#, C++","Flask, React",201-1000,60314
0,USA,Masters,"Python, JavaScript","Flask, Laravel",5000+,115789
5,USA,Masters,"Go, Ruby","Express, Spring",5000+,110374
21,UK,Masters,"Ruby, PHP","Django, Angular",Nov-50,137234
9,USA,Bachelors,"PHP, PHP","Vue, Laravel",Nov-50,100331
7,Germany,Bachelors,"C++, Rust","Ruby on Rails, React",1001-5000,95610
22,USA,PhD,"Swift, PHP","Express, Vue",1001-5000,203089
31,USA,Masters,"Python, Java","Flask, Angular",5000+,235684
13,Canada,Bachelors,"Swift, PHP","Ruby on Rails, React",51-200,101630
2,Germany,Some College,"C++, Rust","Spring, Express",5000+,88707
26,Canada,Some College,"JavaScript, C#","ASP.NET, React",10-Jan,133651
20,Germany,Bachelors,"C++, JavaScript","ASP.NET, ASP.NET",10-Jan,126478
28,Australia,Masters,"Rust, JavaScript","Laravel, Laravel",5000+,176235
20,USA,Bachelors,"Swift, Ruby","React, React",Nov-50,138880
0,Brazil,Bachelors,"C#, Python","React, Django",1001-5000,49042
34,UK,Bachelors,"PHP, C++","Angular, Ruby on Rails",1001-5000,144076
39,USA,Bachelors,"C++, Swift","Ruby on Rails, ASP.NET",51-200,222145
13,India,Masters,"Python, Go","Django, React",Nov-50,70044
16,India,Some College,"Rust, PHP","Laravel, ASP.NET",51-200,67312
25,India,Bachelors,"JavaScript, JavaScript","ASP.NET, Angular",201-1000,104014
12,UK,Bachelors,"Ruby, Rust","Laravel, Spring",51-200,88120
3,UK,Masters,"JavaScript, Python","Vue, Angular",51-200,81820
29,Japan,Bachelors,"C++, C++","Spring, Laravel",5000+,125874
25,USA,Bachelors,"Ruby, Java","Laravel, Django",201-1000,159299
21,USA,Some College,"Java, PHP","ASP.NET, Ruby on Rails",1001-5000,162480
17,India,High School,"JavaScript, C#","Spring, Express",5000+,80531
25,USA,Masters,"JavaScript, JavaScript","Ruby on Rails, Angular",5000+,211978
17,USA,Bachelors,"C++, JavaScript","ASP.NET, Laravel",Nov-50,124538
29,USA,Bachelors,"Python, C#","ASP.NET, Spring",10-Jan,174015
3,Australia,Bachelors,"JavaScript, Python","Spring, ASP.NET",51-200,63596
23,France,Bachelors,"C#, Go","Ruby on Rails, Laravel",1001-5000,124166
35,Canada,Masters,"Ruby, Go","Django, Ruby on Rails",10-Jan,176194
25,Germany,Masters,"Ruby, Go","Django, Ruby on Rails",51-200,157014
16,USA,High School,"Rust, Go","React, Express",5000+,169303
28,USA,Bachelors,"C++, Swift","Ruby on Rails, Angular",Nov-50,166113
2,Japan,Masters,"JavaScript, Go","Angular, Express",51-200,64533
30,USA,Bachelors,"C#, PHP","Django, ASP.NET",10-Jan,146091
19,UK,Masters,"PHP, Ruby","Flask, Laravel",Nov-50,147290
5,UK,High School,"JavaScript, C#","Express, Flask",5000+,95154
30,Canada,Some College,"Swift, Go","Ruby on Rails, ASP.NET",1001-5000,162166
21,USA,Some College,"Python, Python","Ruby on Rails, Express",5000+,175744
36,France,Masters,"C#, Go","Spring, Django",5000+,214914
2,UK,Bachelors,"Java, Python","Laravel, Django",51-200,59277
20,France,Masters,"C++, PHP","Laravel, React",51-200,104793
31,USA,Some College,"C++, Java","React, Ruby on Rails",1001-5000,174618
26,Canada,Masters,"PHP, Swift","Ruby on Rails, React",51-200,119512
37,USA,Bachelors,"JavaScript, Python","Angular, Express",1001-5000,195013
11,USA,Some College,"Java, JavaScript","Flask, Spring",201-1000,133442
29,USA,Masters,"Python, Rust","React, Flask",1001-5000,161864
8,Canada,Masters,"C++, C++","Angular, Laravel",1001-5000,92863
17,Singapore,Masters,"Java, Java","Laravel, ASP.NET",201-1000,133077
30,USA,Masters,"Go, JavaScript","Angular, Express",201-1000,226654
5,UK,Masters,"Swift, Go","ASP.NET, Django",Nov-50,94677
37,USA,Bachelors,"C++, Rust","Vue, Express",5000+,255208
38,Canada,Masters,"Java, Go","Spring, ASP.NET",51-200,206506
37,Germany,Bachelors,"Java, Swift","Spring, Vue",201-1000,193957
31,USA,Masters,"JavaScript, Java","Express, Django",5000+,228627
28,Japan,Bachelors,"C#, C#","Angular, Flask",10-Jan,160594
37,India,Bachelors,"Swift, Ruby","Angular, Django",201-1000,147375
20,USA,Bachelors,"PHP, C#","React, Laravel",1001-5000,169098
4,India,Bachelors,"Go, Swift","Express, Django",1001-5000,22657
23,Japan,Bachelors,"Ruby, Java","React, Django",10-Jan,117575
24,Germany,Masters,"Go, Go","React, Laravel",201-1000,127396
39,USA,Masters,"Ruby, Rust","ASP.NET, Angular",5000+,264716
29,France,Masters,"Ruby, PHP","Ruby on Rails, Ruby on Rails",5000+,133224
37,Singapore,Masters,"PHP, Swift","Vue, Angular",51-200,167670
21,USA,Bachelors,"Go, Rust","Django, Spring",51-200,174289
38,France,Bachelors,"Swift, Rust","Vue, Flask",5000+,202244
18,UK,Bachelors,"PHP, C#","React, Spring",51-200,122586
4,Germany,Some College,"PHP, C#","Ruby on Rails, Django",1001-5000,71267
10,Japan,Bachelors,"Java, Rust","Laravel, Spring",201-1000,76956
28,Germany,Bachelors,"Java, C#","React, ASP.NET",1001-5000,143553
6,France,Bachelors,"C#, Ruby","Spring, Vue",201-1000,62667
9,India,Bachelors,"JavaScript, Go","Laravel, Vue",Nov-50,47573
35,USA,Masters,"Rust, Swift","Laravel, Laravel",10-Jan,187338
29,Singapore,Bachelors,"PHP, C#","Flask, Spring",10-Jan,129327
14,Germany,Masters,"C#, Java","React, Express",10-Jan,96020
25,India,Masters,"Python, Rust","Django, Ruby on Rails",Nov-50,95479
19,USA,Masters,"Go, Swift","Flask, Flask",5000+,143885
24,Australia,Bachelors,"Java, Swift","Spring, React",5000+,113794
0,USA,Bachelors,"JavaScript, PHP","Laravel, React",10-Jan,78384
35,USA,Bachelors,"Python, Ruby","Laravel, Angular",10-Jan,193559
0,USA,Bachelors,"Java, Ruby","Express, Flask",1001-5000,94010
7,USA,Masters,"PHP, Ruby","Flask, Ruby on Rails",10-Jan,122190
11,Brazil,Bachelors,"Ruby, Java","ASP.NET, React",1001-5000,71940
27,UK,Masters,"PHP, Swift","Ruby on Rails, Angular",1001-5000,161844
25,Germany,PhD,"Python, PHP","Vue, Flask",5000+,140702
21,USA,Masters,"C#, Ruby","Express, Angular",1001-5000,167475
9,India,Masters,"Go, Rust","Spring, Express",5000+,73963
12,UK,Masters,"JavaScript, Java","Ruby on Rails, ASP.NET",1001-5000,117806
7,UK,Masters,"Go, C#","React, Spring",1001-5000,107793
17,UK,Bachelors,"Swift, Swift","Vue, Ruby on Rails",Nov-50,133069
15,USA,Bachelors,"Java, Python","Flask, Ruby on Rails",10-Jan,112024
0,USA,Bachelors,"Rust, C++","Spring, Django",10-Jan,87691
7,USA,Some College,"Python, Go","React, Django",1001-5000,88866
28,Brazil,Bachelors,"JavaScript, Go","Vue, Angular",5000+,120390
5,USA,Masters,"Rust, Swift","React, Ruby on Rails",Nov-50,105374
5,USA,High School,"Python, Java","Spring, Django",1001-5000,110556
23,UK,Masters,"Swift, C++","Express, Express",1001-5000,127084
14,Germany,Bachelors,"Rust, JavaScript","Laravel, Vue",5000+,128442
38,Germany,PhD,"C++, PHP","Express, Vue",5000+,242738
39,Canada,Bachelors,"JavaScript, Rust","React, Flask",Nov-50,199595
32,France,Masters,"PHP, C#","Django, Django",Nov-50,184620
0,UK,Bachelors,"PHP, Swift","Vue, React",Nov-50,65708
35,Singapore,Some College,"C#, Ruby","Ruby on Rails, Spring",1001-5000,180633
8,Brazil,Bachelors,"PHP, C++","Vue, ASP.NET",1001-5000,86939
13,Japan,Masters,"Rust, Rust","Vue, React",10-Jan,85303
40,Canada,Masters,"Python, PHP","Laravel, Flask",201-1000,177255
31,USA,Bachelors,"PHP, Go","Angular, Spring",5000+,180106
21,Australia,Bachelors,"Ruby, Ruby","Laravel, React",1001-5000,132704
4,India,Bachelors,"Go, C++","Ruby on Rails, Flask",51-200,22475
7,Japan,Masters,"C++, Ruby","Ruby on Rails, Vue",51-200,96679
37,USA,Masters,"Java, Java","Django, ASP.NET",201-1000,228463
0,USA,Masters,"Ruby, PHP","Angular, ASP.NET",51-200,81687
2,USA,Masters,"C#, Ruby","Flask, Angular",201-1000,85617
31,Japan,Bachelors,"Python, PHP","Spring, React",Nov-50,152283
16,India,Bachelors,"Rust, Go","ASP.NET, Spring",51-200,51840
20,Australia,Masters,"Swift, Rust","Vue, Django",5000+,118899
13,UK,Bachelors,"Ruby, Rust","Express, React",1001-5000,82564
19,USA,Masters,"Ruby, Swift","Django, Ruby on Rails",51-200,126827
8,USA,Some College,"Java, C#","Angular, Spring",201-1000,102577
5,UK,Bachelors,"Python, JavaScript","Angular, React",1001-5000,86643
3,Germany,High School,"Swift, Java","Ruby on Rails, Spring",201-1000,57165
15,Germany,Bachelors,"PHP, Python","Vue, React",10-Jan,117779
19,USA,Bachelors,"C#, Ruby","Spring, React",Nov-50,157145
2,Australia,PhD,"C++, C++","Ruby on Rails, Vue",1001-5000,90939
17,France,Masters,"Java, Go","ASP.NET, Express",201-1000,121805
25,India,Bachelors,"Ruby, Python","Vue, Angular",51-200,98123
12,India,Masters,"Rust, Go","Ruby on Rails, Spring",5000+,70130
8,USA,Bachelors,"Swift, C#","ASP.NET, Express",201-1000,107152
13,USA,Masters,"Java, Swift","ASP.NET, ASP.NET",5000+,176523
32,India,High School,"Python, C#","Vue, Spring",10-Jan,92485
11,USA,Masters,"Swift, Rust","Express, Ruby on Rails",Nov-50,148982
17,USA,Bachelors,"PHP, JavaScript","React, Angular",Nov-50,159664
6,USA,Bachelors,"Java, Swift","ASP.NET, Laravel",51-200,118331
21,India,Bachelors,"Go, Rust","ASP.NET, Vue",51-200,62984
1,Canada,Some College,"Java, C++","Vue, React",Nov-50,54484
38,USA,Some College,"Rust, PHP","ASP.NET, Spring",10-Jan,207196
30,India,Masters,"Go, Python","Flask, Django",Nov-50,104575
2,USA,PhD,"Ruby, Go","Flask, Express",Nov-50,111466
39,Australia,Bachelors,"Ruby, Go","Angular, ASP.NET",201-1000,136323
23,India,Bachelors,"Rust, PHP","Express, Spring",5000+,106626
28,Australia,Bachelors,"JavaScript, Rust","ASP.NET, Ruby on Rails",10-Jan,109706
16,USA,Masters,"PHP, C#","Laravel, Vue",5000+,175511
31,UK,Some College,"Go, Go","Django, Flask",5000+,180334
34,Singapore,High School,"Swift, Swift","Spring, ASP.NET",201-1000,179231
23,USA,Bachelors,"Rust, PHP","Express, ASP.NET",201-1000,158742
29,Japan,Some College,"Java, Go","Ruby on Rails, Laravel",Nov-50,110014
6,USA,PhD,"Python, Python","Spring, Ruby on Rails",10-Jan,153338
9,Japan,Masters,"C++, JavaScript","React, React",10-Jan,94066
37,UK,Bachelors,"JavaScript, Ruby","Laravel, ASP.NET",1001-5000,199450
12,Australia,Bachelors,"PHP, Go","Flask, Laravel",10-Jan,88680
11,Japan,Bachelors,"Java, Go","Vue, Express",10-Jan,97637
4,UK,Some College,"Go, PHP","Angular, React",10-Jan,82059
12,UK,Bachelors,"C++, Ruby","Express, Vue",10-Jan,80410
27,USA,Bachelors,"Java, C#","ASP.NET, Express",201-1000,150524
22,Brazil,Masters,"Go, Go","Ruby on Rails, Vue",1001-5000,111753
29,USA,Bachelors,"Rust, Rust","Laravel, Express",Nov-50,187022
40,USA,Bachelors,"Python, Ruby","Spring, Spring",Nov-50,224728
22,USA,Bachelors,"PHP, JavaScript","Flask, Angular",5000+,195749
28,France,Some College,"PHP, Java","Django, ASP.NET",201-1000,139785
34,Germany,Masters,"JavaScript, JavaScript","Angular, React",201-1000,186628
23,Australia,Bachelors,"Ruby, C#","Flask, Ruby on Rails",51-200,119673
18,USA,Masters,"PHP, Ruby","React, ASP.NET",201-1000,160701
3,USA,Bachelors,"Rust, Swift","Spring, Vue",51-200,107623
22,USA,Masters,"PHP, Go","Django, Angular",51-200,152894
7,USA,Bachelors,"Rust, Python","ASP.NET, Vue",5000+,138702
19,Australia,Bachelors,"Go, C#","Ruby on Rails, React",51-200,96734
33,UK,Bachelors,"PHP, Ruby","Spring, Laravel",201-1000,190733
38,USA,Bachelors,"Ruby, JavaScript","Angular, Laravel",1001-5000,240121
37,Japan,Bachelors,"Ruby, Go","React, React",1001-5000,140906
8,Canada,Bachelors,"JavaScript, Swift","Vue, Spring",201-1000,88099
23,USA,High School,"PHP, C++","Django, Angular",1001-5000,131418
16,USA,PhD,"PHP, Java","Ruby on Rails, Angular",5000+,140365
5,France,Bachelors,"PHP, C#","ASP.NET, Spring",201-1000,58719
17,USA,High School,"Rust, JavaScript","Vue, ASP.NET",1001-5000,165201
28,India,Bachelors,"Python, Swift","Ruby on Rails, Laravel",5000+,130130
30,Australia,Bachelors,"Rust, C#","ASP.NET, Vue",Nov-50,117910
19,Canada,High School,"C++, PHP","Vue, Ruby on Rails",51-200,124791
37,Canada,Masters,"Java, Swift","Express, Laravel",201-1000,148006
32,USA,PhD,"JavaScript, PHP","React, Django",Nov-50,224798
0,India,Bachelors,"C++, Java","Django, React",201-1000,15995
23,UK,Bachelors,"Java, JavaScript","React, Spring",1001-5000,127267
8,France,Bachelors,"C#, Go","Laravel, Laravel",5000+,84633
38,USA,Bachelors,"Swift, C++","ASP.NET, Ruby on Rails",10-Jan,185521
2,USA,Bachelors,"Rust, Ruby","Django, React",201-1000,113894
34,Australia,Masters,"C#, C#","Ruby on Rails, Express",10-Jan,185429
18,France,Some College,"Swift, Go","Vue, Express",Nov-50,122669
25,Australia,Bachelors,"Go, Swift","Spring, Ruby on Rails",1001-5000,146377
37,Canada,Masters,"Rust, Ruby","ASP.NET, Laravel",Nov-50,193903
31,UK,Bachelors,"PHP, Go","React, Express",51-200,132843
16,Canada,Bachelors,"C++, Ruby","Angular, Vue",201-1000,105273
34,UK,Bachelors,"Ruby, Rust","Express, Flask",Nov-50,187648
37,Canada,Bachelors,"C#, Java","Vue, Vue",5000+,207250
12,Australia,PhD,"Ruby, C#","React, Express",1001-5000,91406
39,France,Masters,"PHP, Python","Laravel, Express",201-1000,182656
10,Canada,Bachelors,"Rust, Swift","Vue, Spring",51-200,104281
27,UK,Some College,"Ruby, Swift","Flask, Vue",10-Jan,147953
1,France,Bachelors,"C++, PHP","Laravel, Express",1001-5000,59869
29,Singapore,Bachelors,"Go, PHP","React, Vue",51-200,124410
35,Singapore,Bachelors,"Python, PHP","Express, Angular",10-Jan,172331
3,USA,PhD,"C++, C#","ASP.NET, Express",Nov-50,130207
15,India,Bachelors,"Rust, Swift","Ruby on Rails, ASP.NET",Nov-50,56973
2,USA,Bachelors,"Python, Python","Spring, Angular",Nov-50,90665
5,India,PhD,"Swift, Java","Vue, Spring",10-Jan,49216
20,USA,Some College,"JavaScript, JavaScript","Spring, React",Nov-50,165908
11,USA,Bachelors,"Python, C++","Vue, Spring",1001-5000,146110
4,USA,Masters,"JavaScript, C++","Ruby on Rails, Django",1001-5000,118750
20,Singapore,Masters,"Ruby, PHP","Angular, Ruby on Rails",5000+,124398
4,India,Bachelors,"C#, Rust","React, Spring",1001-5000,22500
24,USA,Masters,"Go, Python","Angular, Flask",51-200,204826
11,India,Bachelors,"Rust, Java","Ruby on Rails, Vue",1001-5000,48634
13,France,Bachelors,"Go, Rust","Vue, Django",1001-5000,105704
0,Japan,Masters,"JavaScript, C++","Flask, Spring",Nov-50,67820
7,Canada,Masters,"Python, Rust","ASP.NET, Express",10-Jan,91482
2,Germany,Masters,"Go, PHP","Spring, Spring",10-Jan,74774
0,USA,PhD,"Swift, C++","Angular, Express",5000+,129830
7,USA,Masters,"Swift, Swift","ASP.NET, Angular",Nov-50,124853
19,Australia,Masters,"Rust, Java","Ruby on Rails, Express",5000+,108274
17,Brazil,Masters,"Ruby, Java","React, Spring",1001-5000,108961
1,Germany,Bachelors,"JavaScript, Swift","Django, Angular",201-1000,60042
10,Singapore,Some College,"Swift, Swift","ASP.NET, Django",51-200,82696
31,UK,Bachelors,"JavaScript, JavaScript","React, Angular",1001-5000,146908
22,USA,Masters,"PHP, Java","Express, Vue",Nov-50,157593
0,UK,Bachelors,"C++, Java","Ruby on Rails, Angular",51-200,57939
0,Singapore,Bachelors,"JavaScript, Swift","Flask, Django",51-200,47399
20,USA,Bachelors,"Python, Swift","Flask, ASP.NET",1001-5000,121276
24,USA,Masters,"Swift, C#","React, Flask",10-Jan,160762
9,Japan,Masters,"JavaScript, C#","React, Angular",5000+,108630
20,USA,Bachelors,"C#, JavaScript","Vue, Vue",201-1000,136572
23,UK,Masters,"C++, C++","Ruby on Rails, Laravel",1001-5000,121703
1,USA,Some College,"Rust, Ruby","ASP.NET, Spring",1001-5000,92790
21,Brazil,Some College,"PHP, C#","Spring, Laravel",201-1000,99789
27,Germany,Bachelors,"Python, C++","React, ASP.NET",5000+,125198
18,USA,Bachelors,"Ruby, C#","Vue, ASP.NET",201-1000,118711
35,USA,Bachelors,"Swift, JavaScript","Flask, Express",51-200,175805
8,USA,Masters,"Swift, PHP","Flask, Laravel",5000+,165352
33,Germany,Some College,"Swift, Python","Django, Vue",201-1000,145789
24,Japan,Masters,"Swift, Python","Ruby on Rails, Vue",10-Jan,136190
26,USA,Bachelors,"Swift, Java","Flask, Vue",1001-5000,164607
17,UK,Bachelors,"Go, Java","Spring, Angular",10-Jan,95562
4,Germany,Some College,"C++, JavaScript","Angular, Laravel",5000+,76660
21,USA,High School,"C++, PHP","Express, Angular",201-1000,132311
1,UK,Bachelors,"Swift, Java","Ruby on Rails, Laravel",Nov-50,60238
11,Canada,Masters,"Python, Rust","React, Flask",5000+,123897
14,USA,Bachelors,"Swift, C#","ASP.NET, React",5000+,126492
5,USA,Bachelors,"PHP, C#","Spring, ASP.NET",10-Jan,118680
17,UK,Bachelors,"Swift, Rust","Ruby on Rails, ASP.NET",201-1000,101841
23,Germany,Masters,"C#, Swift","Ruby on Rails, Laravel",1001-5000,142969
36,Germany,Bachelors,"Rust, Go","Express, Flask",201-1000,184485
28,USA,Bachelors,"Ruby, Java","Laravel, Laravel",Nov-50,145274
34,Canada,Bachelors,"Python, Ruby","React, Laravel",5000+,158397
33,USA,Bachelors,"Swift, Python","Spring, Express",1001-5000,175387
29,Germany,Some College,"PHP, JavaScript","Flask, Spring",10-Jan,154511
28,Australia,Masters,"Ruby, Swift","Laravel, Django",201-1000,157433
10,France,Bachelors,"Go, Go","Django, Angular",10-Jan,81103
10,Japan,Bachelors,"PHP, C++","React, React",10-Jan,69603
20,Germany,Bachelors,"PHP, Java","Flask, ASP.NET",Nov-50,97691
24,Australia,Bachelors,"Ruby, Swift","React, Express",10-Jan,138421
18,USA,Some College,"Ruby, Go","ASP.NET, Flask",201-1000,170132
23,USA,Masters,"JavaScript, JavaScript","Angular, Vue",5000+,171069
18,UK,Some College,"Python, Rust","React, React",Nov-50,124196
22,USA,PhD,"Rust, Python","Laravel, React",201-1000,199678
5,India,High School,"Ruby, Ruby","ASP.NET, Ruby on Rails",10-Jan,28029
20,USA,Bachelors,"Go, C++","Django, Laravel",51-200,125979
29,India,Bachelors,"PHP, Python","Spring, Vue",1001-5000,104239
0,USA,Masters,"Go, Ruby","Flask, React",1001-5000,117047
30,USA,Masters,"C#, Go","Flask, Laravel",51-200,206389
17,Brazil,Bachelors,"Swift, Rust","Vue, Django",51-200,119034
21,USA,Bachelors,"Ruby, C++","Django, Express",Nov-50,179485
6,USA,Masters,"Python, Swift","React, ASP.NET",51-200,103405
7,USA,Bachelors,"Python, Go","Django, Laravel",5000+,114195
1,Germany,Bachelors,"Rust, PHP","Ruby on Rails, Flask",201-1000,60658
11,USA,Masters,"C++, JavaScript","Flask, Django",1001-5000,124360
37,Canada,Bachelors,"Python, Ruby","Laravel, Vue",1001-5000,195399
27,USA,Bachelors,"Ruby, Swift","Vue, Laravel",1001-5000,175888
35,Germany,Bachelors,"JavaScript, JavaScript","Ruby on Rails, Flask",10-Jan,161532
37,USA,Bachelors,"Ruby, Ruby","Ruby on Rails, Spring",51-200,194264
26,France,Bachelors,"PHP, Java","Spring, Laravel",201-1000,152763
25,Canada,Bachelors,"C#, PHP","ASP.NET, ASP.NET",51-200,144020
30,Canada,Bachelors,"Ruby, Java","Laravel, Flask",5000+,154780
1,USA,Bachelors,"Java, C#","Angular, Flask",5000+,95533
10,Brazil,Bachelors,"C#, C#","Vue, React",201-1000,80478
35,USA,Masters,"Swift, C#","ASP.NET, Flask",1001-5000,170440
27,India,Masters,"Rust, PHP","Express, Angular",10-Jan,88835
20,Canada,Bachelors,"C#, Go","Express, Ruby on Rails",51-200,118408
5,USA,Masters,"Python, Swift","React, Ruby on Rails",1001-5000,94936
17,USA,Bachelors,"PHP, Python","Ruby on Rails, Ruby on Rails",1001-5000,167894
39,USA,Masters,"JavaScript, C++","Express, Angular",1001-5000,211924
38,India,Some College,"PHP, Java","Vue, Express",Nov-50,119969
32,Canada,Masters,"C++, Rust","Express, Angular",Nov-50,193369
35,India,PhD,"Swift, PHP","Ruby on Rails, Express",51-200,128776
17,USA,Bachelors,"Rust, Ruby","Angular, Vue",5000+,148459
40,Canada,Bachelors,"Ruby, PHP","Spring, Flask",201-1000,162020
25,France,Bachelors,"C#, Swift","Flask, Ruby on Rails",10-Jan,149090
38,Germany,Bachelors,"C#, JavaScript","Angular, Vue",1001-5000,151059
32,USA,Bachelors,"PHP, Java","Flask, ASP.NET",10-Jan,217276
32,USA,Masters,"Java, Swift","Django, Vue",1001-5000,178662
19,France,Bachelors,"PHP, Python","Spring, Laravel",1001-5000,123143
26,USA,PhD,"Rust, Go","Spring, Express",51-200,217158
19,USA,Bachelors,"Java, Swift","Laravel, Vue",Nov-50,138810
22,USA,Masters,"Python, JavaScript","Vue, Spring",5000+,200689
33,Canada,Masters,"Rust, Ruby","React, Spring",10-Jan,183472
40,USA,Some College,"C#, Rust","Flask, Django",5000+,262063
32,USA,Bachelors,"Java, Go","Laravel, Vue",10-Jan,194903
36,India,Masters,"C++, JavaScript","Ruby on Rails, Ruby on Rails",Nov-50,117286
13,USA,Bachelors,"PHP, C++","Flask, Angular",201-1000,113351
20,France,Masters,"Java, C#","Flask, Angular",51-200,135419
39,USA,Bachelors,"Swift, PHP","React, Flask",201-1000,202143
1,USA,Bachelors,"Go, Java","Spring, ASP.NET",5000+,96731
7,USA,Bachelors,"Go, Go","Flask, Flask",201-1000,90510
23,UK,Bachelors,"Python, Go","Django, React",201-1000,121925
21,USA,Some College,"Java, Go","Laravel, Angular",51-200,161970
35,Brazil,Bachelors,"Swift, Swift","Express, React",10-Jan,158044
11,Canada,Some College,"PHP, PHP","React, Spring",51-200,97456
40,USA,Some College,"C++, C++","Vue, Flask",201-1000,224073
4,USA,PhD,"PHP, JavaScript","Express, React",51-200,126377
14,Germany,Masters,"Python, Python","Ruby on Rails, React",Nov-50,123550
21,Germany,Masters,"Python, Rust","React, React",Nov-50,153237
16,UK,Some College,"PHP, Ruby","React, Laravel",10-Jan,93343
20,UK,Bachelors,"JavaScript, JavaScript","Vue, Django",10-Jan,109867
3,Canada,Some College,"Ruby, Rust","Flask, Flask",5000+,76592
25,Singapore,Bachelors,"Swift, Python","Flask, Vue",201-1000,125419
19,India,Some College,"Python, C#","Laravel, Express",1001-5000,64184
0,Singapore,Masters,"Ruby, C++","Ruby on Rails, Spring",1001-5000,65417
21,USA,Bachelors,"Rust, Ruby","Spring, Flask",1001-5000,148341
8,Singapore,PhD,"Python, Ruby","Flask, Express",1001-5000,100067
26,USA,Masters,"Python, C#","Vue, Vue",10-Jan,204882
25,Canada,High School,"Python, Java","Express, React",51-200,117577
23,France,Masters,"C++, Swift","Vue, Laravel",1001-5000,106193
23,UK,Masters,"Java, Swift","Vue, Flask",201-1000,165877
8,USA,PhD,"C#, Ruby","Vue, Ruby on Rails",1001-5000,150476
30,Japan,Masters,"Python, Swift","Angular, Vue",10-Jan,132219
14,Brazil,PhD,"Swift, Rust","ASP.NET, ASP.NET",201-1000,120867
28,USA,Bachelors,"Java, C#","React, React",201-1000,140961
3,Germany,Masters,"Java, C#","Flask, Vue",Nov-50,94090
22,UK,PhD,"C#, Python","Angular, Express",201-1000,151288
16,India,Bachelors,"JavaScript, Swift","Spring, Vue",1001-5000,61631
25,USA,Masters,"Java, JavaScript","Spring, Laravel",51-200,195319
11,USA,Masters,"Go, Java","Ruby on Rails, Spring",1001-5000,150525
20,USA,Bachelors,"Rust, Python","ASP.NET, Django",51-200,122037
16,UK,High School,"PHP, Rust","Spring, Flask",51-200,125414
25,USA,Some College,"Rust, Python","Angular, Spring",1001-5000,133108
36,Canada,Some College,"Ruby, Python","React, React",5000+,149264
6,USA,High School,"Swift, Python","ASP.NET, Angular",Nov-50,101509
21,India,Bachelors,"C#, Ruby","React, Laravel",Nov-50,74233
25,USA,PhD,"JavaScript, Go","Flask, Flask",5000+,211323
18,USA,Bachelors,"C++, PHP","Django, Angular",Nov-50,149225
38,Brazil,Bachelors,"Rust, PHP","Ruby on Rails, Spring",51-200,183751
30,USA,Masters,"Go, C#","ASP.NET, Django",1001-5000,166423
3,France,PhD,"C++, Go","Spring, Spring",5000+,83354
20,Canada,Masters,"C#, Java","Django, Vue",51-200,128850
30,UK,Bachelors,"C#, JavaScript","Angular, Ruby on Rails",51-200,178199
17,USA,Bachelors,"JavaScript, Rust","Ruby on Rails, ASP.NET",51-200,132410
24,USA,Bachelors,"JavaScript, C#","React, Spring",5000+,168703
37,USA,Masters,"Python, Python","Spring, ASP.NET",5000+,218651
29,India,Masters,"Go, Swift","Express, Laravel",1001-5000,101361
1,Germany,High School,"Ruby, Swift","Ruby on Rails, Vue",5000+,63207
21,Canada,Masters,"Go, Rust","Spring, Angular",Nov-50,119421
14,Germany,Masters,"Go, JavaScript","Angular, Ruby on Rails",10-Jan,121340
14,USA,Bachelors,"PHP, Ruby","Vue, Angular",Nov-50,124254
9,USA,Bachelors,"Swift, C#","ASP.NET, Spring",1001-5000,126838
24,USA,Bachelors,"JavaScript, Go","React, Django",201-1000,185231
9,USA,Bachelors,"JavaScript, C#","Vue, Spring",51-200,99732
25,Canada,Masters,"Java, C++","Laravel, React",1001-5000,171740
19,Japan,Some College,"JavaScript, C++","Express, React",5000+,143170
35,France,Bachelors,"Ruby, C#","Express, Angular",10-Jan,176085
22,India,Bachelors,"PHP, C++","Express, React",1001-5000,92099
40,Japan,Masters,"PHP, PHP","Flask, Laravel",1001-5000,155109
37,UK,Bachelors,"Java, C#","Ruby on Rails, Ruby on Rails",10-Jan,172077
21,India,Bachelors,"Python, Python","Spring, Django",201-1000,77480
7,USA,Bachelors,"C++, Swift","Vue, Django",1001-5000,117364
28,USA,Bachelors,"Ruby, Ruby","Spring, Flask",201-1000,178560
29,USA,Bachelors,"PHP, Python","Express, Spring",51-200,198807
16,Australia,Bachelors,"Rust, JavaScript","Express, Ruby on Rails",Nov-50,100969
39,India,Bachelors,"Rust, Rust","Vue, Laravel",10-Jan,107158
14,India,Bachelors,"Ruby, Go","Angular, Express",1001-5000,55542
33,India,Bachelors,"Ruby, Go","Angular, Vue",Nov-50,102378
19,USA,Bachelors,"Go, Python","React, Django",51-200,135484
6,USA,Bachelors,"Rust, Python","Django, ASP.NET",5000+,135229
34,UK,Masters,"Ruby, Java","React, Vue",201-1000,167267
15,USA,Masters,"Swift, JavaScript","Express, Spring",Nov-50,119987
4,Germany,Masters,"Swift, Python","Flask, React",201-1000,92035
7,Germany,Some College,"Java, Python","ASP.NET, React",1001-5000,81483
26,USA,Bachelors,"C++, C#","Flask, ASP.NET",1001-5000,139335
13,Canada,Masters,"C#, C#","Angular, Vue",5000+,133975
13,France,Bachelors,"C#, Rust","Laravel, Vue",1001-5000,102502
36,Brazil,Some College,"C++, C#","Django, Ruby on Rails",10-Jan,137194
13,Japan,Bachelors,"JavaScript, Python","Vue, Express",201-1000,102905
5,France,Bachelors,"Python, C++","Laravel, Express",1001-5000,58445
33,Canada,Bachelors,"C#, C#","Laravel, Django",10-Jan,183065
29,USA,Bachelors,"Rust, Go","Ruby on Rails, ASP.NET",Nov-50,176189
13,Germany,Bachelors,"Swift, PHP","Express, Flask",201-1000,117094
7,Japan,Masters,"Go, Go","Spring, Laravel",Nov-50,87826
36,UK,Some College,"PHP, Swift","Django, Angular",1001-5000,190874
31,USA,Bachelors,"Ruby, Ruby","Spring, ASP.NET",10-Jan,152908
3,USA,PhD,"PHP, Rust","Flask, Spring",51-200,116932
14,USA,Masters,"Java, Go","Angular, ASP.NET",201-1000,162284
21,Germany,Bachelors,"Go, Rust","Ruby on Rails, Express",5000+,128722
26,Canada,Bachelors,"Python, Java","Vue, Spring",10-Jan,140668
25,USA,Bachelors,"C++, Go","Angular, Vue",5000+,163302
28,Canada,Masters,"PHP, Rust","Django, Laravel",Nov-50,167026
3,USA,Bachelors,"JavaScript, Swift","Django, ASP.NET",Nov-50,89445
3,USA,Masters,"Swift, Go","Laravel, Angular",10-Jan,112325
38,USA,Masters,"Swift, C#","React, Angular",51-200,247015
27,India,High School,"C#, Python","React, Ruby on Rails",Nov-50,98532
35,Singapore,Some College,"Ruby, C#","Laravel, Express",5000+,160968
21,USA,Bachelors,"Java, Go","Express, Ruby on Rails",1001-5000,131869
3,Germany,Bachelors,"Python, Java","Django, ASP.NET",201-1000,65865
19,USA,Masters,"JavaScript, PHP","Angular, Express",5000+,139402
29,USA,Masters,"Rust, Java","Spring, Express",5000+,184641
7,USA,Bachelors,"JavaScript, Swift","Angular, Django",51-200,104314
39,USA,Masters,"PHP, C#","Spring, Vue",1001-5000,236808
1,USA,Masters,"Go, PHP","Laravel, ASP.NET",10-Jan,108494
18,France,Some College,"PHP, Go","Express, React",51-200,120175
39,USA,Bachelors,"Go, Java","Vue, Ruby on Rails",5000+,190844
12,USA,Bachelors,"JavaScript, Java","Laravel, Express",51-200,138901
33,Australia,High School,"Python, Rust","Express, Flask",1001-5000,164507
0,USA,Some College,"Java, C++","Spring, Laravel",10-Jan,91744
33,UK,Bachelors,"Go, Ruby","Flask, Vue",1001-5000,130393
16,Germany,Bachelors,"Java, Ruby","React, ASP.NET",Nov-50,120981
25,Canada,Bachelors,"Go, Python","Flask, Vue",5000+,148601
10,UK,Bachelors,"Rust, Java","Angular, Django",5000+,93247
4,India,Bachelors,"C#, Swift","Spring, Flask",10-Jan,26405
14,Brazil,Masters,"Java, Ruby","Ruby on Rails, React",5000+,107508
22,USA,Bachelors,"Go, PHP","ASP.NET, Vue",201-1000,146944
10,Canada,High School,"Python, Java","Express, ASP.NET",Nov-50,95804
17,USA,Masters,"Python, PHP","Django, Ruby on Rails",1001-5000,169272
21,UK,Bachelors,"Rust, Rust","Flask, Flask",10-Jan,109992
27,Canada,Bachelors,"Go, Swift","Vue, Express",Nov-50,129617
26,UK,Masters,"C++, C++","Flask, ASP.NET",201-1000,141359
18,USA,PhD,"Swift, Java","ASP.NET, Vue",10-Jan,175615
0,USA,Masters,"Swift, Java","Laravel, Vue",Nov-50,109877
5,France,High School,"Ruby, C++","Flask, Laravel",51-200,61212
25,Canada,Bachelors,"Python, JavaScript","Laravel, Laravel",201-1000,133504
1,USA,Bachelors,"JavaScript, JavaScript","ASP.NET, Vue",10-Jan,76308
5,USA,Bachelors,"Swift, Ruby","Express, Express",5000+,125555
21,USA,Bachelors,"Java, Swift","Django, Flask",5000+,189084
6,USA,Masters,"Python, C#","Django, Django",51-200,124718
12,USA,PhD,"Java, C++","Ruby on Rails, ASP.NET",201-1000,161238
37,France,Bachelors,"Rust, Python","Vue, Django",1001-5000,192539
35,USA,High School,"Ruby, PHP","Ruby on Rails, Laravel",10-Jan,232474
16,Singapore,Some College,"Ruby, JavaScript","Ruby on Rails, React",10-Jan,102412
24,UK,High School,"Go, JavaScript","Django, Express",Nov-50,124412
24,USA,Bachelors,"C++, PHP","Spring, Vue",5000+,190516
19,Brazil,Masters,"JavaScript, C++","Ruby on Rails, Laravel",5000+,107238
25,Canada,Bachelors,"Java, PHP","Django, Express",5000+,136179
2,UK,Bachelors,"Go, Python","Django, Flask",5000+,93854
17,Japan,High School,"Java, Python","Django, Flask",5000+,131351
14,Germany,Bachelors,"PHP, Swift","Angular, Laravel",Nov-50,103602
23,Germany,PhD,"Ruby, Rust","Ruby on Rails, Spring",10-Jan,165827
0,Singapore,Bachelors,"Ruby, Java","Django, Vue",201-1000,48570
31,UK,Bachelors,"Ruby, PHP","Express, Angular",Nov-50,174898
33,Germany,Bachelors,"PHP, PHP","Laravel, Django",Nov-50,142522
18,Canada,High School,"Rust, Python","Angular, Angular",51-200,128673
0,Japan,Masters,"JavaScript, JavaScript","Vue, Vue",51-200,58130
22,USA,Masters,"PHP, Ruby","ASP.NET, Angular",201-1000,178546
30,USA,Bachelors,"Swift, Rust","Express, Express",201-1000,188021
15,USA,Some College,"Rust, PHP","Laravel, Vue",1001-5000,142379
3,India,Bachelors,"Ruby, C++","Express, ASP.NET",1001-5000,27561
3,USA,Bachelors,"Go, Rust","Laravel, Flask",5000+,101956
24,USA,Some College,"Go, Swift","ASP.NET, ASP.NET",201-1000,175545
20,Canada,Bachelors,"Java, Ruby","Angular, Spring",5000+,134264
11,Singapore,Bachelors,"PHP, Java","Django, Ruby on Rails",1001-5000,74018
39,Canada,High School,"JavaScript, Swift","Laravel, ASP.NET",201-1000,165519
31,Australia,Bachelors,"Go, Rust","ASP.NET, Spring",10-Jan,161443
38,USA,Bachelors,"Python, Java","Express, Laravel",201-1000,167318
18,Japan,Masters,"Ruby, Ruby","React, Laravel",5000+,143997
1,USA,Bachelors,"C#, JavaScript","Vue, Express",Nov-50,106995
25,India,High School,"JavaScript, JavaScript","Django, Spring",51-200,95192
0,USA,Masters,"JavaScript, C++","Express, Spring",Nov-50,82979
28,USA,Masters,"C++, JavaScript","Laravel, Express",1001-5000,182884
12,Japan,Bachelors,"Swift, Ruby","React, Flask",10-Jan,80697
6,UK,Bachelors,"Java, Java","React, Spring",1001-5000,89066
12,Canada,Masters,"JavaScript, C++","Express, React",51-200,117532
12,Brazil,Masters,"Swift, Rust","Ruby on Rails, ASP.NET",5000+,118029
31,Australia,High School,"Rust, Swift","Vue, Django",1001-5000,162153
5,India,High School,"Rust, C#","Django, Django",5000+,42494
2,USA,Some College,"Java, PHP","Ruby on Rails, Laravel",Nov-50,85972
27,Germany,PhD,"Swift, JavaScript","Laravel, ASP.NET",51-200,183364
3,Canada,Masters,"JavaScript, Java","React, Django",10-Jan,91436
0,India,Masters,"JavaScript, Go","Ruby on Rails, Vue",1001-5000,23312
5,Brazil,Masters,"Ruby, C++","Flask, Django",5000+,105274
30,USA,Bachelors,"Go, Java","Spring, React",5000+,182546
10,Germany,Bachelors,"Python, Go","React, React",201-1000,80019
20,UK,PhD,"Go, JavaScript","Angular, Ruby on Rails",201-1000,123040
28,Singapore,Bachelors,"Go, Python","Ruby on Rails, Flask",5000+,145541
31,USA,Bachelors,"C#, Rust","ASP.NET, ASP.NET",51-200,172731
14,India,Bachelors,"Java, Go","Laravel, Laravel",1001-5000,64160
36,USA,Masters,"Java, Java","Laravel, Spring",10-Jan,199267
22,USA,Some College,"Rust, PHP","Laravel, Vue",Nov-50,168520
36,UK,Bachelors,"C#, Rust","Ruby on Rails, Laravel",Nov-50,150385
20,Singapore,Masters,"Rust, Java","Django, Express",201-1000,102715
5,Singapore,Masters,"Ruby, Java","React, Express",201-1000,70029
18,India,Bachelors,"Rust, JavaScript","Laravel, Flask",51-200,73601
19,USA,Some College,"C#, Go","Ruby on Rails, Laravel",Nov-50,170010
6,Japan,Bachelors,"Rust, Ruby","React, Ruby on Rails",5000+,95893
26,Germany,Some College,"Rust, C++","React, Laravel",51-200,165024
10,UK,Bachelors,"Ruby, Java","Vue, Flask",1001-5000,88618
24,India,Bachelors,"Ruby, Swift","Flask, Express",Nov-50,94486
19,UK,Masters,"C#, Go","React, Flask",Nov-50,146620
28,Canada,Bachelors,"Rust, PHP","Express, Express",10-Jan,155876
30,USA,Bachelors,"Swift, PHP","React, Spring",201-1000,168815
22,Germany,Bachelors,"Ruby, JavaScript","Django, Flask",5000+,123197
38,USA,Bachelors,"JavaScript, PHP","Express, ASP.NET",51-200,213368
19,France,Bachelors,"Go, C++","ASP.NET, Flask",51-200,111441
31,Brazil,Masters,"C++, C#","Angular, React",1001-5000,154279
16,Canada,Masters,"JavaScript, Rust","Flask, Spring",5000+,148119
39,India,PhD,"JavaScript, Ruby","Flask, Express",5000+,171247
17,India,Bachelors,"Python, JavaScript","Django, Express",1001-5000,67931
38,Germany,Bachelors,"Go, Rust","Vue, ASP.NET",5000+,199966
5,Germany,Masters,"Swift, Python","React, Laravel",51-200,83038
36,USA,Bachelors,"Ruby, C++","Angular, Spring",1001-5000,187667
23,Canada,High School,"C#, Python","ASP.NET, ASP.NET",51-200,115596
2,Singapore,Masters,"Python, Python","Spring, ASP.NET",1001-5000,70434
40,Australia,Masters,"Go, Swift","Vue, Express",201-1000,144867
40,Canada,Masters,"C++, JavaScript","Laravel, Vue",51-200,183450
7,Germany,Bachelors,"C++, Python","React, Ruby on Rails",1001-5000,84212
31,UK,Bachelors,"Rust, JavaScript","React, React",5000+,145951
19,India,Bachelors,"C#, Swift","Vue, Flask",201-1000,85642
5,UK,Masters,"Swift, Python","Spring, Django",Nov-50,91307
12,USA,Masters,"Swift, JavaScript","Express, Angular",51-200,127310
23,USA,Bachelors,"PHP, C#","Flask, Express",51-200,157820
32,India,Masters,"Go, Ruby","Flask, React",10-Jan,144218
4,USA,Masters,"PHP, Swift","Vue, Laravel",Nov-50,95451
21,USA,Masters,"Python, Swift","Angular, Laravel",51-200,151357
25,USA,Bachelors,"Python, Python","Vue, ASP.NET",5000+,197210
3,USA,High School,"JavaScript, Ruby","Express, Laravel",201-1000,115216
12,Singapore,Bachelors,"C#, Java","Ruby on Rails, ASP.NET",5000+,84321
21,India,PhD,"Java, Ruby","Vue, Vue",5000+,121622
38,France,Some College,"C++, Ruby","ASP.NET, Angular",Nov-50,196406
17,Australia,Masters,"PHP, Ruby","Ruby on Rails, React",5000+,144089
29,France,Bachelors,"JavaScript, PHP","Angular, Spring",5000+,179490
6,USA,Masters,"PHP, Ruby","Flask, Laravel",201-1000,101752
8,USA,Masters,"Ruby, PHP","Django, Vue",201-1000,99261
19,Japan,Masters,"PHP, Go","ASP.NET, Angular",Nov-50,118731
35,Germany,Bachelors,"Ruby, JavaScript","Angular, Spring",201-1000,137589
25,UK,Bachelors,"Go, Go","React, Django",Nov-50,160193
11,USA,Masters,"JavaScript, Ruby","Laravel, Django",10-Jan,113487
17,USA,Masters,"JavaScript, Rust","React, Laravel",51-200,127340
8,USA,Masters,"Ruby, Go","Flask, ASP.NET",10-Jan,102244
17,Japan,Bachelors,"Go, C#","Flask, Spring",51-200,109549
31,Canada,Some College,"JavaScript, C#","Express, Angular",1001-5000,167177
5,France,Bachelors,"Rust, PHP","ASP.NET, Vue",5000+,84469
18,USA,Bachelors,"C#, Java","Vue, Django",201-1000,120038
17,Germany,Masters,"Java, Go","Laravel, React",1001-5000,107720
28,Australia,Masters,"C#, Rust","Vue, Django",201-1000,144800
25,USA,Some College,"Python, PHP","Vue, Laravel",1001-5000,144255
26,USA,Bachelors,"Swift, C++","ASP.NET, Spring",Nov-50,155538
6,UK,Bachelors,"Python, Java","Ruby on Rails, React",1001-5000,75459
18,UK,Bachelors,"Rust, Rust","Laravel, Flask",10-Jan,115920
32,Germany,Bachelors,"Python, C++","Ruby on Rails, Ruby on Rails",51-200,129795
15,USA,PhD,"PHP, PHP","Express, Spring",201-1000,131931
21,Canada,Bachelors,"Go, Python","Flask, Flask",1001-5000,110350
1,UK,PhD,"C#, Swift","Django, Django",5000+,95372
7,Australia,PhD,"Rust, Rust","Angular, Spring",Nov-50,107962
38,India,Bachelors,"PHP, Swift","Ruby on Rails, Laravel",1001-5000,115020
35,India,Masters,"C#, Go","Angular, Ruby on Rails",5000+,118718
24,Germany,Masters,"Python, Go","Django, ASP.NET",1001-5000,158861
39,USA,Masters,"Ruby, JavaScript","Flask, Laravel",5000+,204635
14,Australia,Bachelors,"C#, Python","Laravel, Ruby on Rails",51-200,106090
28,USA,Bachelors,"Java, C++","React, Ruby on Rails",5000+,214280
25,Germany,Bachelors,"Ruby, JavaScript","Django, Spring",201-1000,124598
26,Canada,Masters,"PHP, Java","Ruby on Rails, Laravel",1001-5000,156396
9,USA,Masters,"Java, Java","Spring, Vue",201-1000,148945
36,USA,High School,"Java, JavaScript","Laravel, Django",51-200,211568
29,USA,Masters,"PHP, JavaScript","Spring, Django",10-Jan,149793
25,France,PhD,"C#, C#","Vue, Django",10-Jan,140253
15,Brazil,Masters,"C#, PHP","React, Vue",201-1000,106135
16,Japan,Masters,"Ruby, Ruby","Spring, Laravel",1001-5000,125415
37,USA,Bachelors,"JavaScript, JavaScript","ASP.NET, ASP.NET",51-200,202113
10,France,Bachelors,"Python, Swift","Angular, Vue",1001-5000,73976
31,Germany,PhD,"Swift, Java","Flask, Laravel",201-1000,178298
33,USA,Masters,"Python, Swift","Express, Vue",5000+,214856
17,UK,Masters,"PHP, Rust","Spring, ASP.NET",201-1000,135365
38,USA,Bachelors,"Java, C#","Ruby on Rails, Angular",1001-5000,169344
15,USA,Bachelors,"Java, C++","ASP.NET, ASP.NET",Nov-50,140527
2,Canada,Bachelors,"Ruby, C#","Express, Flask",5000+,96368
15,USA,Bachelors,"Java, C++","Django, Spring",1001-5000,124369
6,USA,Bachelors,"Python, Rust","ASP.NET, React",10-Jan,129082
22,USA,High School,"JavaScript, C++","Express, Laravel",10-Jan,171198
34,France,Bachelors,"Rust, Python","Django, Spring",Nov-50,171660
28,Germany,Bachelors,"C++, Java","React, Django",5000+,138658
10,Singapore,Masters,"C#, Ruby","Laravel, Vue",5000+,93898
2,USA,Bachelors,"Python, C++","Angular, Django",51-200,80569
40,India,Masters,"Ruby, Go","Flask, Express",1001-5000,131339
9,Germany,Masters,"JavaScript, Python","React, React",1001-5000,98096
40,France,Bachelors,"Rust, Java","Flask, Laravel",10-Jan,179833
8,USA,Masters,"Rust, Go","Laravel, Django",1001-5000,146008
0,Germany,Masters,"Java, C#","Express, React",51-200,75721
0,USA,Bachelors,"Python, C++","Spring, Laravel",201-1000,84000
40,Japan,Bachelors,"Ruby, Java","Laravel, React",10-Jan,180297
27,USA,Bachelors,"Go, Go","Angular, ASP.NET",5000+,183565
2,Germany,Bachelors,"Swift, Ruby","Vue, React",Nov-50,75845
16,India,Masters,"Rust, Swift","Spring, Spring",10-Jan,58404
32,USA,Some College,"C++, Python","Vue, React",5000+,183774
30,Japan,Bachelors,"Swift, Rust","ASP.NET, Vue",5000+,172582
10,India,PhD,"C#, Python","Ruby on Rails, React",10-Jan,67145
16,India,Bachelors,"Swift, Ruby","Angular, Angular",201-1000,55834
25,Germany,Bachelors,"C#, Python","Angular, Vue",Nov-50,156245
37,USA,Bachelors,"Rust, JavaScript","Spring, ASP.NET",201-1000,214833
24,UK,Masters,"C#, Python","Spring, Flask",10-Jan,149486
12,USA,Bachelors,"Python, Go","React, Flask",201-1000,140972
21,UK,High School,"C#, JavaScript","Vue, Laravel",1001-5000,135420
27,USA,Some College,"PHP, Rust","Flask, Vue",51-200,163953
26,USA,Bachelors,"Ruby, Rust","Angular, Express",Nov-50,154026
7,USA,Some College,"Swift, JavaScript","Laravel, Ruby on Rails",51-200,109722
40,Singapore,Bachelors,"C#, Python","Django, Ruby on Rails",51-200,138922
40,UK,Masters,"Swift, Ruby","ASP.NET, React",51-200,226162
14,USA,High School,"C++, JavaScript","Angular, Laravel",201-1000,142058
3,Brazil,Some College,"C++, C#","Flask, Angular",1001-5000,64260
33,Australia,Masters,"Swift, JavaScript","Laravel, ASP.NET",51-200,127986
5,France,Bachelors,"PHP, PHP","Angular, ASP.NET",1001-5000,65863
5,USA,Masters,"Java, Java","Angular, React",1001-5000,111831
7,Canada,Masters,"C++, Python","Django, Express",51-200,90724
24,USA,PhD,"Python, Java","Ruby on Rails, Laravel",1001-5000,200972
10,Australia,Bachelors,"Python, Ruby","Laravel, Express",5000+,100178
0,UK,Bachelors,"Rust, Rust","React, ASP.NET",Nov-50,51770
5,USA,Masters,"C++, Rust","React, Django",10-Jan,106429
39,UK,Some College,"Ruby, PHP","ASP.NET, Flask",201-1000,185443
7,Australia,Some College,"PHP, C++","Spring, Ruby on Rails",51-200,69286
7,France,Some College,"Python, Go","ASP.NET, Laravel",5000+,84434
40,UK,Masters,"Ruby, Go","ASP.NET, React",5000+,231825
28,Japan,Masters,"Go, Java","ASP.NET, Django",1001-5000,140770
6,USA,Bachelors,"Java, JavaScript","Angular, React",Nov-50,98436
18,Japan,PhD,"JavaScript, Ruby","Vue, Vue",10-Jan,142211
26,France,Bachelors,"Java, Swift","Spring, Angular",1001-5000,120282
34,USA,PhD,"Java, Swift","Laravel, Angular",5000+,225340
33,USA,Masters,"Rust, JavaScript","Angular, Spring",Nov-50,198512
29,Japan,Bachelors,"Ruby, Rust","Angular, Express",10-Jan,128758
16,USA,High School,"Rust, Swift","ASP.NET, Laravel",201-1000,146567
6,USA,Bachelors,"C#, C++","Express, Laravel",1001-5000,89887
1,USA,PhD,"Java, Rust","Ruby on Rails, Spring",51-200,114164
16,UK,Masters,"Rust, Rust","Django, Django",10-Jan,104660
6,Australia,Some College,"C++, Go","Spring, ASP.NET",51-200,72541
22,USA,Bachelors,"Swift, Rust","Laravel, Flask",1001-5000,147933
25,Australia,Masters,"Python, Rust","Express, Flask",1001-5000,156063
23,USA,Bachelors,"Rust, Ruby","React, Flask",1001-5000,180078
16,USA,Masters,"Java, JavaScript","Vue, Vue",201-1000,141325
24,USA,Bachelors,"Java, JavaScript","Express, Ruby on Rails",10-Jan,186523
13,UK,Masters,"Go, C#","Laravel, Spring",1001-5000,126927
32,USA,Masters,"Go, JavaScript","Django, React",51-200,160229
26,UK,High School,"C++, C#","Laravel, Vue",201-1000,132927
2,USA,Some College,"JavaScript, Python","Express, Vue",201-1000,86432
17,USA,Bachelors,"Swift, C++","Express, Angular",Nov-50,112914
40,USA,Some College,"C#, Rust","Django, Angular",10-Jan,169100
26,Australia,Bachelors,"JavaScript, Go","React, Angular",201-1000,141437
33,Japan,Bachelors,"PHP, Ruby","Vue, Flask",201-1000,164260
27,USA,Bachelors,"PHP, PHP","Vue, Ruby on Rails",1001-5000,180314
6,France,Bachelors,"Go, JavaScript","React, Ruby on Rails",10-Jan,61967
39,UK,Bachelors,"C#, PHP","Angular, Flask",10-Jan,144361
27,India,Bachelors,"PHP, Swift","Flask, Angular",5000+,95413
20,USA,Bachelors,"C++, JavaScript","Flask, Vue",201-1000,149067
5,USA,Some College,"JavaScript, Swift","Django, React",1001-5000,106290
25,USA,PhD,"PHP, JavaScript","Spring, Vue",201-1000,213982
18,USA,Bachelors,"C++, C#","Angular, Express",51-200,171449
36,USA,Bachelors,"PHP, C++","Angular, React",Nov-50,192874
38,UK,Bachelors,"C#, PHP","Spring, Spring",201-1000,187662
24,Australia,Bachelors,"Ruby, Ruby","Django, Spring",1001-5000,145823
21,Japan,Bachelors,"C++, C#","Django, Laravel",51-200,110756
9,USA,Bachelors,"Ruby, C#","Angular, Vue",51-200,93608
32,USA,Bachelors,"Ruby, PHP","Laravel, Ruby on Rails",5000+,187500
20,USA,Masters,"Python, Python","Vue, ASP.NET",Nov-50,190741
27,Canada,Bachelors,"JavaScript, C++","Django, Express",201-1000,150522
10,Canada,Bachelors,"Python, Python","ASP.NET, Angular",5000+,112121
3,France,Masters,"Rust, Python","ASP.NET, Express",201-1000,65376
11,Germany,Bachelors,"PHP, Java","ASP.NET, React",10-Jan,103000
22,USA,Bachelors,"Ruby, Swift","Ruby on Rails, ASP.NET",10-Jan,168270
34,USA,Bachelors,"Swift, Python","Flask, Vue",5000+,177260
36,Australia,Bachelors,"JavaScript, Ruby","Laravel, Express",1001-5000,181020
16,Canada,High School,"Java, Go","Flask, Spring",201-1000,101988
33,Singapore,Masters,"Rust, Python","Vue, React",10-Jan,158224
19,Canada,High School,"PHP, C#","React, ASP.NET",5000+,113579
6,Canada,High School,"Swift, Go","Express, Express",Nov-50,85675
4,India,Masters,"Python, Rust","Ruby on Rails, Vue",1001-5000,36638
34,USA,Bachelors,"C#, Python","Vue, Angular",1001-5000,227208
37,USA,Bachelors,"Python, C++","React, Django",201-1000,234432
26,India,Bachelors,"C#, PHP","Django, Spring",1001-5000,87690
28,USA,Masters,"PHP, Swift","Vue, Django",201-1000,202612
27,France,Masters,"Go, JavaScript","Flask, ASP.NET",5000+,137618
39,USA,Bachelors,"Rust, Rust","Laravel, Spring",201-1000,242064
22,Singapore,Bachelors,"PHP, Python","Spring, Laravel",Nov-50,135753
37,Canada,Some College,"JavaScript, Swift","Express, Angular",201-1000,197779
0,USA,PhD,"Python, JavaScript","Vue, Vue",201-1000,127818
21,India,Masters,"C++, Go","Vue, Spring",201-1000,89533
18,Germany,Masters,"Swift, Rust","Angular, React",51-200,148296
21,France,Bachelors,"PHP, Go","Spring, Laravel",201-1000,118732
2,USA,Some College,"JavaScript, Python","Django, Vue",Nov-50,95461
1,UK,Masters,"C#, C++","Spring, React",5000+,92615
17,Canada,High School,"JavaScript, Java","Ruby on Rails, Django",1001-5000,104015
16,USA,Bachelors,"Python, C++","React, Django",Nov-50,165582
33,France,Bachelors,"Java, Java","Flask, Express",10-Jan,142003
1,USA,Some College,"C#, PHP","Spring, Django",10-Jan,80962
33,Germany,High School,"C#, C++","Ruby on Rails, React",Nov-50,128908
8,USA,Some College,"PHP, C#","Vue, Express",201-1000,93715
13,USA,Bachelors,"JavaScript, Go","Laravel, Vue",10-Jan,132238
20,Canada,Bachelors,"Rust, Ruby","Laravel, Express",10-Jan,105722
32,France,Masters,"Swift, Python","Express, Django",51-200,133730
16,Canada,Bachelors,"C#, Go","React, Django",Nov-50,117703
25,USA,Masters,"Rust, Java","ASP.NET, Flask",5000+,188585
17,USA,Bachelors,"Rust, PHP","Ruby on Rails, Flask",51-200,120790
36,USA,Masters,"Swift, Python","Django, Vue",201-1000,233369
1,Brazil,Bachelors,"PHP, Java","ASP.NET, Spring",Nov-50,46338
1,USA,Bachelors,"Rust, PHP","Django, Angular",201-1000,93783
25,India,Masters,"Go, Ruby","Laravel, ASP.NET",5000+,135833
1,Germany,Bachelors,"Python, C++","React, Ruby on Rails",10-Jan,55214
9,Canada,Some College,"C++, C++","Django, ASP.NET",10-Jan,72665
15,UK,Bachelors,"Swift, Python","Express, Spring",1001-5000,84332
15,USA,Bachelors,"Go, Go","Ruby on Rails, Laravel",1001-5000,160225
40,UK,Masters,"C#, Python","ASP.NET, Vue",5000+,187280
9,Australia,Bachelors,"C++, PHP","Flask, Spring",10-Jan,91766
19,UK,Masters,"Swift, C#","React, Spring",Nov-50,124768
15,Canada,Masters,"Ruby, C++","Django, Django",201-1000,134987
1,Japan,Masters,"PHP, PHP","Vue, Flask",51-200,58783
25,USA,Masters,"C#, Swift","ASP.NET, Laravel",Nov-50,180761
2,Canada,Some College,"C#, Java","Angular, Laravel",51-200,78095
3,India,Masters,"JavaScript, Swift","Angular, Spring",10-Jan,37167
3,Australia,Masters,"Python, Go","React, Ruby on Rails",10-Jan,71628
32,Japan,Bachelors,"C#, C++","React, Angular",51-200,132924
5,Canada,High School,"Swift, Ruby","Express, React",10-Jan,68413
37,India,Bachelors,"JavaScript, Python","Flask, Flask",201-1000,110849
22,USA,Bachelors,"Python, C#","ASP.NET, Ruby on Rails",10-Jan,165707
23,Germany,Some College,"Ruby, PHP","Angular, React",1001-5000,109098
32,USA,Bachelors,"Ruby, JavaScript","Ruby on Rails, Express",Nov-50,223160
39,France,Bachelors,"Rust, Go","Ruby on Rails, Laravel",51-200,166159
11,Germany,Bachelors,"JavaScript, Python","Angular, Flask",201-1000,95280
0,Germany,Masters,"Go, PHP","Ruby on Rails, ASP.NET",1001-5000,82803
27,Germany,Bachelors,"Swift, Python","Ruby on Rails, Express",51-200,131568
28,USA,Bachelors,"Swift, C++","React, Angular",51-200,146744
29,India,Bachelors,"Ruby, Rust","Django, Django",51-200,118007
27,Germany,Masters,"Ruby, PHP","ASP.NET, Express",1001-5000,145622
7,USA,Masters,"Rust, Python","ASP.NET, Vue",51-200,120599
25,Australia,Masters,"C#, JavaScript","Flask, Django",Nov-50,134738
15,Brazil,Masters,"Python, Java","Express, React",51-200,88568
22,USA,Bachelors,"Go, Python","Flask, Laravel",10-Jan,178474
33,Japan,Bachelors,"Ruby, Rust","Flask, Vue",51-200,122184
27,UK,Masters,"PHP, PHP","Angular, React",1001-5000,177036
3,USA,Masters,"Java, JavaScript","Spring, ASP.NET",1001-5000,99180
1,USA,PhD,"Ruby, C#","ASP.NET, ASP.NET",51-200,91035
4,USA,PhD,"Swift, Swift","Ruby on Rails, Angular",Nov-50,100720
2,UK,Bachelors,"Go, C#","Angular, Flask",10-Jan,67534
22,USA,Some College,"Go, PHP","Flask, Angular",Nov-50,178609
6,Germany,Bachelors,"Rust, Java","Flask, ASP.NET",1001-5000,63694
36,Japan,Bachelors,"C++, JavaScript","ASP.NET, Laravel",201-1000,129125
2,USA,Bachelors,"Java, Python","Flask, Spring",10-Jan,86469
16,India,Some College,"JavaScript, C++","React, Spring",Nov-50,59577
34,Germany,Bachelors,"C#, C#","Spring, ASP.NET",5000+,165917
21,USA,Masters,"Swift, Rust","Vue, Angular",Nov-50,161016
12,USA,Bachelors,"Java, Java","Laravel, React",Nov-50,123832
8,UK,Masters,"JavaScript, Swift","Laravel, Vue",5000+,99285
5,USA,Bachelors,"Rust, Swift","Angular, Spring",Nov-50,105111
24,Australia,Bachelors,"Swift, Swift","React, Django",5000+,151546
4,UK,Masters,"C#, JavaScript","Vue, Django",51-200,66173
28,Australia,Bachelors,"Swift, C#","Flask, Laravel",201-1000,142900
13,France,Bachelors,"C#, Python","Laravel, React",5000+,92630
40,USA,Some College,"Rust, C#","Django, Ruby on Rails",5000+,261701
20,Singapore,Bachelors,"Ruby, Go","Ruby on Rails, Ruby on Rails",Nov-50,131995
6,Canada,Bachelors,"Java, Java","React, Ruby on Rails",Nov-50,70144
20,Germany,Some College,"Go, C++","Spring, React",10-Jan,110244
7,UK,Masters,"Rust, C#","Ruby on Rails, Django",1001-5000,98341
11,India,Masters,"Swift, Ruby","React, Laravel",Nov-50,68657
18,India,Bachelors,"PHP, Ruby","Laravel, Express",Nov-50,78067
33,UK,Masters,"Go, Ruby","Ruby on Rails, Ruby on Rails",5000+,160912
13,Germany,Masters,"Python, Python","Laravel, Ruby on Rails",10-Jan,111161
39,USA,Bachelors,"C#, C#","Ruby on Rails, Vue",10-Jan,214559
3,India,Bachelors,"JavaScript, PHP","Vue, Ruby on Rails",201-1000,24349
32,UK,Masters,"Go, PHP","Django, Flask",5000+,178452
8,USA,Masters,"C++, JavaScript","Vue, Spring",1001-5000,99488
18,UK,Masters,"Python, Go","React, Laravel",5000+,161039
16,Canada,Some College,"JavaScript, Java","React, Django",10-Jan,115554
17,USA,PhD,"PHP, Go","Laravel, Spring",5000+,208421
12,UK,High School,"C#, Ruby","Express, React",1001-5000,85482
28,France,High School,"JavaScript, Swift","Angular, Spring",1001-5000,117821
3,USA,Bachelors,"Rust, C++","Express, Flask",1001-5000,82365
39,USA,Masters,"Swift, JavaScript","Angular, Spring",1001-5000,192852
28,USA,Masters,"C++, Swift","Vue, Express",201-1000,205829
40,Canada,Bachelors,"C#, PHP","Ruby on Rails, ASP.NET",Nov-50,206550
40,UK,Bachelors,"C++, PHP","React, Ruby on Rails",1001-5000,213793
37,USA,Bachelors,"Go, Python","Spring, Flask",Nov-50,164576
27,Australia,Bachelors,"Swift, C++","Spring, ASP.NET",5000+,145528
19,France,Some College,"JavaScript, C#","Ruby on Rails, Flask",201-1000,119458
35,USA,Bachelors,"Python, Rust","Express, Laravel",Nov-50,184824
25,USA,Bachelors,"Ruby, PHP","ASP.NET, Angular",Nov-50,188120
25,Canada,Bachelors,"Java, Swift","Angular, Django",201-1000,154822
15,Japan,Masters,"Ruby, Swift","ASP.NET, Express",1001-5000,120350
16,Canada,Bachelors,"Java, C#","Express, Spring",201-1000,118308
15,UK,Bachelors,"Python, C++","Laravel, Laravel",1001-5000,88591
29,USA,PhD,"Ruby, C++","React, Vue",5000+,198054
40,UK,Masters,"Java, Swift","Spring, Angular",5000+,177788
6,USA,Some College,"C#, Java","Vue, Express",Nov-50,98338
35,Singapore,Masters,"Rust, Java","Spring, Flask",201-1000,152839
7,Canada,Masters,"PHP, C#","React, Angular",10-Jan,76694
31,France,Bachelors,"Ruby, PHP","Django, ASP.NET",5000+,172547
25,USA,Bachelors,"C++, C#","Laravel, Ruby on Rails",51-200,154508
19,Germany,PhD,"PHP, PHP","Angular, Vue",201-1000,110870
19,France,Masters,"Rust, Java","Angular, Spring",10-Jan,124272
23,India,Bachelors,"C#, Ruby","Vue, Express",10-Jan,75583
16,Germany,Masters,"Swift, PHP","Laravel, ASP.NET",201-1000,131375
26,USA,Masters,"Ruby, Swift","Express, Flask",10-Jan,206542
13,India,Masters,"Java, C++","Laravel, Flask",Nov-50,61943
39,USA,Some College,"C#, Rust","Django, Angular",5000+,260100
37,Canada,Bachelors,"Swift, Java","Vue, Ruby on Rails",5000+,209518
15,USA,Masters,"Ruby, PHP","Flask, Laravel",5000+,173746
2,USA,Masters,"C++, Swift","Vue, Flask",5000+,112099
5,Canada,PhD,"C#, PHP","ASP.NET, Laravel",201-1000,85783
11,USA,Masters,"C++, C++","Express, ASP.NET",Nov-50,154748
23,Canada,Masters,"Swift, Swift","ASP.NET, Vue",201-1000,146582
31,USA,Bachelors,"Go, Swift","Vue, Django",10-Jan,212788
36,Canada,Bachelors,"PHP, Python","Ruby on Rails, ASP.NET",51-200,178582
20,USA,Masters,"PHP, Java","Express, ASP.NET",5000+,191889
4,Germany,Bachelors,"C#, PHP","Express, React",Nov-50,62936
10,UK,Bachelors,"C++, Ruby","Express, Ruby on Rails",5000+,108399
12,Singapore,Masters,"Python, Swift","Laravel, React",1001-5000,86109
13,USA,Masters,"Swift, Go","ASP.NET, ASP.NET",201-1000,154157
32,USA,Bachelors,"Go, C#","Laravel, Angular",51-200,186305
31,USA,Some College,"Ruby, Ruby","Flask, Laravel",5000+,229748
31,USA,Masters,"Rust, C++","Angular, Flask",1001-5000,172837
13,India,Bachelors,"Java, JavaScript","Django, Flask",10-Jan,52046
2,Australia,High School,"C++, Python","Flask, Django",51-200,45295
19,Germany,Masters,"Java, Java","Express, React",1001-5000,110200
4,Germany,Bachelors,"Go, Ruby","React, Ruby on Rails",1001-5000,62424
1,UK,Masters,"Java, Swift","Ruby on Rails, Django",5000+,96222
4,USA,Masters,"JavaScript, C#","Django, ASP.NET",Nov-50,132654
12,India,Masters,"C#, C++","Laravel, Vue",5000+,82694
38,Germany,Bachelors,"PHP, Java","React, Spring",5000+,165967
15,India,Some College,"JavaScript, Java","React, Angular",10-Jan,58275
16,UK,Bachelors,"C++, Swift","Spring, React",Nov-50,120505
1,USA,Bachelors,"Python, Java","React, Spring",201-1000,100808
39,UK,Bachelors,"Python, Rust","Express, Vue",Nov-50,196440
18,UK,Masters,"PHP, Ruby","Spring, Vue",5000+,141183
2,USA,Bachelors,"Go, Go","Express, Express",201-1000,98410
35,France,Bachelors,"PHP, Go","Spring, Angular",10-Jan,153002
26,India,Bachelors,"PHP, PHP","Angular, Express",201-1000,90310
34,Canada,Bachelors,"JavaScript, Go","React, Django",5000+,192324
16,India,Masters,"Rust, Swift","Django, ASP.NET",5000+,73483
8,USA,Bachelors,"Swift, JavaScript","Spring, Django",1001-5000,115573
21,USA,Some College,"PHP, C++","Express, Spring",51-200,183492
21,Singapore,Some College,"Java, JavaScript","Express, Ruby on Rails",201-1000,96743
13,Canada,Masters,"Swift, Go","Angular, Django",Nov-50,129556
37,Australia,Bachelors,"Ruby, JavaScript","Flask, ASP.NET",51-200,142287
37,USA,PhD,"JavaScript, Ruby","Flask, Vue",10-Jan,199006
36,USA,PhD,"Ruby, Swift","Django, Flask",1001-5000,229014
31,UK,Masters,"Rust, C#","Spring, ASP.NET",51-200,168593
27,India,Masters,"Java, Python","Express, Express",51-200,109540
7,France,Masters,"Java, Rust","Angular, Flask",5000+,80979
37,Australia,Bachelors,"Java, PHP","React, Flask",201-1000,189151
39,Japan,Masters,"C++, C++","Laravel, Spring",1001-5000,195897
39,Canada,Masters,"Ruby, Swift","Angular, Ruby on Rails",10-Jan,153277
26,Germany,Masters,"C++, Ruby","ASP.NET, React",Nov-50,164220
13,Brazil,Masters,"Go, Ruby","React, Express",5000+,133631
21,Germany,Masters,"JavaScript, Ruby","Flask, Angular",10-Jan,120835
14,USA,Bachelors,"PHP, Java","ASP.NET, Laravel",51-200,118005
37,USA,Bachelors,"JavaScript, PHP","Flask, Laravel",5000+,178354
29,India,Bachelors,"C#, C#","Express, Laravel",201-1000,116911
10,Australia,Bachelors,"PHP, Rust","Ruby on Rails, Ruby on Rails",1001-5000,77604
16,France,Bachelors,"Ruby, C++","Laravel, Vue",51-200,112829
35,USA,High School,"Go, Go","React, Laravel",201-1000,224415
9,India,Masters,"C++, JavaScript","Spring, Spring",Nov-50,60489
3,UK,Masters,"C++, C#","Angular, Express",201-1000,86541
38,France,Bachelors,"JavaScript, Java","Vue, Django",201-1000,139097
16,Canada,Some College,"Swift, Ruby","React, Vue",5000+,130086
3,USA,Some College,"C++, Swift","Django, Django",5000+,129121
12,USA,PhD,"Go, Python","Vue, ASP.NET",Nov-50,133972
8,USA,Bachelors,"Java, PHP","Ruby on Rails, Express",201-1000,109868
9,USA,Bachelors,"Python, Java","Ruby on Rails, ASP.NET",Nov-50,136248
32,UK,Bachelors,"C++, Swift","Laravel, Angular",5000+,152138
19,Germany,Bachelors,"Java, Ruby","Express, Vue",201-1000,123070
9,Australia,Bachelors,"C++, Java","Angular, ASP.NET",Nov-50,66311
5,Japan,Masters,"JavaScript, C++","ASP.NET, Express",5000+,78402
17,Canada,Bachelors,"Python, PHP","Angular, Django",51-200,100056
13,USA,Bachelors,"Java, C++","Spring, ASP.NET",51-200,151104
16,India,Masters,"Rust, Ruby","React, Ruby on Rails",5000+,105396
36,France,Bachelors,"Swift, Ruby","Spring, Flask",10-Jan,175669
5,Singapore,Some College,"Java, Go","Spring, Laravel",5000+,81685
10,Germany,Bachelors,"C#, Rust","Vue, Vue",10-Jan,107971
5,USA,Bachelors,"JavaScript, C#","Django, Express",10-Jan,92059
21,USA,Bachelors,"JavaScript, JavaScript","Flask, Spring",Nov-50,164028
23,UK,Masters,"Ruby, Ruby","Spring, Django",201-1000,122656
24,Japan,Bachelors,"C++, PHP","Laravel, Flask",51-200,143104
34,USA,Bachelors,"Rust, C#","Express, React",51-200,204542
24,Japan,Bachelors,"PHP, Swift","Vue, ASP.NET",10-Jan,130592
18,India,Masters,"Java, Swift","Laravel, Flask",Nov-50,78629
20,USA,Bachelors,"Rust, Go","Angular, Ruby on Rails",10-Jan,130207
16,Canada,Some College,"PHP, Java","Vue, Flask",5000+,100644
24,UK,Masters,"Rust, Rust","Spring, Angular",1001-5000,134306
29,USA,Some College,"Swift, C#","Spring, Laravel",5000+,182037
7,USA,Bachelors,"Java, C++","Angular, React",1001-5000,95048
25,Australia,Bachelors,"Ruby, C++","React, Vue",10-Jan,133093
20,USA,Bachelors,"JavaScript, PHP","Vue, Express",51-200,145912
40,Germany,Bachelors,"Java, PHP","Angular, Spring",201-1000,190611
31,USA,Bachelors,"Python, Java","ASP.NET, Angular",51-200,212369
37,Canada,Bachelors,"Rust, Go","React, Express",201-1000,139079
37,USA,Bachelors,"C#, Swift","Vue, ASP.NET",51-200,212422
22,USA,Bachelors,"Ruby, Java","Django, Angular",201-1000,145762
0,Canada,Bachelors,"JavaScript, Go","React, Angular",10-Jan,51519
16,India,Some College,"Java, JavaScript","Ruby on Rails, Spring",201-1000,65592
34,USA,Masters,"Swift, Java","Vue, React",1001-5000,190980
23,USA,Bachelors,"PHP, Python","Flask, ASP.NET",201-1000,168482
33,Singapore,Masters,"Python, Rust","React, React",51-200,168508
30,USA,Some College,"Python, Go","ASP.NET, Flask",51-200,207182
30,Germany,Masters,"Ruby, Swift","ASP.NET, Ruby on Rails",Nov-50,171517
15,USA,Some College,"Java, Python","Express, Spring",10-Jan,124879
23,USA,Some College,"Swift, PHP","Flask, Angular",51-200,153721
34,UK,Masters,"Go, C++","Django, Flask",1001-5000,203668
19,Japan,Masters,"Ruby, Ruby","Flask, Laravel",Nov-50,110774
31,UK,Bachelors,"Rust, PHP","Django, Flask",10-Jan,173238
27,USA,Masters,"C++, Java","Vue, Laravel",201-1000,194583
32,Germany,Masters,"Python, Java","Flask, Express",Nov-50,162094
19,Germany,Masters,"C++, Rust","Django, React",5000+,152853
16,UK,Masters,"Java, JavaScript","Vue, Vue",201-1000,129998
29,Singapore,Some College,"Ruby, Swift","Django, ASP.NET",51-200,125117
37,USA,Bachelors,"C++, Rust","ASP.NET, Laravel",5000+,179653
36,Australia,Masters,"PHP, C++","Spring, Django",Nov-50,142404
5,USA,PhD,"Python, Go","ASP.NET, React",1001-5000,113314
6,USA,Some College,"C#, JavaScript","Ruby on Rails, ASP.NET",5000+,145764
20,Germany,Bachelors,"JavaScript, Python","Spring, ASP.NET",10-Jan,111606
24,Germany,Bachelors,"Go, Rust","React, Express",1001-5000,139602
9,Canada,Bachelors,"C#, Rust","Flask, ASP.NET",Nov-50,97411
12,USA,Some College,"Python, Rust","React, Flask",10-Jan,117849
28,UK,Bachelors,"JavaScript, Swift","React, ASP.NET",51-200,115629
38,USA,Some College,"JavaScript, Go","Laravel, Laravel",1001-5000,219683
38,USA,Bachelors,"Swift, C#","Flask, Express",10-Jan,201360
22,France,Masters,"C++, Python","ASP.NET, Django",5000+,151996
36,Canada,Bachelors,"Python, PHP","Ruby on Rails, Express",201-1000,139899
39,India,Bachelors,"Python, Go","React, Vue",Nov-50,154722
17,USA,Bachelors,"C#, Rust","Django, Angular",10-Jan,113829
26,India,Bachelors,"C++, Java","Express, Flask",Nov-50,85223
11,USA,Bachelors,"PHP, Ruby","Django, ASP.NET",51-200,132989
35,India,Bachelors,"Go, PHP","ASP.NET, Django",Nov-50,137476
25,France,Bachelors,"Java, Java","Spring, Vue",1001-5000,116967
7,India,Bachelors,"C++, Swift","Ruby on Rails, Spring",10-Jan,36274
7,India,Masters,"Python, Swift","Angular, React",1001-5000,42821
2,USA,Masters,"C#, PHP","React, Vue",51-200,113239
25,France,Masters,"JavaScript, C#","ASP.NET, Ruby on Rails",Nov-50,142908
39,Canada,Masters,"Java, C#","ASP.NET, Angular",1001-5000,209852
26,USA,Masters,"PHP, Ruby","Spring, Express",1001-5000,188472
0,France,Masters,"C++, Go","ASP.NET, React",51-200,59131
10,India,Masters,"Go, Ruby","ASP.NET, React",201-1000,51402
39,Canada,PhD,"C#, C#","Ruby on Rails, Laravel",51-200,194731
33,Germany,Masters,"JavaScript, JavaScript","Vue, Django",Nov-50,156092
35,UK,Masters,"C++, PHP","Angular, Spring",10-Jan,143839
39,Canada,Bachelors,"Ruby, JavaScript","Express, Spring",Nov-50,142534
5,USA,Bachelors,"C#, C++","Express, Vue",Nov-50,85425
6,USA,Bachelors,"JavaScript, Swift","Spring, Express",201-1000,119085
32,USA,Some College,"Rust, Java","Laravel, Django",10-Jan,216882
27,UK,High School,"PHP, Ruby","Vue, Django",Nov-50,138967
28,USA,Masters,"C++, JavaScript","Flask, Django",51-200,184406
35,India,Bachelors,"Rust, JavaScript","Ruby on Rails, Spring",10-Jan,106671
29,USA,Bachelors,"Ruby, Python","Flask, Ruby on Rails",201-1000,156191
17,Canada,Bachelors,"PHP, Swift","Django, Spring",201-1000,92667
0,Canada,Bachelors,"Rust, JavaScript","Express, Spring",Nov-50,66566
12,USA,High School,"Ruby, Swift","Flask, Spring",Nov-50,141853
21,Germany,PhD,"Swift, Rust","Flask, Laravel",5000+,155644
38,Brazil,Bachelors,"JavaScript, Swift","Ruby on Rails, React",201-1000,155905
26,Germany,Masters,"JavaScript, Rust","Vue, Express",201-1000,165147
24,Germany,Bachelors,"Ruby, Python","React, Angular",51-200,140350
4,India,Bachelors,"PHP, Rust","Spring, Vue",51-200,30485
37,Canada,Bachelors,"JavaScript, Ruby","Ruby on Rails, Express",5000+,185470
12,Germany,Bachelors,"Java, Swift","Angular, Django",10-Jan,108114
18,Australia,PhD,"C++, Python","Spring, Django",5000+,119151
24,Germany,Some College,"Go, C++","Vue, Express",1001-5000,130540
20,Germany,PhD,"JavaScript, Rust","Express, Laravel",201-1000,158033
8,Canada,Bachelors,"C#, Java","Angular, Laravel",201-1000,73853
35,USA,Masters,"PHP, JavaScript","Angular, Django",10-Jan,164044
22,USA,Masters,"Go, Java","Spring, Express",1001-5000,158991
4,Brazil,Bachelors,"C++, Python","Ruby on Rails, Angular",Nov-50,62168
37,USA,Masters,"PHP, Swift","Flask, Vue",1001-5000,195059
11,USA,Bachelors,"Ruby, Java","ASP.NET, Django",201-1000,142909
27,UK,Masters,"Python, PHP","Flask, Flask",10-Jan,170317
37,India,Bachelors,"C++, JavaScript","Express, Django",Nov-50,135165
33,USA,Bachelors,"PHP, Python","Angular, React",201-1000,191362
31,USA,High School,"C++, PHP","Angular, Django",5000+,179252
16,Brazil,Masters,"Rust, Python","Spring, Django",10-Jan,123205
36,USA,Bachelors,"PHP, Python","Express, Laravel",1001-5000,203450
6,Australia,Bachelors,"C#, C#","Angular, Express",1001-5000,72795
30,India,Some College,"C#, JavaScript","Angular, Express",10-Jan,88975
25,UK,Masters,"PHP, Python","Spring, ASP.NET",201-1000,169094
37,USA,Bachelors,"PHP, C++","Express, Angular",51-200,232767
28,France,Masters,"PHP, C#","Express, Express",201-1000,165192
28,UK,Some College,"Swift, Swift","Angular, React",5000+,140382
28,USA,Some College,"Python, Rust","Flask, Vue",201-1000,174085
11,USA,Masters,"Swift, Python","Express, Laravel",10-Jan,107678
38,India,Bachelors,"Go, Python","Spring, Flask",51-200,113035
33,India,Bachelors,"C#, PHP","Spring, Express",1001-5000,130176
25,USA,Bachelors,"Rust, Swift","Laravel, Flask",Nov-50,169242
15,Canada,Some College,"PHP, Rust","Ruby on Rails, Laravel",51-200,107304
35,Australia,Masters,"Java, Rust","Laravel, Flask",Nov-50,165484
22,Australia,Masters,"C++, Swift","Flask, Angular",1001-5000,104813
13,USA,High School,"Ruby, Swift","React, ASP.NET",Nov-50,119433
4,USA,Masters,"C++, C++","Angular, Ruby on Rails",51-200,127427
1,USA,Masters,"C++, Ruby","Ruby on Rails, ASP.NET",5000+,103262
6,USA,Masters,"C#, Go","Spring, Laravel",1001-5000,141077
2,India,Bachelors,"C#, PHP","Laravel, Express",5000+,33119
40,USA,Some College,"C++, Python","Flask, Angular",10-Jan,243356
5,India,PhD,"Go, JavaScript","Spring, Express",Nov-50,52309
11,Japan,Bachelors,"Swift, JavaScript","Ruby on Rails, React",10-Jan,82965
19,USA,Bachelors,"Go, C#","Flask, Django",10-Jan,118350
32,France,Bachelors,"Swift, Java","React, ASP.NET",51-200,132464
36,Canada,Bachelors,"C#, Swift","Spring, React",10-Jan,168516
39,USA,Bachelors,"Rust, Go","Vue, Laravel",5000+,253446
28,Australia,Masters,"JavaScript, Java","Ruby on Rails, Flask",5000+,148409
33,USA,PhD,"Go, C++","Django, ASP.NET",10-Jan,187228
38,UK,Some College,"C#, Swift","Laravel, Spring",51-200,155291
0,USA,Bachelors,"Rust, C++","React, Laravel",10-Jan,105233
38,USA,Bachelors,"Swift, PHP","React, ASP.NET",201-1000,163316
26,USA,Bachelors,"C++, C#","Django, Express",10-Jan,165382
24,USA,Masters,"Rust, Python","React, Vue",1001-5000,160077
17,India,Bachelors,"C#, C++","Laravel, Spring",5000+,65076
10,Australia,Masters,"Go, PHP","Laravel, Spring",Nov-50,106881
24,USA,Bachelors,"C#, JavaScript","Ruby on Rails, Ruby on Rails",5000+,175133
24,USA,Bachelors,"Java, Python","Vue, Flask",201-1000,137372
38,India,Masters,"C#, JavaScript","Django, Laravel",51-200,138831
23,USA,Masters,"C++, PHP","Angular, ASP.NET",10-Jan,185629
11,Canada,Masters,"Ruby, Swift","Vue, Express",10-Jan,82982
18,USA,Masters,"PHP, Java","Express, Flask",10-Jan,165484
13,Australia,Bachelors,"C#, Java","Spring, Flask",Nov-50,74571
32,UK,Some College,"PHP, PHP","Angular, Angular",201-1000,166717
13,USA,Masters,"C++, JavaScript","ASP.NET, Django",10-Jan,119217
17,India,Bachelors,"C++, Java","React, Flask",Nov-50,61833
27,USA,Bachelors,"Ruby, JavaScript","React, Spring",1001-5000,146627
40,Germany,Bachelors,"Rust, Python","Spring, Laravel",Nov-50,179851
29,USA,Bachelors,"Swift, Go","Django, Ruby on Rails",Nov-50,175800
35,Germany,High School,"JavaScript, Swift","ASP.NET, ASP.NET",5000+,159886
14,Canada,Bachelors,"C#, Ruby","React, React",51-200,116654
15,USA,Bachelors,"C#, C#","Laravel, Angular",Nov-50,141097
10,USA,Masters,"Ruby, Go","Angular, Ruby on Rails",201-1000,130022
19,India,Masters,"Java, Python","React, React",10-Jan,73017
1,Canada,Some College,"Rust, Go","ASP.NET, Vue",51-200,70750
2,USA,Bachelors,"Ruby, Python","Flask, React",Nov-50,98640
4,UK,Bachelors,"Swift, Swift","Angular, Spring",Nov-50,68623
39,UK,Bachelors,"C++, JavaScript","Express, Ruby on Rails",51-200,156399
5,France,Bachelors,"Rust, JavaScript","Ruby on Rails, Angular",10-Jan,76376
23,USA,Bachelors,"Python, JavaScript","Flask, React",Nov-50,184709
15,USA,Masters,"Go, JavaScript","Angular, ASP.NET",201-1000,118168
34,Germany,Masters,"PHP, C#","Flask, Laravel",5000+,168483
21,UK,Bachelors,"Swift, Go","Angular, Angular",Nov-50,100396
37,Singapore,Bachelors,"Java, JavaScript","React, Express",5000+,202391
25,Japan,Bachelors,"Java, JavaScript","Flask, Ruby on Rails",1001-5000,127342
33,Canada,Bachelors,"Go, Java","Laravel, Laravel",201-1000,190455
20,USA,Bachelors,"C#, Ruby","Express, Ruby on Rails",Nov-50,164440
35,India,Bachelors,"C#, C++","Ruby on Rails, Ruby on Rails",51-200,120322
40,USA,Bachelors,"PHP, Python","Spring, Angular",Nov-50,217818
6,USA,Bachelors,"PHP, JavaScript","Ruby on Rails, Django",1001-5000,115055
26,Canada,Some College,"Rust, Java","Ruby on Rails, React",5000+,123505
32,USA,PhD,"Swift, Java","Angular, Ruby on Rails",201-1000,173405
26,Australia,Bachelors,"C++, C++","Flask, Ruby on Rails",51-200,124987
36,UK,Bachelors,"Java, Swift","Django, Flask",Nov-50,143943
12,USA,Masters,"Go, Ruby","React, Ruby on Rails",1001-5000,113004
26,USA,Some College,"C#, Python","Angular, React",1001-5000,157531
19,USA,PhD,"Python, Go","Flask, Laravel",10-Jan,169948
3,India,Masters,"JavaScript, Go","Laravel, Spring",51-200,38569
27,UK,Masters,"Go, Python","ASP.NET, Flask",10-Jan,174819
12,UK,Bachelors,"Go, Rust","Express, Laravel",Nov-50,104889
8,USA,Masters,"C++, Java","ASP.NET, Flask",201-1000,102379
7,Brazil,Bachelors,"Rust, Ruby","ASP.NET, Flask",1001-5000,84576
31,France,Bachelors,"Swift, Rust","ASP.NET, Vue",1001-5000,124065
29,India,PhD,"PHP, C++","Django, Django",10-Jan,101236
0,UK,Bachelors,"Go, C++","Angular, Spring",5000+,64209
37,Germany,Bachelors,"Go, Java","Express, Vue",51-200,173412
10,USA,Masters,"Java, C#","Flask, Django",5000+,158840
21,Canada,PhD,"C++, Python","Vue, Vue",5000+,138431
1,Germany,Bachelors,"C#, Rust","Spring, Spring",201-1000,71331
24,UK,Some College,"Swift, Java","Flask, Spring",1001-5000,110565
27,India,Masters,"JavaScript, Go","ASP.NET, React",201-1000,123070
0,Canada,Bachelors,"Java, Swift","Flask, Django",5000+,89501
9,USA,Masters,"C#, C#","Django, Vue",Nov-50,142780
29,Germany,Bachelors,"C++, C++","Laravel, Flask",51-200,140659
35,Singapore,Bachelors,"Go, Rust","Laravel, Angular",5000+,203797
28,USA,PhD,"JavaScript, C#","React, Ruby on Rails",5000+,248551
12,Canada,Masters,"C++, C++","Ruby on Rails, ASP.NET",1001-5000,127191
26,India,Bachelors,"JavaScript, C++","Spring, Spring",51-200,89549
12,USA,Masters,"Swift, Rust","Flask, Ruby on Rails",51-200,152807
14,USA,Bachelors,"PHP, Ruby","Laravel, Ruby on Rails",51-200,154121
35,Germany,Bachelors,"Rust, Go","Spring, Spring",1001-5000,196209
6,Australia,Masters,"JavaScript, JavaScript","Laravel, Django",5000+,102448
37,USA,Some College,"C++, Ruby","Angular, Ruby on Rails",10-Jan,201315
2,Singapore,Bachelors,"Swift, C++","Flask, Vue",10-Jan,51507
28,USA,Some College,"Python, Java","Laravel, Flask",1001-5000,153219
4,India,Bachelors,"C++, Python","Flask, Spring",201-1000,24170
31,India,Bachelors,"PHP, PHP","Flask, Ruby on Rails",5000+,121595
18,UK,Masters,"Python, JavaScript","Spring, Vue",51-200,125501
12,USA,Bachelors,"PHP, PHP","Spring, Laravel",10-Jan,116977
18,USA,Masters,"JavaScript, Go","Angular, Django",5000+,179728
12,Brazil,Bachelors,"PHP, Swift","Vue, Django",1001-5000,98922
25,France,Some College,"Go, PHP","Angular, Ruby on Rails",5000+,130336
20,Germany,Some College,"Rust, Rust","Ruby on Rails, Django",Nov-50,140969
5,Canada,PhD,"Go, JavaScript","Vue, React",51-200,105943
5,Germany,High School,"PHP, PHP","Express, Flask",10-Jan,69384
2,UK,Bachelors,"Ruby, C#","Ruby on Rails, Express",10-Jan,75848
5,Japan,Bachelors,"Swift, Go","Express, Flask",5000+,81889
20,USA,PhD,"C#, C++","Django, Laravel",51-200,153024
22,Germany,Bachelors,"C#, PHP","Django, React",51-200,140393
30,France,Bachelors,"C++, Swift","React, Laravel",5000+,181654
38,USA,Bachelors,"C++, C++","Laravel, Express",10-Jan,224850
26,Germany,PhD,"Go, JavaScript","Express, Django",10-Jan,176509
11,Germany,Bachelors,"JavaScript, Rust","Spring, Django",1001-5000,77371
27,Brazil,Some College,"Swift, Java","Express, Vue",10-Jan,150343
30,UK,Bachelors,"JavaScript, JavaScript","Spring, Laravel",Nov-50,154401
32,Australia,Masters,"Swift, Java","Laravel, Spring",5000+,173901
39,USA,Bachelors,"Python, Java","Vue, Spring",51-200,193707
11,Australia,Bachelors,"Rust, JavaScript","React, React",1001-5000,81442
23,Germany,Some College,"Java, C++","Express, Angular",1001-5000,143354
28,Canada,High School,"C#, C#","Ruby on Rails, Laravel",10-Jan,157049
37,Japan,Masters,"C#, Swift","Express, Vue",201-1000,204718
39,India,High School,"C++, Ruby","Vue, Spring",Nov-50,122062
22,USA,Masters,"Ruby, PHP","Angular, Angular",Nov-50,151455
21,UK,Masters,"JavaScript, Java","Angular, Angular",10-Jan,124971
0,UK,Some College,"Java, Ruby","Angular, Laravel",1001-5000,69129
22,Brazil,Bachelors,"Ruby, Java","Django, ASP.NET",5000+,132502
18,USA,Bachelors,"Ruby, Python","Spring, Flask",5000+,189650
18,USA,High School,"PHP, JavaScript","Angular, React",51-200,144428
8,USA,PhD,"PHP, Ruby","Express, Angular",201-1000,133235
32,USA,Masters,"Java, PHP","Flask, Angular",51-200,176246
11,France,Masters,"PHP, C#","Ruby on Rails, ASP.NET",Nov-50,81623
30,Australia,PhD,"C#, PHP","Laravel, Spring",51-200,161682
39,Germany,Bachelors,"JavaScript, Java","React, Spring",51-200,159275
33,UK,Bachelors,"C#, Swift","React, React",1001-5000,175064
11,India,Masters,"Java, Python","Flask, Laravel",201-1000,55389
19,USA,Bachelors,"Swift, Go","Laravel, Vue",1001-5000,159893
23,USA,High School,"Python, C++","Express, Vue",51-200,187502
37,USA,Bachelors,"PHP, Go","Angular, Angular",10-Jan,238248
38,USA,Some College,"Go, Python","Spring, Django",51-200,201571
26,Germany,Bachelors,"PHP, PHP","Angular, ASP.NET",5000+,123595
9,India,Bachelors,"Java, C++","Ruby on Rails, Ruby on Rails",10-Jan,46695
30,Germany,Bachelors,"JavaScript, PHP","Spring, Flask",201-1000,162429
37,Germany,Bachelors,"Rust, Go","React, Laravel",201-1000,182364
32,Germany,Masters,"Go, PHP","Spring, Angular",51-200,143771
34,Brazil,Masters,"Go, C++","Vue, React",Nov-50,193922
24,India,Bachelors,"Python, Swift","Vue, Spring",201-1000,73234
2,France,Some College,"Python, Go","React, React",Nov-50,51503
16,Canada,High School,"Go, C#","Spring, Ruby on Rails",51-200,103428
18,USA,Masters,"Swift, JavaScript","Spring, ASP.NET",201-1000,132636
22,Australia,Some College,"Ruby, Swift","Vue, Django",201-1000,126608
33,USA,Bachelors,"JavaScript, Java","Vue, Vue",Nov-50,173438
13,India,Bachelors,"JavaScript, Python","ASP.NET, Ruby on Rails",10-Jan,63724
22,Canada,Bachelors,"Go, Ruby","Flask, ASP.NET",5000+,119324
22,India,Bachelors,"Swift, Python","Flask, React",Nov-50,93591
39,USA,Bachelors,"Python, Ruby","ASP.NET, Vue",201-1000,201825
22,India,Masters,"Rust, Python","Spring, Vue",1001-5000,80850
36,Singapore,Bachelors,"Go, Java","Django, Django",5000+,181746
7,Australia,Masters,"PHP, Python","Django, Angular",5000+,79251
27,USA,Bachelors,"C++, Go","Spring, ASP.NET",5000+,213365
19,USA,PhD,"Java, Swift","Spring, Spring",5000+,184891
31,Canada,Masters,"Ruby, Ruby","Laravel, Laravel",5000+,211858
25,Germany,PhD,"C++, Ruby","ASP.NET, Vue",1001-5000,134814
32,USA,Some College,"Go, Ruby","Vue, Express",10-Jan,186137
21,Australia,Masters,"Python, Swift","Django, React",Nov-50,110138
20,France,Masters,"C++, Java","Vue, React",5000+,147586
12,Germany,Bachelors,"PHP, JavaScript","Laravel, Angular",201-1000,92301
17,UK,Some College,"Python, Ruby","Ruby on Rails, Ruby on Rails",10-Jan,123612
25,Germany,Bachelors,"JavaScript, PHP","Express, React",10-Jan,137348
12,USA,Bachelors,"Swift, Java","Ruby on Rails, Vue",51-200,110417
37,USA,Masters,"PHP, JavaScript","Express, Flask",Nov-50,173855
21,USA,High School,"JavaScript, PHP","Django, Django",201-1000,123378
10,USA,Some College,"Swift, Java","Express, Ruby on Rails",201-1000,99635
8,USA,Bachelors,"Ruby, Rust","Flask, ASP.NET",5000+,151770
29,India,Masters,"Swift, PHP","Flask, ASP.NET",51-200,103762
1,USA,Masters,"Python, Python","Flask, React",10-Jan,118422
9,UK,Masters,"JavaScript, Ruby","Django, Vue",5000+,107901
32,Japan,Bachelors,"JavaScript, Java","Flask, Django",201-1000,130218
28,USA,Masters,"Go, JavaScript","Flask, Flask",201-1000,152802
15,UK,PhD,"C++, Rust","ASP.NET, Spring",Nov-50,134794
19,USA,Bachelors,"PHP, Rust","Express, Vue",10-Jan,132718
29,Canada,Some College,"Swift, Go","React, Express",201-1000,155933
38,Canada,Bachelors,"PHP, PHP","Vue, Express",51-200,161725
27,Japan,Some College,"Python, Swift","Flask, Django",51-200,120074
6,Germany,Masters,"Python, Go","React, Laravel",10-Jan,91648
6,UK,Bachelors,"C++, Swift","Laravel, Angular",1001-5000,67740
12,Australia,Masters,"Java, JavaScript","Flask, Angular",5000+,115208
17,UK,Bachelors,"JavaScript, C++","ASP.NET, Spring",5000+,145127
37,Canada,Masters,"Swift, PHP","Flask, React",1001-5000,212102
10,Singapore,Bachelors,"Java, Swift","Express, Angular",10-Jan,76772
4,USA,Bachelors,"JavaScript, Swift","Express, Spring",51-200,106794
34,Canada,Masters,"Rust, PHP","React, Laravel",5000+,213652
6,USA,Masters,"C#, Go","ASP.NET, ASP.NET",5000+,135944
19,Australia,Some College,"Rust, C#","Flask, Ruby on Rails",10-Jan,101114
16,UK,Bachelors,"Ruby, JavaScript","Django, Flask",Nov-50,109921
36,USA,Bachelors,"Ruby, JavaScript","Vue, Vue",5000+,229162
15,USA,Bachelors,"C#, Ruby","Django, Vue",201-1000,135641
30,India,Bachelors,"Java, Python","Angular, Spring",Nov-50,107271
12,USA,Bachelors,"JavaScript, PHP","ASP.NET, Angular",Nov-50,142840
2,USA,Masters,"C++, Go","Laravel, ASP.NET",201-1000,119744
28,Japan,Bachelors,"Python, Go","ASP.NET, Ruby on Rails",201-1000,147665
27,USA,Bachelors,"C#, Rust","Django, Laravel",5000+,163059
6,USA,Masters,"C++, Swift","Ruby on Rails, Angular",Nov-50,104591
31,UK,Masters,"PHP, Go","Express, ASP.NET",201-1000,181189
18,UK,PhD,"Go, Java","Vue, Laravel",51-200,138870
27,UK,Masters,"Python, C#","Spring, Angular",5000+,151545
1,Japan,Masters,"JavaScript, Rust","Vue, Laravel",5000+,66909
22,USA,Bachelors,"Python, Rust","Ruby on Rails, Ruby on Rails",10-Jan,128102
19,France,Bachelors,"Python, JavaScript","Angular, Vue",1001-5000,114727
7,Germany,Bachelors,"Java, Python","React, Express",201-1000,66931
29,Germany,Bachelors,"Rust, Ruby","Angular, Laravel",10-Jan,134808
14,Japan,PhD,"Java, Go","React, ASP.NET",5000+,148690
22,India,Bachelors,"Python, Go","Angular, Django",201-1000,69203
18,Singapore,High School,"Java, Ruby","Spring, Flask",201-1000,118741
8,France,Bachelors,"Swift, C#","Django, React",201-1000,72065
1,Germany,Masters,"JavaScript, Swift","React, Angular",10-Jan,70245
24,Japan,Masters,"C++, Swift","Flask, Spring",Nov-50,143586
28,Brazil,High School,"Rust, Python","Flask, ASP.NET",10-Jan,107465
2,UK,Some College,"C++, Go","Ruby on Rails, Flask",51-200,74730
15,USA,Bachelors,"PHP, PHP","Express, Express",10-Jan,129619
34,UK,Bachelors,"Go, PHP","Flask, Ruby on Rails",10-Jan,163789
5,USA,Bachelors,"Go, Ruby","Ruby on Rails, Express",Nov-50,87191
20,USA,Some College,"Rust, Ruby","Vue, Spring",1001-5000,177275
28,Canada,Masters,"Swift, Rust","Spring, Vue",1001-5000,149197
35,USA,Bachelors,"Java, Swift","Django, React",5000+,180788
16,USA,Masters,"Python, C++","ASP.NET, Vue",Nov-50,125058
37,USA,Bachelors,"JavaScript, Ruby","Django, Vue",1001-5000,184875
8,Canada,Bachelors,"Go, Go","Vue, Laravel",10-Jan,71842
15,Germany,Bachelors,"Java, Go","React, Express",10-Jan,92195
7,Germany,Bachelors,"C++, JavaScript","Laravel, React",10-Jan,71417
24,Germany,High School,"Python, PHP","Flask, Ruby on Rails",51-200,131694
3,Germany,Bachelors,"Go, C++","Flask, ASP.NET",Nov-50,72446
35,India,Masters,"Swift, Java","React, Ruby on Rails",10-Jan,105048
35,India,Bachelors,"Ruby, Go","Ruby on Rails, ASP.NET",Nov-50,104590
31,UK,Bachelors,"Ruby, Python","Flask, Express",5000+,171983
18,USA,Masters,"C#, JavaScript","Express, Angular",51-200,133737
18,USA,Bachelors,"Ruby, Java","React, Ruby on Rails",201-1000,160053
40,Germany,Bachelors,"Rust, Go","Django, Laravel",10-Jan,195857
16,USA,Masters,"PHP, Rust","Django, Laravel",5000+,137428
9,UK,Bachelors,"Go, Ruby","Express, ASP.NET",51-200,78109
33,USA,Bachelors,"PHP, Ruby","ASP.NET, Ruby on Rails",201-1000,190446
12,India,Bachelors,"Swift, Ruby","Flask, Angular",51-200,42350
6,USA,Bachelors,"Go, PHP","Spring, React",1001-5000,94000
22,USA,Masters,"C++, C++","React, Express",10-Jan,197015
16,Brazil,Some College,"Rust, C#","React, Spring",51-200,83777
18,USA,Masters,"C#, Rust","Spring, Ruby on Rails",51-200,138860
34,UK,Bachelors,"PHP, Rust","Laravel, ASP.NET",51-200,193542
18,USA,Masters,"Ruby, Rust","Django, Ruby on Rails",201-1000,129488
18,Japan,Bachelors,"C#, JavaScript","Laravel, Django",51-200,111556
3,USA,Bachelors,"Ruby, JavaScript","Express, Laravel",10-Jan,112704
28,Canada,Bachelors,"Rust, Java","ASP.NET, Express",51-200,135080
29,Japan,Masters,"Rust, JavaScript","React, Flask",5000+,153191
13,Germany,Bachelors,"Go, Swift","Laravel, React",Nov-50,107472
35,USA,Masters,"Rust, Java","React, Spring",5000+,245523
27,USA,Masters,"Java, Rust","Django, Vue",1001-5000,176384
27,India,Masters,"Ruby, C#","Django, Express",5000+,111518
27,India,Masters,"PHP, Python","Vue, Angular",Nov-50,87357
34,Germany,PhD,"C#, Python","React, React",201-1000,158503
39,UK,Bachelors,"PHP, Python","React, Express",10-Jan,186103
22,India,Bachelors,"JavaScript, Swift","Vue, Flask",10-Jan,93769
39,Japan,Some College,"Java, PHP","Angular, Express",51-200,151181
21,Australia,PhD,"C++, Rust","ASP.NET, Ruby on Rails",51-200,136415
33,India,PhD,"C++, C#","Django, ASP.NET",1001-5000,119110
38,Canada,Masters,"C++, Rust","Angular, Express",51-200,178794
32,Australia,Masters,"C++, Rust","ASP.NET, Angular",Nov-50,126606
35,Germany,Bachelors,"Python, C++","Express, ASP.NET",10-Jan,150246
2,France,Masters,"JavaScript, PHP","Laravel, Laravel",5000+,86930
18,Canada,Masters,"Rust, JavaScript","Vue, Angular",Nov-50,131080
34,Brazil,Bachelors,"PHP, Swift","Spring, Angular",Nov-50,138365
22,USA,Bachelors,"Go, Python","Angular, Express",51-200,150972
2,UK,Bachelors,"C#, Swift","Laravel, Vue",201-1000,73892
7,UK,High School,"Rust, JavaScript","Spring, React",201-1000,66075
38,India,Bachelors,"Java, Ruby","React, Ruby on Rails",201-1000,129530
7,Canada,Bachelors,"PHP, JavaScript","Laravel, Vue",Nov-50,73156
12,India,Masters,"JavaScript, C#","Angular, Django",5000+,69159
24,Germany,Bachelors,"Java, JavaScript","React, Angular",1001-5000,140201
5,USA,Bachelors,"JavaScript, C++","Flask, React",Nov-50,111999
1,Canada,Bachelors,"Python, JavaScript","Ruby on Rails, Flask",51-200,56640
33,UK,Bachelors,"C++, JavaScript","Ruby on Rails, Flask",10-Jan,155091
27,France,Bachelors,"JavaScript, Go","ASP.NET, Laravel",Nov-50,143384
1,UK,Bachelors,"C++, Java","Angular, React",201-1000,63434
39,USA,Bachelors,"JavaScript, Java","React, Vue",51-200,197784
30,USA,Bachelors,"Rust, Rust","Angular, Ruby on Rails",201-1000,162808
9,USA,Bachelors,"JavaScript, Java","Django, ASP.NET",51-200,133609
15,France,Masters,"Python, Ruby","Vue, Express",51-200,109506
21,India,Bachelors,"C#, PHP","Vue, Spring",1001-5000,81144
11,USA,Bachelors,"Python, Go","Ruby on Rails, Ruby on Rails",201-1000,109122
4,India,Masters,"PHP, C++","Spring, Django",1001-5000,38633
35,Canada,Bachelors,"C++, Java","Vue, Vue",201-1000,194282
23,France,Bachelors,"C#, JavaScript","React, Ruby on Rails",Nov-50,131596
36,India,Bachelors,"PHP, JavaScript","Flask, Ruby on Rails",201-1000,124639
15,France,High School,"PHP, Python","Flask, Ruby on Rails",1001-5000,103582
33,USA,Bachelors,"Java, Ruby","Flask, React",5000+,169605
6,Singapore,Bachelors,"C#, Go","Vue, Laravel",1001-5000,69199
31,France,Masters,"PHP, Ruby","React, Django",201-1000,175211
15,USA,Masters,"Go, Ruby","Vue, Django",5000+,164395
27,Canada,Some College,"JavaScript, Java","Flask, ASP.NET",Nov-50,159747
19,USA,Some College,"JavaScript, JavaScript","Django, React",5000+,176112
4,USA,High School,"Swift, Java","Spring, ASP.NET",51-200,84399
8,USA,Bachelors,"C++, Swift","React, Vue",201-1000,91867
33,USA,Bachelors,"Swift, Java","ASP.NET, Django",10-Jan,160505
2,India,Bachelors,"C++, PHP","Flask, Django",10-Jan,19843
32,USA,Some College,"PHP, Ruby","React, Express",201-1000,219590
25,USA,PhD,"PHP, PHP","Express, Spring",5000+,195646
16,Canada,Bachelors,"Python, PHP","Django, React",5000+,139373
38,USA,Masters,"Ruby, PHP","Angular, Laravel",Nov-50,183307
12,Germany,PhD,"C#, Java","Flask, Vue",201-1000,98914
15,France,Bachelors,"Java, Go","Express, Laravel",5000+,96200
1,USA,Bachelors,"Java, C++","Vue, ASP.NET",Nov-50,77304
7,Germany,Masters,"Python, C++","Ruby on Rails, ASP.NET",10-Jan,74815
35,USA,Bachelors,"Swift, Ruby","ASP.NET, Ruby on Rails",201-1000,157809
34,India,PhD,"PHP, Swift","Angular, Spring",10-Jan,124789
35,USA,Masters,"C#, Swift","Express, Angular",201-1000,165075
16,Canada,Bachelors,"C#, Swift","Flask, Express",201-1000,129323
2,Brazil,Masters,"Rust, C#","Flask, Laravel",Nov-50,59983
8,Germany,Bachelors,"C++, Java","Express, Angular",1001-5000,74244
4,USA,Bachelors,"Ruby, C#","Flask, Django",Nov-50,93770
10,USA,Masters,"Rust, PHP","Express, Ruby on Rails",5000+,145315
35,UK,Bachelors,"Python, Rust","Ruby on Rails, Django",51-200,139612
35,Germany,Bachelors,"Ruby, Rust","Express, Vue",5000+,149278
7,Canada,Masters,"Go, JavaScript","Laravel, Angular",5000+,96247
38,UK,Bachelors,"C#, Go","Spring, Laravel",1001-5000,204457
25,Brazil,Bachelors,"JavaScript, Java","Laravel, Laravel",201-1000,103572
4,India,Some College,"Go, Swift","Express, Angular",5000+,37548
22,Japan,Some College,"Swift, Swift","Spring, React",51-200,113498
37,USA,Bachelors,"C++, JavaScript","Laravel, Django",51-200,226249
9,France,Some College,"Swift, JavaScript","Flask, React",51-200,90328
10,Canada,Bachelors,"Go, C#","Laravel, Vue",5000+,85296
25,Canada,Bachelors,"C++, Go","Angular, Spring",51-200,156950
33,USA,Bachelors,"Swift, Ruby","Ruby on Rails, ASP.NET",51-200,205448
17,Canada,Bachelors,"Swift, Java","Vue, Vue",5000+,116767
32,USA,Bachelors,"Go, Rust","Spring, React",10-Jan,215115
12,Canada,Bachelors,"Java, Rust","Django, Ruby on Rails",51-200,94749
14,USA,Bachelors,"Java, Go","React, React",51-200,145611
16,India,Bachelors,"Ruby, Go","Vue, Django",5000+,78396
13,USA,Bachelors,"Rust, Swift","ASP.NET, ASP.NET",1001-5000,121659
26,Canada,High School,"Java, Swift","ASP.NET, ASP.NET",51-200,142756
36,Australia,Some College,"Swift, Rust","Ruby on Rails, Vue",51-200,145267
26,USA,Bachelors,"PHP, Rust","Flask, ASP.NET",5000+,168544
24,USA,Bachelors,"Python, PHP","Ruby on Rails, Flask",201-1000,187064
5,USA,Masters,"Ruby, Ruby","Flask, Ruby on Rails",51-200,93930
6,USA,Masters,"Swift, Swift","Flask, React",10-Jan,104969
27,Canada,Bachelors,"JavaScript, Python","Django, Flask",1001-5000,118152
20,UK,Bachelors,"Rust, Python","Ruby on Rails, Django",Nov-50,132938
37,Germany,Masters,"PHP, Python","Laravel, Django",201-1000,161425
30,Canada,Masters,"Python, C++","Vue, Flask",Nov-50,133755
27,USA,Masters,"Rust, Rust","Laravel, Spring",5000+,181255
39,UK,Bachelors,"Swift, Go","ASP.NET, Ruby on Rails",Nov-50,169763
22,Singapore,Bachelors,"Python, JavaScript","Flask, Express",Nov-50,98347
32,India,Masters,"C++, C++","Angular, Flask",201-1000,113331
5,India,Bachelors,"Swift, PHP","Express, ASP.NET",51-200,25425
15,USA,Bachelors,"JavaScript, C++","Ruby on Rails, Vue",10-Jan,135233
37,Canada,Some College,"JavaScript, JavaScript","Express, React",1001-5000,158477
2,UK,Masters,"JavaScript, JavaScript","Spring, Spring",5000+,77803
9,Singapore,Masters,"PHP, Rust","ASP.NET, Django",51-200,76959
13,Japan,Some College,"C#, Ruby","Ruby on Rails, Vue",Nov-50,75831
33,USA,PhD,"PHP, Go","Ruby on Rails, Angular",10-Jan,185872
30,India,Masters,"Go, Swift","ASP.NET, Vue",5000+,121607
18,Canada,Some College,"Ruby, C#","ASP.NET, Spring",Nov-50,101737
10,Canada,Masters,"Swift, Ruby","Django, Vue",Nov-50,87762
34,Germany,Bachelors,"Java, Python","Flask, Django",1001-5000,162600
37,USA,Masters,"JavaScript, Python","Laravel, Django",1001-5000,210713
3,USA,Masters,"Java, Swift","Spring, Vue",201-1000,118663
29,Germany,Bachelors,"C++, C#","Vue, Laravel",Nov-50,124348
13,France,Bachelors,"Swift, C++","React, Laravel",201-1000,71607
13,USA,High School,"Python, Go","Flask, Express",201-1000,109832
16,Japan,Bachelors,"C#, C#","ASP.NET, Spring",51-200,107970
33,UK,High School,"C++, Go","Spring, Express",1001-5000,137975
22,USA,Bachelors,"Swift, Java","Spring, Django",201-1000,127657
35,India,Bachelors,"PHP, Swift","Angular, Ruby on Rails",1001-5000,105810
8,Canada,High School,"Swift, Python","Django, Spring",201-1000,92277
35,Singapore,High School,"C#, Java","Ruby on Rails, Laravel",5000+,175710
30,USA,Masters,"Swift, Java","Flask, ASP.NET",51-200,220220
37,USA,Masters,"Go, Rust","Laravel, Vue",5000+,191191
28,UK,Masters,"Swift, Ruby","Flask, ASP.NET",5000+,147192
27,USA,Bachelors,"Rust, C++","Flask, Django",51-200,190169
16,USA,Bachelors,"Python, Rust","Ruby on Rails, Express",5000+,155436
36,France,Masters,"C#, JavaScript","Vue, Vue",51-200,181554
24,USA,Bachelors,"Swift, Swift","React, Spring",Nov-50,157649
35,USA,Some College,"C#, Swift","Angular, Ruby on Rails",Nov-50,160605
7,Germany,Bachelors,"Ruby, C#","Express, Ruby on Rails",201-1000,94121
38,Brazil,Bachelors,"Rust, PHP","Vue, Angular",5000+,212539
32,Canada,Bachelors,"Ruby, JavaScript","Vue, Express",5000+,176348
2,USA,Bachelors,"C++, Rust","Spring, Express",5000+,117568
30,USA,Bachelors,"PHP, Rust","Ruby on Rails, Vue",5000+,180360
10,Singapore,Some College,"JavaScript, JavaScript","Laravel, Spring",1001-5000,76260
13,USA,Bachelors,"Python, PHP","ASP.NET, Flask",10-Jan,139727
30,USA,Bachelors,"Python, PHP","Angular, Express",Nov-50,189386
36,Germany,Bachelors,"Python, C++","Django, Flask",Nov-50,138699
40,Japan,Bachelors,"Python, PHP","Angular, React",201-1000,175263
27,USA,Bachelors,"Python, Java","Angular, Spring",201-1000,167760
18,USA,PhD,"PHP, Ruby","Express, Ruby on Rails",5000+,204732
23,USA,Bachelors,"Python, Python","Ruby on Rails, Laravel",201-1000,128128
13,UK,High School,"Swift, PHP","Flask, Vue",10-Jan,111970
31,USA,Bachelors,"Swift, Python","Spring, Angular",1001-5000,199749
25,Japan,Bachelors,"Go, Go","Spring, Vue",10-Jan,101768
28,France,Bachelors,"Java, Ruby","React, React",10-Jan,141151
31,Canada,Bachelors,"Ruby, Swift","Spring, Angular",1001-5000,180105
38,Germany,Masters,"C++, Java","ASP.NET, Vue",Nov-50,171695
16,Australia,Bachelors,"C++, Go","Angular, Django",10-Jan,91719
39,USA,Masters,"Go, Ruby","React, ASP.NET",5000+,256112
25,Australia,Bachelors,"Swift, C++","Django, Laravel",Nov-50,102114
14,USA,Bachelors,"Go, Python","Ruby on Rails, Angular",201-1000,122894
33,USA,Bachelors,"C#, Swift","Angular, Flask",1001-5000,178557
28,USA,Masters,"C#, Rust","ASP.NET, React",1001-5000,169813
34,USA,Bachelors,"Swift, JavaScript","Flask, Spring",10-Jan,194565
27,USA,Bachelors,"Go, PHP","Spring, Laravel",Nov-50,199910
1,India,Masters,"PHP, Java","Vue, Angular",Nov-50,29119
16,USA,Bachelors,"Swift, Swift","Flask, Spring",201-1000,130659
15,France,High School,"PHP, Java","ASP.NET, Django",Nov-50,78789
28,Canada,Bachelors,"Java, C++","Laravel, React",51-200,159191
9,UK,Bachelors,"JavaScript, C++","Angular, React",10-Jan,83460
10,Australia,Bachelors,"C++, Swift","Laravel, Spring",5000+,103302
8,France,Some College,"C#, Python","Express, Flask",51-200,72390
24,USA,Bachelors,"PHP, C++","Angular, Ruby on Rails",201-1000,130313
14,USA,Masters,"C#, C#","Django, Spring",51-200,142763
32,USA,Masters,"JavaScript, C++","Express, Spring",5000+,249131
38,USA,Masters,"Java, Rust","Laravel, ASP.NET",1001-5000,248932
37,France,PhD,"Swift, C#","Flask, Laravel",5000+,201532
17,USA,Bachelors,"JavaScript, C#","Flask, Laravel",1001-5000,124977
39,USA,Bachelors,"C++, C++","Express, Ruby on Rails",51-200,208784
6,UK,Some College,"Ruby, JavaScript","ASP.NET, React",10-Jan,81619
33,USA,Bachelors,"C++, Go","ASP.NET, Angular",201-1000,157776
16,India,Bachelors,"PHP, C++","Django, Angular",1001-5000,63999
22,USA,Bachelors,"Ruby, Ruby","React, ASP.NET",201-1000,138827
13,UK,Some College,"Swift, Rust","React, Vue",10-Jan,84068
11,Brazil,Bachelors,"Ruby, JavaScript","Flask, Ruby on Rails",201-1000,77090
24,Canada,Masters,"PHP, C#","Express, ASP.NET",10-Jan,152570
29,USA,Masters,"Swift, Go","Flask, Express",201-1000,170889
3,USA,Masters,"Ruby, Go","Vue, Spring",51-200,118535
27,USA,Some College,"Ruby, PHP","React, Vue",51-200,202732
2,USA,Bachelors,"Java, JavaScript","ASP.NET, React",10-Jan,101079
9,Canada,Masters,"JavaScript, PHP","Express, Django",Nov-50,89153
26,Japan,Masters,"Go, Python","ASP.NET, Angular",5000+,172827
27,UK,Bachelors,"Rust, Swift","React, React",51-200,151023
0,Germany,Masters,"C#, Ruby","Flask, ASP.NET",51-200,65207
0,USA,Bachelors,"JavaScript, C++","Angular, Laravel",1001-5000,106743
25,USA,Bachelors,"PHP, Java","React, Spring",5000+,165781
19,Germany,Some College,"C#, Ruby","Flask, Laravel",10-Jan,95504
18,USA,PhD,"JavaScript, JavaScript","ASP.NET, React",10-Jan,157867
11,India,Bachelors,"Java, Swift","Laravel, Spring",5000+,72116
20,USA,Masters,"PHP, Swift","Vue, Express",10-Jan,183477
15,USA,Bachelors,"JavaScript, PHP","Laravel, ASP.NET",201-1000,124428
29,USA,Bachelors,"C#, Rust","Express, Vue",10-Jan,175183
2,Japan,Bachelors,"Go, C++","Flask, Angular",201-1000,65537
0,India,Bachelors,"PHP, Go","Django, Angular",51-200,14285
14,India,Masters,"Python, Ruby","React, ASP.NET",5000+,87800
10,Australia,Bachelors,"Ruby, Ruby","Ruby on Rails, Ruby on Rails",10-Jan,66552
20,USA,Bachelors,"Java, Ruby","Laravel, Laravel",51-200,125482
25,USA,High School,"Go, PHP","Vue, Flask",10-Jan,163213
31,UK,PhD,"Ruby, C#","Angular, Express",Nov-50,152483
36,France,Bachelors,"Rust, Swift","React, Angular",10-Jan,160159
17,USA,Bachelors,"Java, C++","React, ASP.NET",1001-5000,163218
35,Japan,Masters,"Swift, Swift","Spring, Django",51-200,159078
29,UK,Masters,"C++, Ruby","Angular, Flask",1001-5000,162476
37,Singapore,Bachelors,"Swift, Ruby","Django, Spring",5000+,172117
10,Canada,PhD,"C#, C#","Django, React",1001-5000,91952
4,USA,Bachelors,"Rust, C++","Express, Spring",10-Jan,82579
9,USA,Bachelors,"Java, Java","Express, Angular",5000+,105653
5,USA,PhD,"Swift, PHP","Flask, Flask",5000+,154272
4,UK,Some College,"C#, JavaScript","Express, Ruby on Rails",5000+,75682
21,Canada,Masters,"Ruby, Ruby","Vue, Flask",201-1000,134969
28,France,Bachelors,"Swift, PHP","Angular, Laravel",201-1000,114844
12,Australia,Bachelors,"PHP, PHP","Spring, ASP.NET",5000+,96206
37,Germany,Bachelors,"Java, Ruby","React, Angular",51-200,146843
31,Brazil,Bachelors,"JavaScript, Swift","ASP.NET, React",51-200,162940
11,Japan,Masters,"Go, C++","Flask, Laravel",5000+,111497
32,Germany,Bachelors,"Ruby, Java","Flask, ASP.NET",Nov-50,169209
13,India,Masters,"C++, Swift","React, Spring",1001-5000,58677
20,USA,Masters,"Go, C++","React, Flask",1001-5000,188038
26,Germany,Masters,"Swift, Ruby","ASP.NET, Ruby on Rails",1001-5000,151362
5,Germany,Bachelors,"Go, Swift","ASP.NET, Spring",10-Jan,62912
33,USA,Bachelors,"Go, C#","Flask, Ruby on Rails",201-1000,195260
40,USA,Bachelors,"Go, Go","Flask, Django",10-Jan,172275
39,UK,Bachelors,"Rust, Swift","React, Angular",10-Jan,206658
4,USA,Bachelors,"PHP, Python","Express, ASP.NET",5000+,126917
26,Australia,Bachelors,"PHP, Swift","Flask, React",1001-5000,120660
22,USA,Masters,"JavaScript, Python","Laravel, Flask",Nov-50,190688
38,Germany,Bachelors,"Rust, C++","React, Vue",5000+,189307
23,UK,Masters,"Java, Python","Django, ASP.NET",201-1000,114431
6,Brazil,High School,"C#, Java","Angular, Angular",51-200,60834
17,USA,Masters,"Python, Python","React, Django",5000+,171091
7,USA,Bachelors,"Python, JavaScript","ASP.NET, ASP.NET",201-1000,97022
29,UK,Masters,"JavaScript, C#","Laravel, Django",51-200,187374
23,Australia,Bachelors,"Python, C++","Flask, Spring",10-Jan,107048
9,USA,Bachelors,"C#, Go","Flask, Flask",Nov-50,107075
30,UK,Some College,"JavaScript, Java","ASP.NET, Ruby on Rails",10-Jan,124917
38,USA,Bachelors,"C#, C#","Vue, Angular",10-Jan,196962
23,UK,Some College,"Swift, JavaScript","Laravel, Vue",5000+,124598
28,Japan,Bachelors,"C++, PHP","Vue, Spring",10-Jan,140578
7,Germany,High School,"Rust, Rust","Django, Laravel",1001-5000,67239
15,UK,Bachelors,"Java, Go","Ruby on Rails, Django",10-Jan,124885
23,USA,Masters,"Swift, Ruby","Laravel, Flask",5000+,165891
33,India,Bachelors,"C++, Ruby","Angular, Ruby on Rails",51-200,135968
36,USA,Bachelors,"Ruby, C++","React, Laravel",51-200,198757
6,India,Bachelors,"JavaScript, C++","React, Vue",201-1000,26889
3,France,High School,"Ruby, PHP","Django, Django",5000+,69377
23,UK,Masters,"Swift, PHP","Vue, Vue",10-Jan,151997
31,USA,Bachelors,"Swift, Python","Express, Spring",10-Jan,152338
3,Germany,Bachelors,"Ruby, JavaScript","React, ASP.NET",5000+,97675
6,USA,Masters,"Ruby, Ruby","Flask, ASP.NET",Nov-50,129674
29,France,Some College,"Swift, Swift","Flask, Flask",Nov-50,162898
3,UK,Bachelors,"Ruby, C++","Ruby on Rails, Spring",201-1000,73047
18,France,Some College,"JavaScript, C#","Vue, Vue",51-200,117005
19,France,Masters,"Swift, Python","Express, Angular",201-1000,127952
35,UK,Bachelors,"Ruby, Rust","Express, Angular",1001-5000,145794
18,USA,Bachelors,"JavaScript, C++","Angular, Spring",5000+,183203
38,USA,Masters,"Python, Ruby","Ruby on Rails, Ruby on Rails",10-Jan,246445
18,USA,Bachelors,"Swift, JavaScript","Laravel, React",10-Jan,157689
0,USA,Bachelors,"Java, C#","Laravel, Express",5000+,90428
28,Canada,Masters,"Go, Python","Flask, Ruby on Rails",5000+,191268
17,Germany,High School,"PHP, Ruby","Django, Ruby on Rails",5000+,143498
5,UK,Some College,"Rust, Rust","Ruby on Rails, Ruby on Rails",5000+,72046
29,USA,Masters,"Java, Rust","Express, Spring",201-1000,198111
11,USA,Masters,"Java, C#","Django, React",201-1000,142985
0,France,Bachelors,"Python, PHP","React, Vue",51-200,57489
24,Germany,Some College,"Ruby, JavaScript","Ruby on Rails, Laravel",1001-5000,141523
9,Japan,Bachelors,"Java, C++","Django, ASP.NET",Nov-50,68732
39,Japan,Bachelors,"C++, C++","Express, Laravel",51-200,145087
2,Australia,Masters,"Java, Ruby","Vue, React",10-Jan,75826
16,UK,Bachelors,"JavaScript, Java","Django, Laravel",51-200,100019
29,USA,Masters,"PHP, JavaScript","React, Vue",Nov-50,218003
36,Singapore,Bachelors,"Python, Swift","Django, Flask",Nov-50,143812
23,Germany,Masters,"Java, Go","Django, Flask",10-Jan,166423
17,USA,Masters,"Java, C++","Angular, Express",1001-5000,149422
10,USA,Bachelors,"Python, Go","Laravel, Vue",Nov-50,120843
7,Germany,Bachelors,"Swift, Java","Flask, Flask",10-Jan,90879
23,USA,Bachelors,"Java, C++","Express, Angular",51-200,165621
15,Canada,Masters,"Java, Python","Flask, Vue",5000+,117184
32,USA,Masters,"JavaScript, Ruby","Laravel, Laravel",10-Jan,197511
22,Canada,Masters,"JavaScript, Go","Spring, Laravel",5000+,170635
22,UK,Bachelors,"C++, PHP","Express, ASP.NET",1001-5000,137060
2,USA,Masters,"PHP, Go","Express, Flask",1001-5000,87267
20,India,Bachelors,"Python, Rust","Django, React",51-200,81009
3,USA,Bachelors,"C#, Java","Laravel, Angular",51-200,92222
23,USA,Some College,"Ruby, PHP","Express, Django",10-Jan,179856
22,Australia,Some College,"Swift, Rust","Flask, React",1001-5000,107214
0,USA,Bachelors,"Ruby, JavaScript","Laravel, ASP.NET",10-Jan,81830
18,Canada,Bachelors,"C#, PHP","Flask, Laravel",201-1000,124826
40,UK,PhD,"Rust, C#","React, ASP.NET",5000+,257170
18,Canada,High School,"Go, Python","Angular, React",201-1000,120460
27,Germany,Masters,"PHP, Swift","React, Django",201-1000,122520
8,USA,Bachelors,"C#, Swift","Express, React",Nov-50,126173
11,USA,Bachelors,"C++, PHP","Ruby on Rails, React",10-Jan,115058
5,USA,High School,"JavaScript, Go","Angular, Express",5000+,107623
6,UK,Masters,"PHP, JavaScript","Ruby on Rails, Flask",1001-5000,94352
22,USA,Bachelors,"C++, Python","Laravel, Laravel",10-Jan,150996
18,Canada,Masters,"Ruby, JavaScript","Angular, Express",201-1000,130249
40,USA,Masters,"C#, C++","Ruby on Rails, ASP.NET",51-200,181455
2,France,Masters,"Swift, Swift","Ruby on Rails, Vue",Nov-50,69051
7,Germany,Some College,"PHP, C++","Laravel, Spring",1001-5000,69767
2,USA,High School,"PHP, Python","Vue, Flask",1001-5000,107351
10,Canada,Masters,"PHP, Java","Express, ASP.NET",201-1000,95541
28,Canada,Bachelors,"Java, Rust","Express, React",201-1000,152036
33,USA,Some College,"Swift, PHP","Angular, Django",1001-5000,206940
8,USA,PhD,"Swift, PHP","Spring, Flask",51-200,129912
26,Canada,Bachelors,"Go, Go","Angular, Flask",201-1000,145433
36,Singapore,Bachelors,"Java, C#","React, Flask",10-Jan,143288
9,India,Masters,"C++, C#","ASP.NET, Vue",Nov-50,46774
7,Australia,Bachelors,"PHP, Swift","Spring, Spring",Nov-50,74311
22,USA,PhD,"Swift, Python","React, Angular",201-1000,192913
20,Canada,Some College,"Rust, Rust","Vue, Ruby on Rails",10-Jan,126872
24,Australia,Bachelors,"JavaScript, Python","Ruby on Rails, ASP.NET",Nov-50,143834
15,Germany,Bachelors,"Java, Go","React, Django",5000+,120623
39,Germany,Masters,"JavaScript, PHP","Laravel, Ruby on Rails",Nov-50,202953
5,USA,Bachelors,"Rust, Python","Django, ASP.NET",5000+,99730
33,India,Bachelors,"Ruby, Go","React, Express",51-200,105373
10,USA,Bachelors,"Go, PHP","Laravel, ASP.NET",1001-5000,139832
31,Canada,Bachelors,"Python, Rust","Laravel, Express",Nov-50,153174
31,Singapore,Masters,"JavaScript, Rust","React, React",Nov-50,124322
15,USA,Masters,"Swift, C#","ASP.NET, Spring",5000+,168566
13,UK,Masters,"PHP, Java","Django, Django",10-Jan,121346
3,Germany,Masters,"Swift, Python","Laravel, React",10-Jan,73858
9,Germany,PhD,"C++, Rust","Ruby on Rails, React",51-200,97762
2,Japan,Bachelors,"Swift, JavaScript","Vue, Ruby on Rails",5000+,71625
18,USA,Bachelors,"JavaScript, C++","React, React",51-200,157613
40,Canada,Bachelors,"Swift, Java","Laravel, Vue",10-Jan,165220
21,USA,Bachelors,"Ruby, C#","ASP.NET, Flask",51-200,169712
8,Australia,Bachelors,"Go, PHP","React, Spring",5000+,78724
18,UK,Bachelors,"Go, C++","Ruby on Rails, Django",5000+,139697
19,USA,Bachelors,"Swift, Ruby","Flask, Angular",1001-5000,117944
1,USA,Masters,"Ruby, Go","Ruby on Rails, Vue",Nov-50,109441
4,Australia,Bachelors,"Python, Go","Django, React",10-Jan,49910
19,Canada,Masters,"C++, Python","Django, Flask",Nov-50,147773
12,Canada,Bachelors,"Swift, C++","ASP.NET, React",1001-5000,107130
31,USA,Masters,"Python, Ruby","Express, ASP.NET",5000+,181714
32,USA,Masters,"C#, Java","Angular, Express",201-1000,212398
31,UK,Bachelors,"PHP, C++","Flask, Flask",Nov-50,145658
4,USA,Bachelors,"Swift, Swift","React, Laravel",5000+,126772
31,Japan,Bachelors,"Swift, C#","React, Express",51-200,133238
0,USA,Bachelors,"Go, C#","Vue, Angular",5000+,90268
14,France,Some College,"C++, JavaScript","Ruby on Rails, React",51-200,98486
39,Canada,Bachelors,"JavaScript, Java","React, Django",Nov-50,177537
21,Japan,Bachelors,"C#, Swift","Vue, Angular",1001-5000,128398
35,USA,Bachelors,"Ruby, Ruby","Flask, Spring",201-1000,208990
13,India,Bachelors,"Swift, JavaScript","React, Laravel",Nov-50,62306
36,USA,Some College,"Go, Rust","Express, Flask",51-200,209205
32,USA,Bachelors,"Swift, Ruby","Express, Spring",1001-5000,220058
9,UK,Masters,"PHP, Go","Spring, Laravel",1001-5000,98927
24,Germany,Bachelors,"JavaScript, JavaScript","ASP.NET, Express",201-1000,139507
39,USA,Bachelors,"C#, Python","Django, Django",51-200,219880
29,Singapore,Masters,"PHP, Rust","Laravel, Laravel",10-Jan,163286
23,UK,Bachelors,"Rust, Go","Django, Django",51-200,147426
10,USA,Masters,"JavaScript, JavaScript","ASP.NET, Laravel",51-200,125350
3,Germany,Bachelors,"Go, Rust","React, Vue",5000+,91244
20,Germany,Masters,"PHP, Java","Ruby on Rails, Spring",1001-5000,145153
24,Canada,Bachelors,"Python, Java","React, Flask",5000+,169005
5,USA,Bachelors,"Java, Go","Vue, Spring",10-Jan,100440
39,USA,Bachelors,"C++, Go","ASP.NET, ASP.NET",Nov-50,166747
17,Brazil,Bachelors,"JavaScript, Rust","React, Django",1001-5000,112290
24,USA,Bachelors,"Ruby, Java","Express, Vue",5000+,162229
13,Canada,Masters,"Swift, Swift","Laravel, Ruby on Rails",5000+,114945
17,USA,Bachelors,"C#, Rust","Django, Flask",5000+,178919
11,India,Bachelors,"Go, Go","Vue, Laravel",10-Jan,56963
10,USA,Masters,"Java, C#","Flask, React",51-200,144432
18,Germany,Bachelors,"Rust, JavaScript","Express, Laravel",201-1000,136524
19,Australia,Masters,"JavaScript, JavaScript","Laravel, Spring",5000+,120511
5,Australia,Bachelors,"Ruby, PHP","Laravel, Ruby on Rails",1001-5000,76947
11,India,Masters,"Go, Python","Ruby on Rails, ASP.NET",51-200,48857
6,UK,Bachelors,"C#, C#","Django, Express",1001-5000,85274
25,Brazil,Some College,"C#, Python","Spring, Ruby on Rails",1001-5000,137429
2,India,Bachelors,"Java, JavaScript","Django, Vue",1001-5000,18770
21,Canada,Bachelors,"Rust, Swift","Flask, React",Nov-50,108095
4,USA,Bachelors,"Python, C#","Spring, Django",10-Jan,103398
11,USA,Bachelors,"C++, Swift","ASP.NET, Express",10-Jan,122923
12,USA,Masters,"Java, Java","Spring, Angular",1001-5000,161060
9,UK,Bachelors,"Go, C#","Angular, Angular",10-Jan,93372
1,France,Masters,"Ruby, JavaScript","Express, Ruby on Rails",10-Jan,67175
31,India,Some College,"Rust, Java","React, Vue",201-1000,117739
33,USA,Bachelors,"Go, PHP","Express, ASP.NET",5000+,181805
32,Germany,Bachelors,"C#, PHP","React, Angular",51-200,173481
25,France,Bachelors,"Python, Swift","React, React",51-200,121022
35,India,Bachelors,"Swift, Rust","Laravel, Angular",5000+,114787
40,Japan,Masters,"Ruby, Swift","Flask, Django",5000+,214245
21,USA,Bachelors,"C#, C++","Vue, Angular",10-Jan,151669
9,Germany,Masters,"Swift, Ruby","Express, Angular",51-200,80534
38,Germany,Bachelors,"C++, Go","React, ASP.NET",10-Jan,183556
5,Germany,Bachelors,"Python, Swift","React, React",10-Jan,81591
36,UK,Masters,"Go, Go","Vue, Angular",51-200,211821
16,UK,Masters,"PHP, Python","ASP.NET, Spring",10-Jan,139754
28,Germany,Bachelors,"Rust, Go","Vue, Angular",Nov-50,161515
38,Canada,Bachelors,"C#, C++","Django, Vue",51-200,181992
36,Singapore,Bachelors,"Rust, Rust","Angular, Flask",1001-5000,131088
8,USA,Masters,"PHP, C#","Vue, ASP.NET",Nov-50,136122
31,Brazil,Bachelors,"Java, Swift","Flask, Vue",10-Jan,124088
0,Canada,Masters,"Swift, Ruby","Flask, Laravel",10-Jan,83002
17,USA,Bachelors,"Java, JavaScript","Angular, Flask",10-Jan,168581
33,India,Masters,"Python, Python","Vue, React",201-1000,126290
27,USA,Some College,"Python, Swift","Express, ASP.NET",1001-5000,190385
9,Australia,High School,"C++, C++","Angular, Flask",10-Jan,73657
10,Canada,Masters,"Rust, C++","ASP.NET, Vue",5000+,137715
38,UK,Masters,"JavaScript, Rust","Laravel, Django",1001-5000,186611
34,Germany,Masters,"Rust, Rust","Django, ASP.NET",51-200,146865
37,Singapore,Bachelors,"JavaScript, Python","Django, ASP.NET",Nov-50,172372
1,India,Bachelors,"Go, Ruby","Ruby on Rails, Vue",201-1000,15064
28,USA,Bachelors,"C#, C#","React, Flask",1001-5000,199855
16,Canada,Masters,"PHP, Go","Angular, Angular",5000+,124808
19,Singapore,Masters,"Swift, JavaScript","ASP.NET, Vue",1001-5000,107014
18,France,Masters,"JavaScript, Go","Express, Spring",5000+,143801
31,Singapore,Masters,"Java, Python","Django, React",Nov-50,152464
0,India,Bachelors,"JavaScript, PHP","Flask, Angular",Nov-50,14278
6,USA,Some College,"Go, C#","Angular, Flask",201-1000,93540
8,India,Masters,"Go, C++","Laravel, Flask",1001-5000,44662
15,India,Masters,"Go, Go","ASP.NET, React",10-Jan,57964
34,USA,Masters,"Rust, JavaScript","Spring, Django",5000+,187877
18,USA,Some College,"Python, JavaScript","Vue, ASP.NET",Nov-50,167862
15,Canada,Bachelors,"Python, PHP","Angular, Ruby on Rails",10-Jan,84445
37,Germany,Bachelors,"JavaScript, Java","Spring, Ruby on Rails",Nov-50,186712
25,India,High School,"C++, C#","Spring, React",51-200,86995
29,USA,Masters,"PHP, Go","Spring, Angular",5000+,223262
24,UK,Bachelors,"Ruby, JavaScript","React, Vue",10-Jan,151118
37,USA,Bachelors,"PHP, C++","Ruby on Rails, Django",5000+,219554
6,USA,Bachelors,"Java, JavaScript","Laravel, Django",1001-5000,95975
31,USA,Masters,"Ruby, Go","Ruby on Rails, Laravel",51-200,225322
31,USA,Bachelors,"Swift, PHP","Ruby on Rails, ASP.NET",51-200,193416
16,Brazil,Bachelors,"Rust, Swift","Laravel, React",10-Jan,95821
35,Singapore,Masters,"Ruby, Go","Flask, Spring",201-1000,182260
37,UK,Bachelors,"C++, C++","React, React",5000+,180457
37,India,Bachelors,"Java, Go","ASP.NET, Ruby on Rails",51-200,149480
23,Australia,Masters,"Swift, Python","Spring, Express",201-1000,146402
24,Germany,Masters,"Python, Swift","Angular, ASP.NET",5000+,158756
23,Canada,Some College,"Java, Python","React, Laravel",10-Jan,122617
36,Brazil,Masters,"Swift, C++","Angular, Laravel",51-200,137076
6,USA,Masters,"Rust, Swift","Django, Ruby on Rails",201-1000,141296
16,USA,Bachelors,"PHP, PHP","Angular, Express",10-Jan,116144
18,Canada,Bachelors,"PHP, Swift","Flask, ASP.NET",Nov-50,113251
21,USA,Bachelors,"Go, Java","Express, Vue",Nov-50,148432
36,UK,Bachelors,"C#, Rust","Flask, Vue",1001-5000,150759
11,India,Masters,"Java, Swift","Flask, Spring",5000+,78108
1,India,Bachelors,"JavaScript, Rust","Django, Spring",5000+,29357
18,USA,Bachelors,"PHP, Go","Vue, ASP.NET",51-200,149401
24,Canada,Bachelors,"PHP, PHP","Express, React",5000+,125241
31,USA,Some College,"Go, Python","React, React",Nov-50,169560
24,USA,Masters,"Go, Rust","Express, Django",51-200,193899
22,UK,Masters,"Ruby, Python","Vue, Flask",5000+,179877
31,UK,Bachelors,"Swift, Java","React, Angular",Nov-50,133450
4,USA,Bachelors,"Rust, C++","ASP.NET, Spring",1001-5000,85562
18,USA,Some College,"PHP, PHP","Django, Angular",201-1000,132235
27,UK,Bachelors,"Python, Ruby","Spring, React",201-1000,166700
10,Canada,Bachelors,"C++, Rust","Express, Express",Nov-50,81153
31,Canada,Some College,"C++, Python","Django, Ruby on Rails",Nov-50,162616
27,UK,Masters,"Go, Java","Angular, Flask",10-Jan,169976
22,UK,Bachelors,"Ruby, JavaScript","Vue, React",51-200,136721
5,Canada,Some College,"Swift, Go","ASP.NET, Spring",201-1000,65843
31,USA,Bachelors,"C++, Java","React, Flask",51-200,167099
1,India,PhD,"PHP, Ruby","Ruby on Rails, Angular",1001-5000,42274
8,USA,Bachelors,"Python, C#","Django, Laravel",1001-5000,100343
4,USA,Bachelors,"C#, Ruby","ASP.NET, React",Nov-50,105915
6,Germany,Bachelors,"Swift, JavaScript","Django, Laravel",5000+,85949
11,Japan,Masters,"C#, Ruby","Vue, Flask",1001-5000,93551
32,USA,Bachelors,"Swift, Rust","Ruby on Rails, ASP.NET",10-Jan,221948
23,Germany,Masters,"C#, JavaScript","Spring, Angular",51-200,122767
28,Japan,Masters,"JavaScript, C#","Vue, Django",5000+,189000
8,India,Masters,"C++, C#","Laravel, Vue",201-1000,39346
18,USA,Bachelors,"Python, Rust","Express, Vue",5000+,140954
0,USA,PhD,"C++, JavaScript","Ruby on Rails, Laravel",201-1000,98931
38,Singapore,Masters,"Ruby, Go","Express, ASP.NET",5000+,186992
27,USA,Bachelors,"Swift, Go","Angular, Django",51-200,187362
25,Australia,Bachelors,"Swift, PHP","Spring, Ruby on Rails",5000+,122620
31,France,Bachelors,"Rust, Python","Flask, Ruby on Rails",10-Jan,132684
24,India,Masters,"PHP, PHP","ASP.NET, Laravel",Nov-50,100861
33,Canada,Bachelors,"Rust, Go","Vue, Vue",Nov-50,160520
35,USA,Bachelors,"C#, Go","Express, Django",5000+,230896
0,Singapore,High School,"Ruby, Java","Vue, Express",51-200,43645
24,USA,PhD,"Go, Go","Flask, Vue",201-1000,164478
36,France,Masters,"C#, Go","Flask, Flask",51-200,140491
12,Australia,Bachelors,"C++, Rust","Flask, Express",201-1000,81238
37,UK,Bachelors,"Rust, Ruby","Django, ASP.NET",1001-5000,177792
15,Canada,Bachelors,"C#, Java","Ruby on Rails, Django",10-Jan,95354
21,Singapore,Masters,"Ruby, Go","Express, Express",Nov-50,138070
34,Germany,High School,"Go, C#","Express, Ruby on Rails",51-200,146936
24,Australia,Masters,"Python, Rust","Django, Express",5000+,163620
20,France,Bachelors,"C++, C#","Ruby on Rails, Django",201-1000,119049
36,USA,Bachelors,"Python, PHP","ASP.NET, Flask",Nov-50,206293
30,USA,Bachelors,"Rust, Go","Laravel, Angular",201-1000,156412
11,USA,Bachelors,"Swift, C++","Express, Django",51-200,126395
24,Canada,PhD,"Ruby, Java","Spring, Laravel",201-1000,148630
7,USA,Bachelors,"Python, Swift","Flask, Django",51-200,89636
18,USA,Bachelors,"C++, C++","React, Flask",10-Jan,145814
28,UK,Bachelors,"PHP, PHP","Flask, Ruby on Rails",51-200,160637
33,Germany,Bachelors,"Python, Ruby","Angular, Laravel",51-200,181177
5,USA,Bachelors,"Go, Python","React, Angular",201-1000,84093
32,USA,Masters,"Ruby, C++","Angular, ASP.NET",5000+,174203
19,Singapore,Bachelors,"PHP, Swift","ASP.NET, Django",5000+,100654
22,Singapore,Masters,"Go, Ruby","Express, Flask",10-Jan,141301
29,Canada,Bachelors,"Go, Ruby","Django, Ruby on Rails",1001-5000,127134
23,Brazil,PhD,"Python, JavaScript","Spring, ASP.NET",51-200,142626
25,Brazil,Masters,"C++, C#","ASP.NET, Spring",Nov-50,146258
1,Japan,Masters,"Python, Go","Django, React",201-1000,63551
38,USA,Masters,"Ruby, Swift","Vue, ASP.NET",Nov-50,231319
34,Japan,Some College,"C#, Go","Express, Django",201-1000,162745
26,India,Bachelors,"Ruby, C#","Laravel, Vue",1001-5000,88592
18,USA,Bachelors,"Swift, Swift","Laravel, Laravel",5000+,163195
32,UK,Bachelors,"PHP, PHP","Angular, Flask",201-1000,147222
18,USA,Bachelors,"Go, Go","React, React",51-200,120747
33,UK,Some College,"Ruby, Rust","Angular, Angular",201-1000,178981
4,Canada,Bachelors,"JavaScript, Swift","ASP.NET, ASP.NET",5000+,73871
30,USA,Masters,"Go, C#","Ruby on Rails, Express",Nov-50,190779
34,Germany,PhD,"C++, PHP","Laravel, Express",5000+,170393
15,USA,Bachelors,"Rust, PHP","Angular, Angular",1001-5000,127340
9,Japan,Bachelors,"PHP, Rust","Flask, Laravel",5000+,88586
7,Germany,High School,"C#, C++","Ruby on Rails, Vue",1001-5000,90141
13,USA,Bachelors,"C#, JavaScript","Ruby on Rails, Django",201-1000,111923
30,USA,Some College,"Python, Ruby","Express, Django",10-Jan,157013
16,USA,Bachelors,"Go, C#","Django, Django",10-Jan,144498
8,USA,Masters,"C++, Rust","Django, ASP.NET",201-1000,132738
33,Germany,Bachelors,"C++, Rust","Flask, Spring",201-1000,187736
31,USA,Bachelors,"C++, PHP","Spring, Express",10-Jan,208677
13,USA,Masters,"Rust, Java","Flask, ASP.NET",5000+,127063
25,Japan,High School,"C#, Rust","Ruby on Rails, ASP.NET",Nov-50,138606
25,France,Bachelors,"Rust, JavaScript","Angular, Ruby on Rails",10-Jan,109758
4,USA,Bachelors,"JavaScript, Swift","Ruby on Rails, Angular",1001-5000,107942
33,USA,Bachelors,"Swift, Python","Django, React",10-Jan,175951
4,India,Bachelors,"Swift, Swift","Django, Angular",201-1000,31702
17,USA,Bachelors,"Java, C#","Laravel, Ruby on Rails",201-1000,149287
6,USA,Masters,"JavaScript, C++","Angular, Flask",10-Jan,110132
5,Germany,Bachelors,"Python, Swift","Django, React",201-1000,86078
19,Australia,Masters,"Swift, C++","Spring, Ruby on Rails",Nov-50,116372
17,USA,Bachelors,"JavaScript, Rust","ASP.NET, Vue",5000+,132770
35,UK,Bachelors,"Java, Go","Flask, Angular",51-200,154537
17,Germany,Masters,"C#, Ruby","Laravel, React",10-Jan,110118
1,Singapore,Masters,"Java, Go","Django, Laravel",201-1000,51595
7,UK,Bachelors,"C#, Swift","Vue, Flask",10-Jan,66080
9,Germany,Masters,"Python, C#","React, Angular",10-Jan,85910
7,France,Bachelors,"Rust, Rust","Vue, Spring",1001-5000,66210
9,Brazil,Bachelors,"Swift, Rust","Laravel, Angular",1001-5000,70889
7,USA,Masters,"Go, Swift","Laravel, Spring",Nov-50,117519
10,Australia,Bachelors,"Ruby, Rust","Ruby on Rails, Spring",5000+,106285
33,France,Masters,"JavaScript, Ruby","Flask, Django",51-200,131721
6,Germany,Masters,"C#, PHP","ASP.NET, ASP.NET",1001-5000,83962
16,USA,High School,"JavaScript, Python","Angular, Flask",5000+,162694
34,Germany,Bachelors,"Go, PHP","Flask, Express",1001-5000,156813
1,Japan,High School,"Ruby, C#","Express, Spring",201-1000,43743
29,UK,PhD,"Java, Java","ASP.NET, Laravel",10-Jan,147348
2,USA,Bachelors,"C++, PHP","Ruby on Rails, React",5000+,101013
17,Canada,Bachelors,"Swift, C#","ASP.NET, Spring",5000+,125096
20,USA,Bachelors,"Ruby, Swift","Angular, Django",Nov-50,167788
40,USA,Bachelors,"Ruby, Swift","Express, Express",51-200,222790
40,Singapore,Masters,"Go, C++","ASP.NET, Express",10-Jan,177784
7,Singapore,Bachelors,"JavaScript, Rust","Flask, Express",Nov-50,60023
14,USA,Bachelors,"C#, C++","Spring, Express",10-Jan,128820
20,France,Bachelors,"C#, C++","Laravel, ASP.NET",5000+,135529
14,UK,Masters,"PHP, Go","Ruby on Rails, React",10-Jan,126034
21,USA,Some College,"PHP, JavaScript","React, Flask",10-Jan,142119
39,USA,Bachelors,"Swift, Java","Angular, React",Nov-50,180265
34,France,Masters,"JavaScript, JavaScript","Flask, Vue",51-200,155094
7,France,Bachelors,"C++, Java","Laravel, Django",5000+,71345
37,Singapore,Bachelors,"JavaScript, PHP","Flask, Flask",Nov-50,152480
22,USA,Masters,"Java, C++","Laravel, Express",201-1000,135891
29,USA,PhD,"Ruby, Python","Flask, Vue",51-200,186967
31,Canada,Bachelors,"Go, Python","React, Angular",Nov-50,138873
14,USA,Some College,"C++, Ruby","Django, ASP.NET",10-Jan,109129
38,USA,Bachelors,"Rust, Rust","Vue, Vue",201-1000,182300
8,Brazil,Masters,"Swift, Rust","React, Ruby on Rails",10-Jan,89067
5,USA,High School,"C++, JavaScript","Django, Django",1001-5000,103618
11,USA,High School,"JavaScript, PHP","Spring, ASP.NET",201-1000,125783
21,UK,Bachelors,"Rust, Java","Express, Spring",1001-5000,147201
25,Singapore,Bachelors,"Java, Go","Spring, Vue",Nov-50,111888
8,USA,Bachelors,"C++, C#","Django, ASP.NET",201-1000,94855
18,UK,Masters,"JavaScript, Rust","Express, Ruby on Rails",201-1000,101374
4,USA,Masters,"C++, Swift","Angular, Django",1001-5000,114299
20,France,Bachelors,"Rust, C++","React, Django",5000+,134241
40,USA,Masters,"C++, Java","Flask, Spring",Nov-50,251491
2,Japan,Masters,"C++, Python","Laravel, ASP.NET",Nov-50,72026
28,USA,Masters,"Go, Python","Laravel, Flask",5000+,210835
26,USA,Some College,"PHP, C++","Ruby on Rails, Angular",5000+,185811
25,Canada,Some College,"C++, JavaScript","Django, Vue",10-Jan,122505
29,Canada,Masters,"Go, Go","Spring, Ruby on Rails",1001-5000,166803
19,UK,Bachelors,"Python, Go","Express, Spring",5000+,156176
6,USA,Bachelors,"Ruby, Swift","ASP.NET, React",5000+,117615
4,USA,Bachelors,"JavaScript, Swift","ASP.NET, Flask",Nov-50,106393
38,USA,Bachelors,"Python, Rust","Laravel, Ruby on Rails",1001-5000,211062
32,Germany,Masters,"Rust, Java","Ruby on Rails, React",1001-5000,188495
12,Japan,Bachelors,"Swift, C++","Spring, ASP.NET",10-Jan,95804
27,Germany,Bachelors,"C++, Java","Django, Ruby on Rails",201-1000,120879
24,USA,Bachelors,"Ruby, C++","React, Laravel",5000+,149443
22,UK,Bachelors,"PHP, Ruby","Laravel, Flask",51-200,148121
13,Canada,Bachelors,"Rust, Python","Spring, Laravel",5000+,92968
6,USA,Some College,"Go, Python","Angular, Django",Nov-50,101716
12,USA,Bachelors,"Java, PHP","Laravel, Flask",5000+,146212
11,USA,Masters,"C#, Rust","React, Angular",201-1000,126697
29,France,PhD,"JavaScript, C++","Vue, React",10-Jan,181159
40,Canada,Some College,"PHP, Go","Angular, Spring",Nov-50,157838
0,USA,Masters,"JavaScript, PHP","Ruby on Rails, ASP.NET",51-200,108121
15,USA,Bachelors,"Java, Ruby","React, Ruby on Rails",Nov-50,108143
20,Germany,Masters,"Ruby, C#","ASP.NET, Express",201-1000,112948
0,France,Bachelors,"C++, Python","Spring, React",1001-5000,56540
24,USA,Masters,"Ruby, Python","Spring, Flask",10-Jan,141767
8,UK,Masters,"PHP, C++","ASP.NET, Vue",1001-5000,98853
31,France,Bachelors,"C#, Go","Spring, React",5000+,135592
32,Japan,Some College,"PHP, Go","React, Angular",1001-5000,153779
23,Australia,PhD,"C++, Rust","Django, Laravel",1001-5000,150069
13,Canada,Bachelors,"Java, JavaScript","Express, Spring",10-Jan,102952
8,UK,Bachelors,"Rust, PHP","Spring, React",Nov-50,81839
18,India,Bachelors,"C#, C++","Flask, ASP.NET",201-1000,55460
27,Germany,Bachelors,"C#, C#","React, Spring",Nov-50,137608
24,Germany,Masters,"JavaScript, Go","Flask, Ruby on Rails",5000+,159537
13,USA,Bachelors,"Go, C++","Vue, ASP.NET",51-200,103910
15,Germany,Bachelors,"Python, PHP","Angular, Django",201-1000,91012
23,Germany,Masters,"Ruby, C++","Spring, React",Nov-50,132013
12,Germany,High School,"C++, Rust","Django, Spring",51-200,83923
13,France,Masters,"C#, C#","Ruby on Rails, Ruby on Rails",51-200,116288
22,France,Bachelors,"PHP, C#","Spring, Flask",1001-5000,108991
19,USA,Bachelors,"Go, Ruby","Django, Express",51-200,164957
23,USA,Masters,"JavaScript, Python","Angular, Angular",10-Jan,172690
32,UK,Bachelors,"C#, Swift","Spring, Spring",Nov-50,150237
17,Japan,High School,"Ruby, Java","Ruby on Rails, Flask",Nov-50,108193
34,Germany,Bachelors,"Rust, Python","React, Laravel",51-200,182435
31,Brazil,PhD,"Ruby, Swift","Angular, Spring",201-1000,172788
38,USA,Bachelors,"C#, Go","Vue, Ruby on Rails",10-Jan,223386
9,Japan,High School,"Swift, Rust","React, React",5000+,83466
2,USA,Bachelors,"Rust, JavaScript","Vue, Flask",5000+,132807
38,USA,Bachelors,"Rust, C++","Vue, Spring",10-Jan,193185
4,UK,Bachelors,"Rust, C#","Laravel, Express",201-1000,84056
17,Canada,Bachelors,"Go, Go","Express, Laravel",10-Jan,121140
40,France,Some College,"C++, Go","Flask, Ruby on Rails",1001-5000,140564
35,Canada,Bachelors,"C++, Python","Ruby on Rails, React",10-Jan,182549
33,UK,PhD,"Swift, Rust","Flask, Django",51-200,208977
36,Germany,Masters,"Swift, C++","Flask, Flask",Nov-50,150570
2,Australia,Bachelors,"C++, Go","Angular, Ruby on Rails",5000+,81603
28,USA,Some College,"Rust, JavaScript","Flask, Laravel",Nov-50,144189
18,Canada,Some College,"Ruby, C++","ASP.NET, Angular",51-200,122710
16,Canada,Bachelors,"Ruby, PHP","Angular, Spring",5000+,112566
17,Australia,Bachelors,"C++, Java","Angular, Django",201-1000,85520
9,India,Some College,"JavaScript, PHP","Angular, Spring",51-200,37468
13,USA,Some College,"Java, C++","Django, Vue",1001-5000,137733
30,Brazil,Bachelors,"PHP, Java","ASP.NET, Spring",5000+,149492
35,Japan,Bachelors,"Ruby, Python","Flask, React",Nov-50,179847
19,UK,Masters,"C++, Go","Flask, Laravel",10-Jan,141725
19,USA,Bachelors,"PHP, JavaScript","Ruby on Rails, Angular",10-Jan,143553
13,Japan,Masters,"Python, JavaScript","React, Flask",Nov-50,84063
21,Canada,Masters,"Java, C#","Express, Ruby on Rails",Nov-50,154659
31,France,Bachelors,"Rust, Go","Laravel, Django",201-1000,165039
11,USA,Bachelors,"C++, C++","Ruby on Rails, Vue",201-1000,141502
28,Germany,Bachelors,"Rust, C#","Ruby on Rails, Express",Nov-50,148851
13,Germany,Bachelors,"Ruby, C++","ASP.NET, Vue",201-1000,89163
35,India,Masters,"Python, Python","ASP.NET, React",Nov-50,126137
27,USA,Bachelors,"Ruby, Rust","Vue, Ruby on Rails",201-1000,194104
21,UK,Bachelors,"PHP, PHP","Vue, Ruby on Rails",201-1000,114115
37,Australia,Bachelors,"Ruby, Rust","React, Laravel",5000+,193145
25,USA,Bachelors,"Python, PHP","Spring, Vue",201-1000,143709
37,USA,High School,"Swift, Swift","Flask, Ruby on Rails",Nov-50,161739
11,USA,Bachelors,"Swift, Go","Angular, Flask",Nov-50,141300
23,Canada,Masters,"C#, Java","Laravel, ASP.NET",Nov-50,131276
37,Japan,Masters,"Go, PHP","Angular, Flask",Nov-50,185494
20,Canada,Bachelors,"Python, Swift","Angular, Express",201-1000,143314
3,USA,Bachelors,"Java, Go","Express, ASP.NET",201-1000,103896
11,USA,High School,"C#, JavaScript","Laravel, Django",10-Jan,135949
9,USA,Bachelors,"Ruby, C#","Vue, Laravel",10-Jan,114022
22,USA,Masters,"Ruby, Swift","Laravel, ASP.NET",10-Jan,138798
0,Brazil,Masters,"C#, C#","ASP.NET, Spring",5000+,75853
13,USA,Masters,"Go, Python","Angular, Django",5000+,163332
4,USA,Bachelors,"C++, Go","Ruby on Rails, Flask",1001-5000,90945
0,Brazil,Masters,"Python, Swift","Express, React",5000+,61830
13,USA,Bachelors,"Ruby, Swift","Django, Ruby on Rails",10-Jan,109664
2,Singapore,Some College,"Go, C#","Angular, Express",1001-5000,50355
10,Canada,Masters,"JavaScript, Swift","ASP.NET, Laravel",201-1000,94667
19,USA,Bachelors,"Go, C++","Angular, Spring",10-Jan,164729
19,Japan,Bachelors,"Swift, Python","Express, React",5000+,109301
34,India,Bachelors,"Ruby, C++","ASP.NET, Laravel",5000+,158158
26,UK,Some College,"C#, Python","Django, Flask",5000+,127788
21,Australia,Bachelors,"Rust, C++","ASP.NET, Ruby on Rails",201-1000,131667
1,Australia,Masters,"C++, Python","Django, ASP.NET",Nov-50,61497
1,UK,Masters,"C++, Go","React, React",1001-5000,86290
29,Singapore,Masters,"C#, Ruby","Vue, Flask",Nov-50,161421
19,Brazil,Masters,"Python, C++","Express, Django",10-Jan,125548
21,Australia,Some College,"Swift, Rust","Laravel, Ruby on Rails",201-1000,115021
29,USA,Bachelors,"PHP, PHP","React, React",51-200,187700
25,France,Bachelors,"Go, Python","React, Laravel",10-Jan,118308
39,USA,Bachelors,"JavaScript, Swift","React, React",51-200,174810
40,India,Masters,"JavaScript, C#","Ruby on Rails, Vue",1001-5000,134445
38,USA,Bachelors,"JavaScript, PHP","Express, ASP.NET",5000+,261015
22,Germany,Bachelors,"C#, JavaScript","Vue, Django",Nov-50,121923
21,Canada,Bachelors,"Swift, Swift","Express, Express",1001-5000,115895
36,Germany,Bachelors,"Java, Java","Vue, Express",51-200,164367
28,Germany,Masters,"Java, Python","Spring, Ruby on Rails",1001-5000,135054
18,Japan,Masters,"JavaScript, C#","React, Django",1001-5000,103296
34,Australia,Masters,"Rust, Python","Vue, Spring",Nov-50,176053
28,USA,Bachelors,"JavaScript, Java","Ruby on Rails, React",Nov-50,195979
20,Canada,Bachelors,"Swift, C++","Flask, Vue",1001-5000,105847
39,USA,Masters,"C#, PHP","Django, React",5000+,228020
26,UK,Bachelors,"Go, Go","Express, React",1001-5000,135814
20,USA,Masters,"C++, JavaScript","ASP.NET, React",51-200,180311
9,Australia,High School,"Java, PHP","Laravel, Laravel",10-Jan,78550
31,Germany,Masters,"Swift, Swift","Express, Ruby on Rails",5000+,187788
26,USA,PhD,"Python, Python","Laravel, Ruby on Rails",Nov-50,152546
25,UK,Masters,"Go, Ruby","Spring, Vue",5000+,136753
20,India,Bachelors,"Python, Ruby","Flask, Angular",10-Jan,60703
34,USA,Masters,"JavaScript, Rust","Django, Ruby on Rails",Nov-50,168679
2,Canada,Bachelors,"Python, JavaScript","Flask, Express",Nov-50,75535
40,USA,Masters,"PHP, PHP","Django, Laravel",Nov-50,213457
29,USA,Masters,"Go, C++","React, Angular",201-1000,157629
26,USA,Some College,"Ruby, C++","Ruby on Rails, ASP.NET",201-1000,175343
27,Brazil,Masters,"Java, Swift","ASP.NET, Ruby on Rails",1001-5000,115223
13,USA,Masters,"Go, Go","Flask, Angular",1001-5000,154682
21,Australia,Bachelors,"Go, Java","Express, React",5000+,132016
35,USA,Bachelors,"C++, C#","Vue, Angular",201-1000,201744
9,USA,Masters,"Java, Python","Vue, ASP.NET",10-Jan,140276
23,USA,Masters,"Ruby, Rust","Ruby on Rails, React",Nov-50,164564
11,USA,Some College,"C#, Go","Laravel, Django",1001-5000,128243
34,USA,Bachelors,"Java, JavaScript","ASP.NET, Flask",10-Jan,208428
31,USA,Masters,"JavaScript, Java","Laravel, Ruby on Rails",5000+,179781
4,Japan,High School,"Ruby, Python","React, Flask",Nov-50,69924
28,UK,Masters,"Go, Rust","Laravel, Spring",5000+,165327
30,USA,Masters,"PHP, PHP","Ruby on Rails, Vue",Nov-50,179428
32,India,Bachelors,"Python, C++","Flask, Flask",1001-5000,101735
19,Canada,Bachelors,"Java, Ruby","Vue, Django",201-1000,121274
31,UK,Bachelors,"JavaScript, JavaScript","Ruby on Rails, Ruby on Rails",1001-5000,125486
23,USA,Bachelors,"Ruby, JavaScript","Vue, Laravel",Nov-50,187606
34,India,Bachelors,"Java, C#","Vue, ASP.NET",10-Jan,109266
22,UK,Bachelors,"Python, JavaScript","Laravel, Express",1001-5000,131857
17,USA,Bachelors,"Swift, Rust","Express, Spring",10-Jan,131845
6,UK,Masters,"C#, Go","Flask, Express",10-Jan,71229
13,USA,Bachelors,"C#, Swift","Flask, Express",51-200,147255
2,France,Bachelors,"Rust, Rust","Vue, Flask",10-Jan,48976
10,France,Masters,"Rust, C++","ASP.NET, Angular",5000+,111429
17,USA,Bachelors,"Java, JavaScript","Vue, Flask",10-Jan,121080
10,France,Bachelors,"C++, Rust","Django, Spring",Nov-50,86017
32,Singapore,Bachelors,"JavaScript, Ruby","Express, Django",201-1000,173044
11,Canada,Bachelors,"Rust, Ruby","Django, Flask",Nov-50,108176
18,Australia,Some College,"PHP, Java","React, Laravel",201-1000,84947
38,India,Bachelors,"Swift, JavaScript","Express, Flask",5000+,143535
9,USA,Bachelors,"Java, C++","Angular, ASP.NET",51-200,131708
36,USA,PhD,"C#, Swift","Express, Spring",201-1000,259940
40,UK,Bachelors,"Ruby, C++","Angular, Angular",51-200,151138
35,USA,Some College,"PHP, JavaScript","Ruby on Rails, React",5000+,195088
15,USA,Bachelors,"Swift, Java","Flask, Django",10-Jan,109712
4,Singapore,Bachelors,"JavaScript, C++","ASP.NET, Ruby on Rails",201-1000,58648
26,India,Masters,"PHP, C#","Spring, Spring",51-200,105563
10,USA,Bachelors,"C++, Python","Express, Angular",201-1000,114913
31,Germany,PhD,"C++, Rust","Laravel, ASP.NET",201-1000,167345
15,USA,Bachelors,"C++, Go","Angular, ASP.NET",201-1000,150252
18,Germany,Bachelors,"Go, C#","Vue, React",201-1000,99672
40,France,Bachelors,"Java, Rust","Vue, Express",51-200,168985
0,UK,Bachelors,"C++, Rust","ASP.NET, Flask",201-1000,64408
12,Canada,Bachelors,"Python, C#","Ruby on Rails, Flask",10-Jan,100365
24,USA,Masters,"Swift, Java","Django, ASP.NET",201-1000,147140
4,India,Bachelors,"Python, Python","Ruby on Rails, Spring",201-1000,30913
39,France,Bachelors,"Rust, JavaScript","Flask, Laravel",1001-5000,179662
31,Canada,Some College,"Swift, Go","Express, React",201-1000,146494
35,USA,Bachelors,"Swift, Go","React, React",5000+,221106
28,USA,Masters,"Go, JavaScript","React, Django",5000+,211446
12,Australia,Masters,"PHP, C++","Angular, React",1001-5000,114409
32,France,High School,"Java, JavaScript","Ruby on Rails, ASP.NET",Nov-50,156319
21,USA,Masters,"Ruby, Java","Ruby on Rails, Django",Nov-50,158450
39,France,Bachelors,"Python, C#","Ruby on Rails, Spring",201-1000,153319
11,Australia,Bachelors,"PHP, Rust","Angular, React",5000+,82989
19,USA,Bachelors,"Go, Go","Express, Spring",201-1000,168693
22,USA,Bachelors,"Go, JavaScript","Ruby on Rails, Ruby on Rails",201-1000,144524
15,India,Bachelors,"Python, C++","React, ASP.NET",Nov-50,62643
20,Singapore,Bachelors,"Go, Java","Vue, Ruby on Rails",10-Jan,102911
39,USA,Some College,"PHP, PHP","Django, Vue",5000+,243888
29,UK,Bachelors,"Java, Java","Laravel, Vue",5000+,154112
19,Singapore,Bachelors,"JavaScript, Python","Express, Ruby on Rails",51-200,114981
36,USA,Masters,"PHP, Java","Spring, Vue",1001-5000,245217
28,USA,Masters,"Ruby, Swift","Express, Spring",201-1000,188402
17,France,Some College,"Python, Java","Vue, Spring",1001-5000,115274
22,Canada,Masters,"Go, C#","Flask, Express",201-1000,154781
13,Canada,Bachelors,"Swift, PHP","ASP.NET, Vue",1001-5000,115104
7,Australia,Bachelors,"Java, Java","Vue, React",201-1000,84116
33,USA,Bachelors,"C#, Python","Angular, Django",1001-5000,206837
12,USA,Bachelors,"JavaScript, Ruby","Spring, Express",5000+,162550
4,India,Bachelors,"Rust, Python","Spring, ASP.NET",10-Jan,31998
0,Germany,Masters,"Rust, C#","Laravel, Angular",10-Jan,68634
28,USA,Masters,"PHP, Ruby","Ruby on Rails, ASP.NET",1001-5000,157657
9,Canada,Some College,"Ruby, Ruby","Ruby on Rails, Vue",201-1000,87820
14,USA,Bachelors,"Java, Swift","Angular, Flask",5000+,167490
34,USA,PhD,"C#, Java","Flask, Django",5000+,195936
9,USA,Bachelors,"Rust, Java","Laravel, Angular",Nov-50,95705
31,Canada,Bachelors,"Swift, Rust","Spring, Ruby on Rails",10-Jan,178728
5,USA,Some College,"JavaScript, Go","Vue, Laravel",10-Jan,99839
19,USA,Masters,"Java, Ruby","Express, Django",5000+,201584
1,UK,Masters,"C++, PHP","Laravel, Angular",10-Jan,82053
20,Japan,Masters,"Swift, Python","ASP.NET, ASP.NET",Nov-50,129379
22,USA,Bachelors,"Swift, C#","Laravel, Spring",1001-5000,173894
11,UK,Masters,"JavaScript, Python","ASP.NET, Angular",1001-5000,91996
23,UK,Bachelors,"Swift, Java","React, Vue",201-1000,143417
20,UK,Masters,"PHP, PHP","ASP.NET, Django",51-200,121076
27,USA,Masters,"Python, Ruby","React, Spring",1001-5000,159850
24,Germany,Bachelors,"JavaScript, Swift","Express, React",Nov-50,151112
17,USA,Bachelors,"Go, Java","React, Ruby on Rails",5000+,131509
18,Canada,Bachelors,"JavaScript, PHP","Angular, Laravel",1001-5000,99262
8,Canada,Bachelors,"Python, Python","Django, ASP.NET",Nov-50,82452
12,France,Some College,"Swift, PHP","Angular, Angular",51-200,76396
36,France,Bachelors,"C#, Swift","Vue, Vue",Nov-50,138712
10,India,Bachelors,"Swift, Python","Ruby on Rails, Flask",Nov-50,52435
22,Germany,Bachelors,"Java, C#","React, Spring",10-Jan,131737
38,USA,Bachelors,"Rust, Java","Ruby on Rails, Vue",Nov-50,187387
35,USA,PhD,"JavaScript, Swift","Flask, Vue",Nov-50,228419
10,UK,Some College,"C++, C++","Spring, Django",1001-5000,83547
36,UK,Bachelors,"Python, Python","Ruby on Rails, ASP.NET",51-200,194635
9,UK,Bachelors,"Swift, Python","ASP.NET, Django",201-1000,90350
29,USA,Bachelors,"Swift, C#","Spring, Angular",1001-5000,164994
23,India,Some College,"C#, C#","Laravel, Vue",51-200,68937
17,Germany,Some College,"C#, Ruby","Flask, Laravel",1001-5000,114584
38,Canada,Some College,"Rust, C#","Ruby on Rails, Angular",1001-5000,163962
24,UK,Bachelors,"Ruby, Go","Django, ASP.NET",10-Jan,107286
39,USA,Bachelors,"Ruby, PHP","Express, Spring",5000+,205583
40,Germany,Bachelors,"Java, Go","Vue, Express",10-Jan,180519
20,UK,Masters,"Java, Go","Angular, Laravel",5000+,157590
31,USA,Bachelors,"Ruby, JavaScript","ASP.NET, Laravel",Nov-50,164415
34,USA,Bachelors,"Java, Python","Flask, Spring",51-200,175049
6,Germany,Masters,"Swift, Java","ASP.NET, Django",5000+,93278
25,USA,Masters,"PHP, JavaScript","Express, Angular",5000+,197424
15,USA,Bachelors,"Python, Rust","Angular, React",1001-5000,111373
13,USA,Bachelors,"Rust, JavaScript","ASP.NET, Express",10-Jan,106845
9,Canada,Some College,"C#, C++","Flask, Vue",10-Jan,76664
30,USA,High School,"C++, Go","Spring, Spring",Nov-50,201078
34,USA,Bachelors,"Ruby, Rust","React, Flask",Nov-50,158220
27,Germany,Masters,"C#, Java","Ruby on Rails, Vue",5000+,141920
29,Canada,Bachelors,"PHP, Python","Django, Ruby on Rails",5000+,132341
10,USA,Bachelors,"JavaScript, Go","Laravel, Express",51-200,142909
33,USA,Masters,"PHP, Ruby","Laravel, React",5000+,223936
27,UK,Some College,"Rust, C++","Vue, Ruby on Rails",10-Jan,138214
28,Brazil,PhD,"Rust, PHP","Ruby on Rails, Flask",Nov-50,156097
38,Singapore,Some College,"Java, Python","Angular, Flask",201-1000,163832
18,Germany,Bachelors,"C#, Go","Spring, Angular",201-1000,127132
10,USA,Masters,"PHP, Swift","Laravel, Flask",1001-5000,117446
5,USA,Bachelors,"C#, C++","React, React",51-200,123815
24,USA,Masters,"Java, Go","Laravel, React",Nov-50,163454
28,USA,Some College,"JavaScript, Ruby","Vue, Vue",201-1000,144160
12,USA,Bachelors,"C++, JavaScript","Django, Spring",1001-5000,104400
8,USA,Bachelors,"Java, Rust","Express, Flask",51-200,95285
14,USA,High School,"PHP, Swift","Django, Laravel",51-200,130102
3,Canada,PhD,"Rust, Java","Express, Django",51-200,84735
36,India,Bachelors,"Python, Swift","Flask, Spring",201-1000,117822
28,USA,Masters,"PHP, Python","Django, Ruby on Rails",1001-5000,199779
38,USA,Bachelors,"JavaScript, Go","Angular, React",1001-5000,192052
26,USA,Bachelors,"Java, JavaScript","Vue, Laravel",1001-5000,182577
35,France,Bachelors,"C++, PHP","Vue, Ruby on Rails",10-Jan,166230
8,Canada,Masters,"Rust, C++","Flask, Express",1001-5000,75653
11,UK,Bachelors,"Go, C++","Angular, Angular",51-200,79240
3,UK,Masters,"PHP, Rust","Express, Django",10-Jan,85347
20,USA,Bachelors,"Java, Python","Django, Ruby on Rails",Nov-50,172418
13,USA,Bachelors,"Ruby, Ruby","Vue, React",5000+,144761
11,Germany,High School,"C++, Rust","Vue, Django",201-1000,77011
8,USA,Masters,"Python, Python","Flask, Angular",Nov-50,131822
5,USA,Masters,"Python, Rust","ASP.NET, ASP.NET",51-200,110832
13,Australia,Bachelors,"JavaScript, PHP","Django, Vue",201-1000,95021
9,India,Some College,"Go, JavaScript","Ruby on Rails, Laravel",1001-5000,33970
1,UK,Bachelors,"Python, Python","Laravel, Angular",1001-5000,62543
8,India,Some College,"Ruby, Java","Ruby on Rails, Vue",5000+,64146
6,USA,Bachelors,"Rust, PHP","Angular, Laravel",10-Jan,109290
0,USA,Bachelors,"Swift, JavaScript","ASP.NET, Laravel",201-1000,85820
12,UK,Bachelors,"C#, PHP","Express, Laravel",Nov-50,105622
24,UK,Bachelors,"Go, Python","Express, ASP.NET",201-1000,132380
21,USA,Bachelors,"Go, C++","Laravel, ASP.NET",201-1000,128280
0,USA,Masters,"Java, Rust","Ruby on Rails, Angular",51-200,107406
7,India,Some College,"Rust, JavaScript","Spring, ASP.NET",Nov-50,30562
37,France,Bachelors,"Go, PHP","Django, Angular",1001-5000,141187
24,USA,Bachelors,"Python, C#","Angular, ASP.NET",5000+,165634
5,France,Some College,"Ruby, C#","Django, ASP.NET",10-Jan,55998
22,USA,Bachelors,"JavaScript, Java","ASP.NET, Laravel",51-200,157059
28,India,PhD,"Swift, Java","Ruby on Rails, ASP.NET",5000+,127740
7,Germany,Bachelors,"Go, Java","Ruby on Rails, React",5000+,100006
5,USA,Bachelors,"Java, Go","Vue, Django",5000+,140526
40,USA,Bachelors,"JavaScript, Ruby","Angular, Flask",1001-5000,177870
32,USA,Bachelors,"PHP, Rust","ASP.NET, Laravel",201-1000,152495
32,UK,High School,"Ruby, C#","Spring, Angular",10-Jan,183091
19,USA,Bachelors,"Go, C#","Flask, Ruby on Rails",51-200,144302
22,India,Bachelors,"Ruby, Swift","ASP.NET, Spring",1001-5000,81663
2,Singapore,Bachelors,"Go, PHP","Vue, Ruby on Rails",1001-5000,48220
31,USA,Masters,"Go, JavaScript","Django, Angular",201-1000,159321
27,India,Bachelors,"Java, Rust","Flask, Angular",10-Jan,97656
39,USA,Bachelors,"Swift, Swift","Laravel, Vue",201-1000,178360
26,Germany,Some College,"Java, Go","Laravel, Django",201-1000,128401
21,UK,Masters,"Go, Java","Ruby on Rails, Express",Nov-50,130564
31,Canada,Bachelors,"Java, Rust","Vue, Express",51-200,132571
18,Japan,Some College,"Go, Ruby","ASP.NET, ASP.NET",1001-5000,119158
14,USA,Masters,"Python, Java","Ruby on Rails, React",10-Jan,156272
1,USA,Bachelors,"Java, PHP","Django, Angular",51-200,82358
19,USA,Bachelors,"C#, C#","Vue, Spring",51-200,149908
24,USA,Bachelors,"Python, C++","ASP.NET, Django",201-1000,138199
39,India,Masters,"C#, Java","Flask, Vue",51-200,163076
19,USA,Masters,"Rust, Python","Spring, Spring",51-200,125730
10,France,Masters,"C++, JavaScript","React, ASP.NET",201-1000,89177
0,Germany,Masters,"Go, Rust","Ruby on Rails, React",201-1000,58793
28,USA,Bachelors,"C++, Go","Express, Express",10-Jan,178713
26,Japan,Bachelors,"Rust, C#","Ruby on Rails, ASP.NET",10-Jan,127187
17,Australia,Bachelors,"Go, Java","Angular, Spring",1001-5000,82553
38,USA,Bachelors,"Python, JavaScript","React, Flask",201-1000,208891
7,USA,Bachelors,"Go, Swift","Flask, Vue",Nov-50,112722
19,USA,Bachelors,"PHP, Swift","Flask, Ruby on Rails",5000+,169674
2,USA,Bachelors,"Java, Java","Vue, React",10-Jan,78826
3,USA,High School,"Python, Java","ASP.NET, Spring",51-200,111932
8,USA,Bachelors,"C++, Python","Express, React",10-Jan,106545
2,Australia,High School,"Java, JavaScript","Angular, Ruby on Rails",1001-5000,59675
0,USA,Bachelors,"Ruby, JavaScript","Vue, Vue",201-1000,88864
12,Germany,Bachelors,"PHP, PHP","Django, Ruby on Rails",51-200,114418
18,UK,Masters,"Swift, Go","Spring, Laravel",5000+,152626
25,India,Masters,"C#, Java","Angular, Flask",Nov-50,107996
37,France,Bachelors,"Java, Swift","ASP.NET, Vue",5000+,181901
24,Japan,Bachelors,"Swift, Rust","Angular, Django",201-1000,130284
19,USA,Masters,"Ruby, Go","Laravel, Vue",10-Jan,149491
31,France,Bachelors,"Go, PHP","Django, Spring",51-200,116029
37,USA,Masters,"Ruby, Go","Ruby on Rails, Vue",Nov-50,229297
4,Singapore,Bachelors,"Ruby, C#","Angular, Flask",201-1000,59160
8,USA,Masters,"Rust, Python","Django, Angular",10-Jan,139292
28,USA,Bachelors,"C#, Rust","Express, Django",1001-5000,160768
15,USA,Some College,"JavaScript, Rust","Django, Laravel",51-200,159486
4,France,Some College,"Go, C++","Vue, Flask",Nov-50,58155
10,France,Some College,"C#, Ruby","Ruby on Rails, Spring",Nov-50,88893
32,Canada,Bachelors,"C#, Go","ASP.NET, Django",201-1000,154323
1,Japan,Masters,"PHP, Swift","Ruby on Rails, Flask",1001-5000,60378
9,USA,Some College,"PHP, Rust","Spring, ASP.NET",201-1000,111208
17,USA,Bachelors,"Ruby, Go","Express, Vue",5000+,137453
2,Singapore,Masters,"C++, Java","Spring, Angular",10-Jan,60547
13,Australia,Masters,"Java, C++","Angular, Laravel",Nov-50,106457
30,USA,Bachelors,"Swift, PHP","Laravel, React",201-1000,163631
38,Germany,Bachelors,"Python, Go","Spring, Express",Nov-50,154952
18,Japan,Masters,"Ruby, PHP","ASP.NET, Django",1001-5000,96798
17,India,Masters,"Go, Ruby","Django, React",10-Jan,68414
33,France,Some College,"PHP, Java","Express, Laravel",5000+,133628
37,Germany,Masters,"Python, C++","ASP.NET, Ruby on Rails",1001-5000,159013
8,USA,Bachelors,"Ruby, C++","Vue, Laravel",1001-5000,134296
10,USA,PhD,"C#, PHP","Laravel, Express",51-200,154375
23,UK,Bachelors,"Python, C#","Vue, Ruby on Rails",10-Jan,134996
35,Germany,Masters,"Go, PHP","Laravel, Vue",5000+,187367
29,Germany,Bachelors,"Swift, Python","React, Ruby on Rails",5000+,181417
15,USA,Masters,"Python, PHP","React, Spring",1001-5000,129771
6,Canada,Bachelors,"C++, PHP","React, Ruby on Rails",10-Jan,83480
23,Japan,Masters,"C++, C++","Spring, Django",10-Jan,110816
14,UK,Masters,"JavaScript, C++","Django, Flask",10-Jan,114515
12,USA,Masters,"Go, Java","Spring, Ruby on Rails",5000+,131377
23,France,Bachelors,"Swift, Swift","Spring, Laravel",51-200,119921
2,USA,Masters,"Rust, Go","Vue, Django",51-200,103335
14,Canada,Bachelors,"Swift, Swift","ASP.NET, React",51-200,121482
7,USA,Bachelors,"C#, Go","Vue, Ruby on Rails",51-200,111179
27,UK,Bachelors,"Ruby, C++","Django, React",Nov-50,127412
4,Singapore,Bachelors,"C++, Rust","Ruby on Rails, ASP.NET",10-Jan,70898
5,Germany,Bachelors,"JavaScript, Java","Django, Angular",Nov-50,60434
11,USA,Bachelors,"JavaScript, Rust","Flask, Express",51-200,99001
8,USA,Bachelors,"Rust, Ruby","React, Ruby on Rails",5000+,128430
40,USA,Masters,"Python, Rust","Spring, Vue",51-200,182271
14,Germany,Bachelors,"Go, Rust","Django, Spring",5000+,109426
17,USA,Some College,"Java, C++","Flask, ASP.NET",10-Jan,140838
36,Canada,Some College,"Ruby, Go","Django, React",201-1000,136484
29,Canada,Bachelors,"Rust, Java","React, Django",5000+,161571
1,USA,Masters,"Rust, Go","Ruby on Rails, React",5000+,114239
7,Canada,Masters,"C++, Go","Laravel, Laravel",10-Jan,93471
27,USA,High School,"Java, Go","Ruby on Rails, Spring",201-1000,204941
29,USA,Bachelors,"C#, Swift","Angular, Laravel",Nov-50,201960
5,Germany,Masters,"JavaScript, Java","Angular, Express",51-200,78684
31,Singapore,High School,"Ruby, Rust","ASP.NET, Angular",51-200,135172
10,UK,Masters,"Python, PHP","Laravel, Flask",Nov-50,84525
14,USA,High School,"C#, Java","Spring, Spring",51-200,123058
35,USA,Masters,"Python, PHP","Spring, Spring",51-200,230786
16,USA,Some College,"Swift, C++","Flask, Vue",51-200,114979
34,USA,Bachelors,"JavaScript, C#","Express, Angular",5000+,171810
36,USA,Masters,"C++, Swift","Angular, Vue",1001-5000,198930
39,USA,Masters,"Go, C#","Vue, Ruby on Rails",201-1000,233279
4,USA,PhD,"Swift, C#","Django, Vue",1001-5000,98038
12,USA,Bachelors,"JavaScript, C#","Flask, Express",10-Jan,143779
16,France,Bachelors,"Ruby, Swift","Express, Spring",1001-5000,89843
38,Canada,Bachelors,"JavaScript, Java","ASP.NET, Express",51-200,204677
24,USA,Masters,"Ruby, C#","Django, Angular",51-200,196666
18,USA,Masters,"Python, Java","Flask, ASP.NET",1001-5000,134682
13,France,Bachelors,"Ruby, C++","ASP.NET, Express",201-1000,86537
9,USA,Bachelors,"Ruby, Ruby","Django, Django",51-200,131407
4,USA,Bachelors,"Rust, PHP","Spring, ASP.NET",51-200,90407
36,India,Bachelors,"Java, Ruby","Laravel, React",10-Jan,98860
37,India,Some College,"Ruby, Rust","Flask, Spring",10-Jan,111694
5,Germany,Bachelors,"Python, JavaScript","React, Spring",201-1000,75074
28,Germany,Some College,"Java, C++","Vue, Express",5000+,147683
0,Germany,Masters,"C++, Rust","Ruby on Rails, Ruby on Rails",5000+,90625
34,Canada,High School,"Go, Rust","Spring, Express",5000+,191793
21,USA,Masters,"Java, Ruby","Express, Angular",1001-5000,158790
27,USA,Masters,"Rust, Go","Spring, ASP.NET",5000+,204071
27,USA,High School,"Rust, C#","Django, Flask",201-1000,149226
24,USA,Bachelors,"C#, PHP","React, Spring",1001-5000,159247
35,Australia,Bachelors,"C++, C++","Django, React",51-200,127011
5,USA,Bachelors,"PHP, Python","React, Vue",Nov-50,114293
12,USA,Bachelors,"Go, Go","Angular, ASP.NET",201-1000,136563
39,Germany,Masters,"Python, PHP","Spring, React",51-200,153347
22,USA,Masters,"Ruby, Swift","Flask, Flask",51-200,169622
16,Brazil,Masters,"C++, Ruby","Spring, Vue",201-1000,121207
3,India,High School,"PHP, Go","React, Spring",10-Jan,22208
21,UK,Masters,"Ruby, Rust","Laravel, Vue",1001-5000,159066
5,USA,Bachelors,"Rust, C++","Spring, Flask",5000+,107241
25,India,Bachelors,"C#, Swift","ASP.NET, Ruby on Rails",10-Jan,76977
8,USA,Masters,"Python, Rust","Flask, Vue",201-1000,122917
1,Canada,Bachelors,"PHP, C++","Vue, Spring",10-Jan,54037
36,UK,Bachelors,"PHP, PHP","Ruby on Rails, Django",1001-5000,190564
22,UK,Bachelors,"Python, C++","Express, Angular",5000+,131400
28,Canada,Masters,"Go, Ruby","Ruby on Rails, React",10-Jan,167950
5,UK,Masters,"Rust, Java","Spring, ASP.NET",Nov-50,84510
16,Canada,Bachelors,"C#, Ruby","Django, Django",1001-5000,121514
20,France,Masters,"Swift, PHP","React, ASP.NET",10-Jan,120310
32,USA,Bachelors,"C++, Swift","Spring, Spring",Nov-50,192887
2,UK,Some College,"JavaScript, Ruby","React, Angular",Nov-50,69774
7,USA,Bachelors,"JavaScript, C#","Vue, ASP.NET",201-1000,131367
24,USA,Bachelors,"PHP, C++","ASP.NET, Django",Nov-50,155586
2,USA,Masters,"Ruby, Rust","Django, React",1001-5000,104550
32,USA,Bachelors,"Rust, Python","Ruby on Rails, Django",10-Jan,219959
35,Canada,High School,"Go, Ruby","Spring, ASP.NET",51-200,187517
2,India,Some College,"Swift, Rust","React, Vue",5000+,42055
9,USA,Bachelors,"C++, Rust","Flask, Express",10-Jan,94314
37,India,Bachelors,"PHP, PHP","Express, Vue",10-Jan,125429
35,India,Bachelors,"JavaScript, Swift","Laravel, Vue",201-1000,116226
20,USA,Bachelors,"PHP, C#","Flask, Ruby on Rails",51-200,179575
5,Canada,Bachelors,"Rust, Ruby","ASP.NET, React",1001-5000,71314
39,Canada,Bachelors,"Swift, Rust","Django, Spring",Nov-50,208127
17,USA,Bachelors,"C#, C++","Express, Ruby on Rails",51-200,130369
31,Germany,Some College,"Java, Python","ASP.NET, ASP.NET",1001-5000,160293
12,India,High School,"Ruby, PHP","Laravel, Flask",10-Jan,51481
10,Canada,Bachelors,"C++, Java","Ruby on Rails, Express",201-1000,97571
34,Germany,Bachelors,"Go, JavaScript","Ruby on Rails, Express",201-1000,174153
4,USA,Bachelors,"C#, Ruby","Express, Laravel",5000+,99656
19,France,Bachelors,"Go, C#","Flask, Angular",1001-5000,128142
34,Germany,Masters,"JavaScript, PHP","Ruby on Rails, ASP.NET",5000+,162614
10,Australia,Masters,"PHP, C++","Vue, Angular",51-200,85302
11,USA,Masters,"PHP, Java","Express, Laravel",51-200,140774
30,Germany,Some College,"Python, JavaScript","React, Ruby on Rails",51-200,170010
38,India,Bachelors,"PHP, JavaScript","Laravel, React",10-Jan,127731
28,UK,Bachelors,"Go, Go","Flask, Express",Nov-50,168828
35,USA,Some College,"Java, Python","Flask, Spring",201-1000,222462
6,Australia,High School,"PHP, Python","Spring, Django",201-1000,54684
1,Australia,Bachelors,"Ruby, Ruby","Laravel, React",201-1000,51507
36,Australia,Bachelors,"Swift, Rust","Flask, React",10-Jan,187715
8,USA,Bachelors,"Python, PHP","ASP.NET, Ruby on Rails",201-1000,109544
17,Germany,Bachelors,"PHP, Rust","ASP.NET, React",51-200,131432
10,Australia,Some College,"Ruby, Rust","React, Flask",10-Jan,78744
35,Germany,Bachelors,"Swift, Rust","Angular, Flask",201-1000,156170
28,India,Bachelors,"Python, PHP","Django, Angular",1001-5000,116598
10,USA,Bachelors,"Ruby, JavaScript","Flask, Angular",201-1000,132374
35,USA,Masters,"C#, Ruby","ASP.NET, Express",1001-5000,164739
40,France,Masters,"Ruby, JavaScript","Ruby on Rails, Ruby on Rails",5000+,217124
25,Germany,Bachelors,"PHP, JavaScript","Spring, Angular",201-1000,120442
28,Singapore,Bachelors,"Swift, Rust","Ruby on Rails, Express",10-Jan,127540
29,UK,Bachelors,"Go, Swift","Ruby on Rails, ASP.NET",5000+,192878
40,UK,Masters,"PHP, PHP","Angular, Express",5000+,184767
20,India,Some College,"Swift, Rust","Spring, Laravel",1001-5000,66884
34,USA,Masters,"JavaScript, Java","Ruby on Rails, React",1001-5000,207246
17,USA,Bachelors,"Python, Go","Vue, Vue",51-200,150147
17,USA,Masters,"Go, Go","Laravel, Flask",201-1000,148975
26,USA,Masters,"Python, Swift","Django, Django",10-Jan,147981
14,Japan,Bachelors,"Rust, Go","React, Ruby on Rails",201-1000,104548
24,India,Bachelors,"Rust, Python","Flask, Vue",51-200,83108
13,USA,Masters,"Rust, C#","Flask, Vue",1001-5000,137218
35,Germany,Bachelors,"PHP, PHP","ASP.NET, Flask",10-Jan,133103
5,Japan,Bachelors,"Swift, Swift","Spring, ASP.NET",5000+,86860
6,USA,Masters,"JavaScript, Go","Vue, Spring",Nov-50,133307
39,Australia,Bachelors,"Java, C#","Angular, Flask",1001-5000,197033
37,UK,Some College,"PHP, Python","Laravel, Ruby on Rails",201-1000,166536
13,USA,Bachelors,"Ruby, Python","Vue, Spring",51-200,147644
30,USA,Bachelors,"JavaScript, Swift","Laravel, Flask",Nov-50,184958
19,France,PhD,"Ruby, C#","Spring, Laravel",Nov-50,108921
13,USA,Bachelors,"C#, Go","Spring, Laravel",5000+,140486
23,Japan,Bachelors,"Swift, JavaScript","Flask, Ruby on Rails",51-200,112969
17,USA,Masters,"Rust, Rust","Ruby on Rails, Ruby on Rails",Nov-50,138774
26,USA,Bachelors,"C++, C#","Laravel, Spring",1001-5000,194839
12,UK,Bachelors,"Swift, C#","React, React",51-200,80590
31,USA,Masters,"Rust, Swift","Express, Flask",201-1000,184833
36,India,PhD,"Java, Python","Express, Vue",51-200,168338
18,Canada,Masters,"PHP, Rust","Ruby on Rails, Express",1001-5000,124450
35,USA,Masters,"Rust, Java","Ruby on Rails, Flask",Nov-50,201805
5,Germany,Bachelors,"Go, Python","ASP.NET, ASP.NET",Nov-50,83994
5,Japan,Bachelors,"C#, Go","Laravel, Angular",5000+,91184
30,India,Bachelors,"Java, PHP","Django, ASP.NET",10-Jan,117700
40,UK,Bachelors,"Java, C++","Django, React",Nov-50,199982
6,USA,Bachelors,"PHP, PHP","React, Express",51-200,123048
0,USA,Bachelors,"Java, JavaScript","Flask, Spring",1001-5000,104998
31,India,Bachelors,"Swift, Python","Flask, Vue",1001-5000,122384
2,USA,PhD,"Java, Go","React, Ruby on Rails",51-200,137612
19,USA,Bachelors,"Swift, C++","Django, Express",5000+,145685
17,USA,Bachelors,"Ruby, Go","ASP.NET, Angular",51-200,145923
2,USA,Some College,"Swift, Rust","Spring, Express",1001-5000,101847
29,USA,Bachelors,"PHP, C++","Angular, Vue",1001-5000,197826
38,USA,Masters,"Rust, Ruby","Spring, ASP.NET",10-Jan,231361
17,France,High School,"C++, PHP","Ruby on Rails, Laravel",51-200,99354
6,Canada,Masters,"Swift, Ruby","Django, Vue",10-Jan,90069
6,India,Masters,"C#, C#","Angular, Vue",201-1000,39624
26,Canada,Bachelors,"Ruby, C#","React, Vue",1001-5000,115177
6,Canada,Bachelors,"Java, PHP","Django, Spring",10-Jan,68382
18,Japan,PhD,"C++, Ruby","Ruby on Rails, Spring",1001-5000,131274
16,USA,Bachelors,"Java, Go","ASP.NET, React",Nov-50,159639
17,USA,Bachelors,"C#, Python","Ruby on Rails, Angular",10-Jan,126509
29,USA,Bachelors,"Rust, Rust","Vue, ASP.NET",201-1000,156139
35,USA,Bachelors,"Ruby, Rust","ASP.NET, Express",5000+,236737
32,USA,Masters,"PHP, Ruby","Flask, React",5000+,174366
37,India,Masters,"Swift, C++","React, Angular",10-Jan,149900
17,USA,Bachelors,"Java, Go","Vue, Flask",201-1000,120067
14,Canada,Bachelors,"Ruby, C++","Django, Laravel",1001-5000,92625
9,India,Bachelors,"Java, Go","Django, React",201-1000,41063
26,France,High School,"Java, JavaScript","React, Angular",51-200,149418
1,USA,Bachelors,"C#, Python","Spring, Laravel",1001-5000,106030
20,Australia,Bachelors,"JavaScript, JavaScript","React, React",201-1000,101255
13,USA,Bachelors,"Swift, Swift","Flask, Laravel",5000+,142099
27,India,Bachelors,"PHP, C#","Express, Laravel",Nov-50,81800
4,USA,Bachelors,"Java, Python","Angular, Ruby on Rails",5000+,135623
15,USA,Masters,"Java, C++","Express, Spring",Nov-50,151292
31,USA,Bachelors,"C++, Go","Django, Vue",201-1000,196853
23,Canada,Bachelors,"PHP, Go","Ruby on Rails, Vue",Nov-50,109754
40,India,Some College,"Ruby, Java","Django, Ruby on Rails",201-1000,151660
40,Japan,Masters,"JavaScript, Ruby","Laravel, Vue",51-200,200454
31,France,Bachelors,"PHP, C#","Django, Spring",5000+,186625
10,Canada,Bachelors,"JavaScript, PHP","Spring, Spring",1001-5000,94307
21,USA,Bachelors,"Python, JavaScript","Angular, Angular",1001-5000,134400
4,Brazil,Bachelors,"Java, JavaScript","Angular, Angular",51-200,50109
22,Canada,Masters,"Swift, JavaScript","Laravel, Flask",51-200,109530
28,Canada,Masters,"Ruby, C#","Flask, Flask",5000+,149966
9,USA,Masters,"Java, C++","ASP.NET, Django",5000+,160949
38,USA,Bachelors,"PHP, Java","Angular, Spring",51-200,170511
1,USA,Bachelors,"Go, Swift","Django, React",1001-5000,90239
28,Germany,Bachelors,"PHP, Ruby","Angular, Vue",1001-5000,131981
28,India,Bachelors,"Python, Java","ASP.NET, Express",Nov-50,116800
31,Canada,High School,"JavaScript, Rust","Express, Spring",201-1000,154082
27,Australia,Masters,"Java, JavaScript","Flask, React",201-1000,120105
35,India,Bachelors,"Rust, Go","Flask, ASP.NET",1001-5000,119183
4,Germany,Bachelors,"Swift, JavaScript","React, Angular",201-1000,82310
12,UK,Bachelors,"Rust, Rust","Express, Django",1001-5000,112247
0,USA,PhD,"PHP, Java","Django, Laravel",10-Jan,105741
27,Canada,Bachelors,"Go, Swift","Spring, Flask",Nov-50,145790
9,India,Bachelors,"PHP, Java","Django, Ruby on Rails",1001-5000,42114
4,USA,Bachelors,"C++, PHP","Laravel, Ruby on Rails",Nov-50,107349
5,Germany,Bachelors,"Swift, Go","Django, Express",51-200,77683
25,USA,Bachelors,"Python, C++","Express, Spring",5000+,155847
28,Germany,Some College,"C#, JavaScript","ASP.NET, Ruby on Rails",51-200,154983
40,UK,Bachelors,"Swift, C++","Ruby on Rails, Angular",5000+,161272
19,Brazil,Some College,"C++, Go","Vue, React",201-1000,124307
1,India,Bachelors,"C#, PHP","Laravel, Vue",201-1000,16955
11,Canada,Bachelors,"C++, Go","Flask, Vue",Nov-50,86031
16,USA,Bachelors,"Rust, Java","ASP.NET, Express",Nov-50,115187
5,Japan,Bachelors,"PHP, Swift","Spring, Ruby on Rails",Nov-50,60639
27,India,Masters,"JavaScript, JavaScript","Ruby on Rails, Flask",1001-5000,116780
15,Germany,Bachelors,"JavaScript, PHP","Vue, Laravel",51-200,95674
10,Singapore,Bachelors,"Python, C#","Vue, React",5000+,100358
6,USA,Some College,"PHP, Go","Spring, Ruby on Rails",51-200,120238
39,India,Some College,"Rust, C++","Spring, Spring",10-Jan,156439
23,UK,Masters,"C#, Rust","Vue, Vue",1001-5000,146094
37,India,Bachelors,"Ruby, C#","Express, Laravel",5000+,116510
34,USA,Masters,"Python, PHP","React, Django",10-Jan,194949
37,USA,Bachelors,"C++, C++","ASP.NET, Django",51-200,214584
1,Germany,Bachelors,"PHP, C++","Express, Ruby on Rails",201-1000,75428
26,UK,Bachelors,"Ruby, Java","Express, Vue",10-Jan,141259
32,UK,Bachelors,"C++, Python","Angular, Angular",51-200,145437
6,Japan,Bachelors,"Python, Swift","Flask, Flask",10-Jan,79169
29,USA,Bachelors,"JavaScript, C++","ASP.NET, Vue",51-200,142141
13,USA,Bachelors,"PHP, JavaScript","Spring, ASP.NET",51-200,150177
32,Japan,Masters,"Python, Ruby","Spring, Ruby on Rails",51-200,177000
5,UK,Bachelors,"Swift, Python","Django, Vue",Nov-50,88911
9,Germany,Bachelors,"Go, JavaScript","Laravel, Vue",201-1000,85834
38,USA,Bachelors,"Rust, C++","Django, ASP.NET",Nov-50,222589
31,USA,PhD,"Java, Ruby","Angular, Flask",51-200,201090
15,Australia,Bachelors,"C++, Ruby","Angular, Flask",201-1000,78025
23,Germany,Some College,"Swift, JavaScript","React, React",10-Jan,130326
0,India,Bachelors,"Python, C#","Ruby on Rails, ASP.NET",Nov-50,14580
4,India,Bachelors,"PHP, JavaScript","Vue, ASP.NET",5000+,44464
1,Canada,Bachelors,"Swift, C++","React, Laravel",Nov-50,71261
14,UK,High School,"Go, C#","Flask, Ruby on Rails",51-200,110504
20,India,High School,"Ruby, Java","React, Ruby on Rails",1001-5000,76644
26,Australia,Bachelors,"Python, Ruby","Flask, Spring",51-200,141716
0,Germany,Masters,"JavaScript, Python","Angular, Laravel",10-Jan,73019
32,USA,Bachelors,"C#, C#","Spring, Ruby on Rails",51-200,182595
1,USA,Masters,"Python, Swift","Angular, ASP.NET",201-1000,92890
25,UK,Bachelors,"C++, Go","Laravel, Flask",Nov-50,154395
9,Germany,Bachelors,"JavaScript, Java","Spring, React",5000+,104049
24,UK,Masters,"JavaScript, C++","Spring, Django",10-Jan,129420
14,Germany,Masters,"C++, Ruby","Laravel, Ruby on Rails",Nov-50,97039
1,Germany,Masters,"Ruby, Swift","Spring, Spring",Nov-50,69911
3,Canada,Masters,"Go, C#","Laravel, Spring",Nov-50,82617
2,Germany,Bachelors,"Python, Ruby","Vue, Ruby on Rails",Nov-50,57142
28,USA,Bachelors,"Go, C#","Flask, React",201-1000,158607
19,USA,Bachelors,"Ruby, C#","Flask, Django",5000+,193484
38,Singapore,Masters,"Ruby, PHP","Spring, Express",Nov-50,152970
13,USA,Bachelors,"Ruby, Swift","Django, Flask",Nov-50,145433
3,USA,Masters,"Java, Swift","Ruby on Rails, Angular",201-1000,96237
31,Singapore,Bachelors,"Swift, C++","Vue, Ruby on Rails",1001-5000,158781
7,Germany,Some College,"C++, Swift","Angular, ASP.NET",201-1000,71083
14,USA,Some College,"C#, Java","React, Ruby on Rails",1001-5000,115152
39,Canada,Bachelors,"PHP, C++","Express, Spring",201-1000,144172
7,USA,High School,"JavaScript, Java","Express, Angular",1001-5000,116084
38,Brazil,Bachelors,"C#, JavaScript","Ruby on Rails, Ruby on Rails",5000+,194909
24,USA,Bachelors,"Swift, Swift","Spring, Express",201-1000,157347
27,Germany,Masters,"Ruby, Rust","Vue, Laravel",51-200,152952
24,France,Bachelors,"Ruby, C++","Spring, Laravel",201-1000,108439
21,India,Bachelors,"Swift, Rust","Ruby on Rails, ASP.NET",5000+,103721
25,USA,Some College,"Ruby, C#","Laravel, Angular",10-Jan,169298
10,France,Masters,"Swift, Rust","Angular, ASP.NET",1001-5000,73884
30,UK,Bachelors,"Ruby, PHP","Angular, ASP.NET",5000+,150980
13,Germany,High School,"Java, C++","Angular, Vue",51-200,107548
19,France,Bachelors,"Swift, Java","Ruby on Rails, Spring",201-1000,91610
25,USA,Masters,"Ruby, C++","Django, React",5000+,187121
38,USA,Bachelors,"Ruby, Go","ASP.NET, Django",51-200,196929
1,USA,Masters,"PHP, Java","Laravel, Spring",1001-5000,112973
21,India,Bachelors,"C++, Java","Express, Laravel",Nov-50,91613
23,Canada,Bachelors,"PHP, Swift","Spring, React",10-Jan,152099
28,UK,PhD,"C#, Java","Laravel, Laravel",10-Jan,183600
40,Canada,Masters,"Swift, C#","Ruby on Rails, Laravel",1001-5000,155641
40,USA,PhD,"Swift, Python","Ruby on Rails, ASP.NET",201-1000,252202
0,USA,Some College,"Swift, C#","Ruby on Rails, Flask",1001-5000,98051
18,France,Bachelors,"Rust, Rust","Express, Spring",5000+,100366
33,Germany,Masters,"JavaScript, Go","Ruby on Rails, Vue",51-200,145451
24,USA,Masters,"Rust, JavaScript","ASP.NET, Ruby on Rails",5000+,179173
1,Canada,Bachelors,"C#, C++","Express, React",51-200,56276
14,USA,Masters,"Python, C++","Flask, Vue",201-1000,144727
23,USA,Bachelors,"Swift, Java","Django, ASP.NET",10-Jan,156949
28,USA,Bachelors,"Ruby, C++","Express, Ruby on Rails",Nov-50,148179
5,USA,Masters,"Swift, Java","Vue, Express",Nov-50,136090
3,USA,Bachelors,"Python, C#","React, Vue",10-Jan,93132
26,Canada,Bachelors,"C#, JavaScript","Django, Express",5000+,169065
29,Singapore,Bachelors,"C++, Python","Django, Flask",51-200,110343
7,USA,High School,"C++, JavaScript","Flask, Spring",5000+,102087
7,USA,Masters,"Java, Python","Vue, ASP.NET",51-200,140544
38,USA,Masters,"Rust, C#","Angular, Ruby on Rails",1001-5000,255100
25,UK,Masters,"Java, Python","Vue, Django",201-1000,145401
22,Japan,PhD,"Swift, Ruby","Laravel, React",201-1000,130162
13,UK,Masters,"C#, Java","Spring, Vue",10-Jan,118030
17,Japan,Masters,"Java, Ruby","Vue, Angular",10-Jan,97709
10,Canada,Bachelors,"Go, Python","Express, ASP.NET",Nov-50,87332
3,USA,Bachelors,"C++, Go","Django, React",5000+,101996
5,USA,Bachelors,"C#, Go","React, Vue",51-200,99279
22,USA,Masters,"Swift, Java","Django, Express",Nov-50,184411
15,Canada,Masters,"C#, Swift","Express, React",201-1000,121623
23,USA,High School,"Swift, Go","Spring, ASP.NET",201-1000,177988
37,Canada,Bachelors,"PHP, Go","Flask, Express",201-1000,140844
33,India,Bachelors,"Rust, Java","Ruby on Rails, Vue",1001-5000,106796
15,USA,High School,"Rust, C#","Ruby on Rails, Angular",51-200,133343
7,Canada,Masters,"JavaScript, Ruby","ASP.NET, Express",10-Jan,82066
3,UK,Masters,"JavaScript, C#","Spring, Vue",10-Jan,92397
28,Canada,Masters,"C++, C++","Flask, Vue",201-1000,177840
36,Germany,Bachelors,"Go, Rust","Express, ASP.NET",201-1000,147389
0,Canada,Masters,"Python, PHP","Flask, ASP.NET",Nov-50,83238
17,UK,Masters,"PHP, Rust","React, Laravel",Nov-50,137760
12,India,Masters,"Go, Go","Flask, Express",5000+,62693
18,USA,Bachelors,"Java, PHP","Spring, Angular",Nov-50,141300
22,Australia,Masters,"C#, C++","Laravel, React",10-Jan,127740
29,USA,High School,"Ruby, Swift","Vue, Angular",201-1000,179917
27,Germany,Bachelors,"Python, C#","Flask, ASP.NET",51-200,145263
17,USA,Masters,"Java, Rust","Laravel, React",1001-5000,138337
13,USA,Bachelors,"Swift, Java","Django, Flask",51-200,108116
23,USA,Bachelors,"PHP, Rust","React, ASP.NET",201-1000,173453
38,Brazil,Bachelors,"Ruby, C++","Express, Express",1001-5000,146146
16,Singapore,Bachelors,"Java, PHP","Ruby on Rails, Laravel",5000+,123861
13,UK,Masters,"Python, Swift","ASP.NET, Express",5000+,132513
12,UK,PhD,"Swift, Python","Spring, ASP.NET",Nov-50,138393
8,India,Bachelors,"Python, Python","React, Express",1001-5000,42665
33,India,Some College,"Swift, Ruby","Spring, Vue",51-200,132280
19,USA,Bachelors,"C++, PHP","Laravel, Vue",10-Jan,169961
18,USA,High School,"Java, Java","React, Express",Nov-50,124683
34,USA,Bachelors,"Rust, Python","Django, Django",1001-5000,162135
11,USA,Bachelors,"C#, Swift","ASP.NET, Vue",Nov-50,130245
5,Germany,Bachelors,"Java, Python","React, Flask",Nov-50,73454
33,USA,Some College,"Swift, Ruby","Flask, React",Nov-50,154607
10,USA,Masters,"Go, Python","Express, Django",1001-5000,150141
8,UK,Bachelors,"JavaScript, Swift","ASP.NET, Flask",5000+,87894
17,Brazil,Bachelors,"PHP, Swift","Laravel, Laravel",201-1000,113167
38,Japan,Masters,"Rust, PHP","Spring, Angular",201-1000,142940
9,USA,Bachelors,"Rust, Swift","Express, Flask",5000+,131533
16,Japan,Bachelors,"JavaScript, Rust","React, ASP.NET",1001-5000,103163
14,Canada,Masters,"C#, Go","Vue, Vue",Nov-50,122426
4,France,Bachelors,"JavaScript, Rust","Spring, Vue",10-Jan,71126
16,Australia,Masters,"PHP, Ruby","Spring, Express",10-Jan,109378
11,France,Bachelors,"C++, PHP","Ruby on Rails, Flask",5000+,110826
9,UK,Masters,"PHP, Python","Angular, Flask",5000+,104653
33,Germany,Masters,"Ruby, Ruby","ASP.NET, Express",Nov-50,152308
6,Japan,Some College,"Java, PHP","ASP.NET, Express",5000+,96396
16,USA,PhD,"Java, Swift","React, Angular",51-200,180937
15,USA,Bachelors,"Rust, PHP","Laravel, Django",51-200,125576
29,Australia,Bachelors,"Ruby, Java","Spring, React",51-200,147235
31,Brazil,Bachelors,"C++, PHP","Angular, Express",5000+,138694
9,USA,PhD,"Ruby, Ruby","ASP.NET, Spring",Nov-50,129337
2,USA,Bachelors,"C#, JavaScript","Django, Spring",1001-5000,95970
13,Japan,Some College,"Rust, C#","Express, Angular",5000+,122468
3,USA,Bachelors,"JavaScript, Go","Ruby on Rails, React",201-1000,93898
28,France,Bachelors,"Java, Swift","Spring, React",1001-5000,154498
29,France,Bachelors,"JavaScript, Rust","Spring, Spring",51-200,127481
39,Germany,Masters,"C++, PHP","Ruby on Rails, Spring",201-1000,168545
1,France,Bachelors,"Java, C++","Laravel, Spring",201-1000,50639
21,UK,Masters,"Python, C++","Laravel, Express",1001-5000,119857
38,Australia,Bachelors,"Go, JavaScript","Laravel, Vue",10-Jan,193137
22,USA,Masters,"Go, PHP","Vue, Angular",201-1000,162906
11,USA,Bachelors,"Python, C#","Ruby on Rails, Ruby on Rails",5000+,110476
24,France,Masters,"Go, Ruby","Ruby on Rails, Django",1001-5000,138085
38,Germany,High School,"Go, Rust","Flask, React",10-Jan,144072
38,USA,Masters,"Rust, Rust","Django, Angular",201-1000,245248
5,Japan,PhD,"Go, Go","Django, Vue",201-1000,89541
0,India,Bachelors,"Rust, Python","Ruby on Rails, Spring",Nov-50,16308
10,Germany,Masters,"PHP, Python","Ruby on Rails, Ruby on Rails",51-200,81813
25,Japan,Some College,"Ruby, Java","Spring, Laravel",201-1000,144329
4,Germany,Bachelors,"Swift, C#","ASP.NET, Spring",1001-5000,76145
29,USA,Bachelors,"JavaScript, C++","Ruby on Rails, Flask",1001-5000,193070
13,Brazil,PhD,"C++, Ruby","Angular, Angular",201-1000,97382
16,USA,Bachelors,"Java, Go","Spring, Laravel",201-1000,141501
3,USA,Bachelors,"Ruby, Ruby","Angular, Laravel",10-Jan,98896
12,Germany,PhD,"Python, Java","Spring, ASP.NET",201-1000,112830
0,UK,Bachelors,"Ruby, PHP","Vue, Flask",201-1000,52044
16,India,PhD,"PHP, JavaScript","Spring, Django",201-1000,70903
2,Brazil,Masters,"Ruby, Go","Express, Vue",Nov-50,65262
26,Germany,Bachelors,"Python, Rust","React, Vue",201-1000,158975
15,Germany,PhD,"Ruby, Go","ASP.NET, Ruby on Rails",51-200,101687
13,USA,Bachelors,"JavaScript, Ruby","ASP.NET, React",10-Jan,148916
40,USA,Bachelors,"Go, JavaScript","React, Express",5000+,214893
5,India,Some College,"Go, Python","Spring, Django",201-1000,28681
36,USA,Bachelors,"C++, JavaScript","Flask, Flask",5000+,243842
29,UK,Bachelors,"Swift, C++","ASP.NET, Laravel",Nov-50,173297
1,USA,Bachelors,"Go, JavaScript","React, React",Nov-50,79230
15,India,Bachelors,"Java, C++","Vue, Express",201-1000,62669
38,UK,Some College,"JavaScript, Python","Express, Ruby on Rails",1001-5000,187403
39,Japan,Bachelors,"Swift, PHP","React, ASP.NET",201-1000,158315
6,Germany,Bachelors,"PHP, Swift","Laravel, Django",5000+,95708
22,Australia,Some College,"Java, C++","ASP.NET, Ruby on Rails",Nov-50,103542
10,Canada,Bachelors,"C#, JavaScript","Laravel, Ruby on Rails",201-1000,93215
9,USA,Masters,"PHP, PHP","Spring, Laravel",10-Jan,108683
25,India,Masters,"C++, C++","Spring, Flask",51-200,115572
17,Canada,Bachelors,"Ruby, JavaScript","Django, Spring",Nov-50,110200
3,India,Some College,"C++, Rust","Ruby on Rails, Ruby on Rails",Nov-50,22921
33,USA,Masters,"Ruby, Swift","Laravel, Vue",5000+,174166
20,Japan,Masters,"Rust, Swift","Angular, React",5000+,125722
6,Singapore,Bachelors,"Go, Swift","Express, Vue",1001-5000,56286
21,Canada,Masters,"Ruby, Java","Laravel, Laravel",Nov-50,109557
39,India,Bachelors,"Rust, PHP","Angular, Angular",10-Jan,139116
1,Germany,Masters,"C#, C++","Spring, Ruby on Rails",201-1000,82029
8,France,Bachelors,"PHP, Swift","React, ASP.NET",10-Jan,65481
18,India,Masters,"JavaScript, C++","React, Django",5000+,82462
5,Canada,Bachelors,"Java, C++","ASP.NET, Angular",201-1000,83330
33,Singapore,Bachelors,"Java, Rust","Angular, Express",Nov-50,149141
3,USA,Bachelors,"Ruby, Python","Django, Flask",Nov-50,107385
31,USA,Masters,"PHP, Go","ASP.NET, Spring",5000+,236570
30,France,Bachelors,"Go, Swift","Spring, React",Nov-50,154845
11,Japan,Masters,"Swift, C#","Angular, Angular",Nov-50,87434
26,UK,Bachelors,"Python, C++","Flask, ASP.NET",201-1000,154330
24,USA,PhD,"Swift, Rust","Spring, Django",10-Jan,213764
37,Singapore,Bachelors,"PHP, JavaScript","Vue, Express",5000+,205076
5,Canada,Bachelors,"C#, PHP","React, Django",Nov-50,65793
25,Canada,Bachelors,"Java, Swift","Spring, ASP.NET",201-1000,157806
35,Canada,Bachelors,"Java, Rust","Spring, Flask",201-1000,171780
9,Germany,Bachelors,"Rust, C++","Laravel, ASP.NET",1001-5000,79138
9,USA,Masters,"Swift, Python","Ruby on Rails, Express",1001-5000,149516
16,France,Bachelors,"Java, PHP","ASP.NET, Django",1001-5000,81207
28,UK,Some College,"PHP, Java","Laravel, Laravel",5000+,185438
39,UK,High School,"Go, Java","Ruby on Rails, Ruby on Rails",1001-5000,185313
40,Canada,Bachelors,"Python, Rust","Django, Ruby on Rails",201-1000,185770
36,Canada,Masters,"Python, Go","ASP.NET, Angular",10-Jan,203470
3,USA,Bachelors,"Python, PHP","Angular, Angular",51-200,84854
39,UK,Bachelors,"PHP, JavaScript","Express, ASP.NET",1001-5000,172233
34,UK,Bachelors,"JavaScript, Python","Laravel, Django",51-200,139696
31,USA,Bachelors,"PHP, Rust","Flask, Express",10-Jan,219020
20,France,Bachelors,"C#, Ruby","React, Vue",Nov-50,113822
1,UK,Bachelors,"C#, Ruby","Django, React",51-200,58919
23,France,Bachelors,"C++, C#","Laravel, Laravel",10-Jan,95637
8,UK,Bachelors,"JavaScript, JavaScript","React, Vue",51-200,100086
35,UK,High School,"C#, JavaScript","Express, Express",1001-5000,142595
9,USA,Bachelors,"Java, Rust","Express, Django",Nov-50,99516
13,USA,Bachelors,"Swift, Ruby","Spring, Laravel",Nov-50,128340
32,Germany,Some College,"Go, Java","Flask, Angular",1001-5000,144119
0,Germany,Masters,"C#, Ruby","Django, Angular",10-Jan,65964
31,Japan,Bachelors,"Go, Rust","Ruby on Rails, Spring",10-Jan,169294
28,Germany,Bachelors,"JavaScript, JavaScript","React, ASP.NET",1001-5000,125778
13,USA,Masters,"Python, Java","Laravel, Ruby on Rails",Nov-50,151761
19,USA,Masters,"Rust, Swift","Ruby on Rails, Spring",201-1000,170562
23,Australia,Bachelors,"Go, Python","ASP.NET, Ruby on Rails",10-Jan,133580
31,USA,Masters,"Go, C++","Angular, Express",5000+,233644
6,Brazil,Masters,"Swift, Java","Spring, Django",201-1000,81262
34,Germany,High School,"Swift, Ruby","Laravel, Laravel",5000+,193709
34,Singapore,Masters,"Rust, JavaScript","Laravel, React",51-200,162680
12,USA,Masters,"PHP, Ruby","Express, React",10-Jan,110218
0,USA,Bachelors,"PHP, Ruby","Express, React",51-200,92021
40,Germany,Masters,"JavaScript, C#","Vue, React",Nov-50,177117
17,Brazil,Masters,"C#, Python","Ruby on Rails, Flask",1001-5000,125333
10,Canada,Bachelors,"PHP, PHP","Flask, React",1001-5000,106308
35,Canada,Bachelors,"C#, Ruby","Django, ASP.NET",Nov-50,169335
24,Canada,Bachelors,"Rust, Swift","Spring, ASP.NET",51-200,116177
18,Canada,Bachelors,"C++, C++","Django, Angular",201-1000,109226
21,USA,Masters,"Rust, PHP","Laravel, ASP.NET",5000+,196296
5,India,Bachelors,"C#, C++","Django, Flask",1001-5000,35573
17,USA,Bachelors,"Java, Python","ASP.NET, Vue",10-Jan,134814
12,USA,Some College,"PHP, Go","Express, Express",51-200,137519
16,UK,Bachelors,"Swift, Go","Express, Laravel",5000+,145955
10,UK,Bachelors,"Rust, Swift","Laravel, Vue",Nov-50,89221
5,Brazil,Masters,"C#, Java","ASP.NET, ASP.NET",10-Jan,61996
40,USA,Some College,"JavaScript, C#","Ruby on Rails, Spring",10-Jan,230356
35,Canada,Masters,"Swift, Java","Laravel, Vue",1001-5000,164211
7,India,Bachelors,"Java, C#","Spring, Flask",201-1000,37924
31,USA,Masters,"C#, JavaScript","Laravel, Laravel",201-1000,213685
13,USA,Bachelors,"PHP, C++","Ruby on Rails, Spring",10-Jan,140007
32,France,Masters,"Go, Swift","Laravel, React",Nov-50,167004
16,USA,Bachelors,"C++, Go","Vue, Express",51-200,118389
39,Germany,Bachelors,"Rust, JavaScript","Django, Express",201-1000,210276
29,Brazil,Masters,"C++, C#","Flask, React",10-Jan,126049
36,Canada,Bachelors,"Rust, C#","Django, React",1001-5000,177827
34,USA,Bachelors,"C++, JavaScript","Spring, React",10-Jan,167663
28,USA,PhD,"Java, PHP","Ruby on Rails, Laravel",5000+,238561
17,UK,Some College,"Swift, Go","ASP.NET, Ruby on Rails",201-1000,129284
17,India,High School,"C++, Swift","Laravel, Django",201-1000,61562
12,India,Some College,"C#, JavaScript","Laravel, Ruby on Rails",5000+,59819
34,India,Bachelors,"Swift, Swift","Ruby on Rails, React",201-1000,122330
40,USA,Bachelors,"C#, Ruby","Ruby on Rails, Laravel",10-Jan,211230
13,Germany,Bachelors,"Rust, Java","Express, Django",Nov-50,95449
7,UK,Some College,"Go, Rust","Ruby on Rails, Express",Nov-50,71533
33,USA,Bachelors,"C++, Python","Vue, React",51-200,220917
29,USA,Masters,"Java, Ruby","Express, Spring",Nov-50,219069
15,Germany,Masters,"C#, C#","Express, Express",51-200,132345
39,Canada,Bachelors,"Rust, Go","Spring, Vue",51-200,158330
22,France,Masters,"C++, C#","Spring, Laravel",1001-5000,143939
29,UK,High School,"PHP, Ruby","Angular, Flask",51-200,172227
27,USA,Some College,"JavaScript, JavaScript","Ruby on Rails, Vue",Nov-50,168936
25,USA,Bachelors,"C#, Rust","React, Angular",Nov-50,151223
5,Canada,Masters,"Java, C#","Laravel, Angular",1001-5000,96443
6,Canada,Bachelors,"Java, Python","Vue, Express",201-1000,86702
18,Australia,Bachelors,"Go, Rust","Angular, Vue",5000+,106688
5,USA,Bachelors,"Java, Rust","Flask, ASP.NET",5000+,139990
29,Brazil,Masters,"Ruby, Ruby","Express, Angular",10-Jan,154261
25,USA,Masters,"C#, Rust","Express, Spring",10-Jan,175339
32,USA,High School,"Ruby, JavaScript","ASP.NET, Spring",10-Jan,149998
19,India,Masters,"C++, Java","Vue, Ruby on Rails",5000+,100979
28,USA,Some College,"Go, Python","Flask, Flask",1001-5000,203866
16,Australia,Masters,"C#, Go","Ruby on Rails, Laravel",201-1000,89358
34,USA,Bachelors,"Python, Rust","Laravel, Flask",1001-5000,154295
12,USA,Bachelors,"JavaScript, Go","Ruby on Rails, Flask",1001-5000,129695
40,Canada,Bachelors,"Go, PHP","Ruby on Rails, Angular",Nov-50,206343
26,USA,Masters,"Swift, Go","Flask, Express",51-200,165503
14,Germany,PhD,"JavaScript, Ruby","Spring, ASP.NET",10-Jan,133473
26,USA,Masters,"Python, Rust","Ruby on Rails, Flask",10-Jan,152939
24,USA,Masters,"Ruby, C#","Flask, Flask",51-200,185567
3,UK,High School,"PHP, PHP","React, Express",10-Jan,62804
5,Canada,Masters,"Java, PHP","Django, Ruby on Rails",5000+,83655
35,Japan,Some College,"JavaScript, C++","Angular, Django",201-1000,150937
32,Australia,High School,"Go, Ruby","Django, ASP.NET",Nov-50,165632
31,USA,Some College,"Java, JavaScript","Ruby on Rails, Flask",1001-5000,178490
36,USA,Bachelors,"Go, Go","Express, Express",201-1000,176367
2,Australia,Bachelors,"Go, Rust","Flask, Express",51-200,63658
0,USA,Bachelors,"Swift, Java","Spring, ASP.NET",201-1000,84548
3,USA,Bachelors,"Rust, Python","Vue, Express",201-1000,94248
31,UK,Bachelors,"JavaScript, Ruby","Vue, Angular",5000+,171669
20,Germany,PhD,"Swift, C#","Laravel, Ruby on Rails",201-1000,142643
35,Australia,High School,"JavaScript, Swift","Spring, ASP.NET",1001-5000,141721
27,USA,Bachelors,"JavaScript, JavaScript","Django, Angular",51-200,190410
6,Singapore,PhD,"Java, Go","Laravel, Flask",Nov-50,100940
20,USA,Masters,"Go, Java","Flask, Ruby on Rails",10-Jan,138709
24,USA,Some College,"Rust, JavaScript","Angular, Spring",10-Jan,164427
6,India,Bachelors,"Swift, JavaScript","Ruby on Rails, Ruby on Rails",51-200,35253
35,France,Some College,"Python, C++","Ruby on Rails, Spring",5000+,166339
34,USA,Masters,"Java, JavaScript","Django, Spring",201-1000,178043
34,USA,Bachelors,"Python, Swift","ASP.NET, ASP.NET",201-1000,179405
24,Canada,PhD,"C#, C#","Express, ASP.NET",Nov-50,133609
1,Japan,Bachelors,"Python, C++","Django, Flask",10-Jan,48149
40,France,Bachelors,"PHP, C#","Ruby on Rails, Laravel",51-200,157061
8,USA,Bachelors,"JavaScript, Java","Spring, Laravel",10-Jan,108253
12,India,Some College,"Java, Swift","Angular, React",201-1000,57455
17,USA,Bachelors,"Go, JavaScript","Ruby on Rails, Ruby on Rails",1001-5000,143212
15,Germany,High School,"Java, Rust","Django, Flask",51-200,113915
30,Singapore,Bachelors,"Python, Go","Flask, ASP.NET",201-1000,136548
39,India,Some College,"Go, Java","Django, Django",1001-5000,156494
35,Canada,Bachelors,"C#, JavaScript","Angular, Express",201-1000,138837
22,UK,Bachelors,"JavaScript, Rust","Django, Laravel",Nov-50,129100
39,USA,Bachelors,"JavaScript, C++","Angular, Laravel",10-Jan,210850
25,India,Masters,"Go, Go","Angular, Ruby on Rails",5000+,124737
10,India,Bachelors,"Go, C#","Django, Django",10-Jan,51631
0,Brazil,Bachelors,"Python, JavaScript","React, Flask",10-Jan,47264
28,USA,Some College,"Swift, C++","Express, Express",10-Jan,163335
3,UK,Bachelors,"Swift, Rust","ASP.NET, ASP.NET",201-1000,70075
1,USA,Bachelors,"C#, JavaScript","Express, ASP.NET",51-200,87393
33,UK,PhD,"Ruby, C#","Express, Vue",10-Jan,207686
32,USA,Masters,"Swift, Python","Laravel, React",201-1000,221523
36,Germany,Bachelors,"Go, C#","React, Flask",201-1000,158033
19,USA,Masters,"Rust, C++","Vue, Angular",1001-5000,151929
24,USA,Masters,"C++, Ruby","Ruby on Rails, ASP.NET",51-200,167433
10,USA,Some College,"Rust, Python","ASP.NET, Spring",Nov-50,120483
20,USA,PhD,"Go, Go","Angular, Spring",1001-5000,166544
32,Canada,Masters,"Swift, JavaScript","Flask, ASP.NET",10-Jan,197645
17,France,Some College,"Ruby, Swift","Django, Flask",201-1000,103545
37,Germany,Bachelors,"Ruby, Ruby","Ruby on Rails, Angular",Nov-50,179242
35,Canada,Masters,"C++, Python","Laravel, Ruby on Rails",10-Jan,192827
19,USA,High School,"Rust, JavaScript","Laravel, Django",201-1000,165933
3,France,Bachelors,"Java, C++","Express, ASP.NET",5000+,88639
2,USA,Some College,"Python, Rust","Laravel, Vue",10-Jan,103052
24,USA,Masters,"C#, PHP","Angular, Express",51-200,191205
32,USA,Some College,"C#, Python","Ruby on Rails, Angular",10-Jan,182367
13,USA,Bachelors,"Rust, C#","Spring, Express",51-200,112882
21,USA,Bachelors,"JavaScript, PHP","Spring, Ruby on Rails",1001-5000,153927
11,USA,Bachelors,"PHP, C++","Vue, Laravel",1001-5000,113148
8,India,Bachelors,"Go, Rust","Flask, React",201-1000,46424
2,Germany,Bachelors,"JavaScript, Swift","Spring, ASP.NET",201-1000,66887
7,Canada,Bachelors,"Ruby, C++","React, Flask",1001-5000,75766
25,USA,Bachelors,"C#, C#","Spring, Ruby on Rails",201-1000,165511
15,Canada,Bachelors,"Go, Ruby","ASP.NET, Vue",5000+,116781
35,USA,Bachelors,"C#, JavaScript","Spring, Flask",5000+,217421
8,UK,PhD,"Java, C#","Laravel, Django",10-Jan,114686
16,Japan,Some College,"Swift, PHP","Spring, Vue",Nov-50,97511
25,Singapore,Bachelors,"Swift, JavaScript","Flask, Angular",Nov-50,134696
26,Australia,Some College,"Java, Ruby","Flask, Spring",Nov-50,151060
37,USA,Masters,"C#, Go","Spring, ASP.NET",5000+,206851
19,USA,Bachelors,"Rust, Java","React, Spring",201-1000,146709
24,USA,Bachelors,"JavaScript, Swift","Laravel, ASP.NET",Nov-50,162268
3,Singapore,Bachelors,"Swift, JavaScript","Express, Spring",201-1000,67425
34,Brazil,Bachelors,"Ruby, C#","Django, Ruby on Rails",1001-5000,175751
12,Germany,Bachelors,"C++, Rust","Ruby on Rails, Django",51-200,102779
23,USA,Masters,"Java, Java","Laravel, Vue",Nov-50,196925
34,Japan,Bachelors,"Rust, Swift","Spring, Ruby on Rails",201-1000,136405
0,USA,Bachelors,"JavaScript, Swift","React, Flask",10-Jan,91530
29,UK,Bachelors,"C++, C#","Django, Spring",10-Jan,137742
39,Brazil,Bachelors,"Python, Python","Flask, Flask",Nov-50,192856
4,Germany,Masters,"C++, C++","Express, Django",5000+,85876
17,USA,Bachelors,"Java, Rust","Spring, React",201-1000,162183
4,USA,Bachelors,"C#, C#","ASP.NET, ASP.NET",201-1000,83407
8,India,Masters,"C++, Go","React, React",1001-5000,42983
29,USA,Masters,"Swift, Rust","React, Express",10-Jan,201877
14,Canada,Bachelors,"C#, PHP","Flask, ASP.NET",5000+,107493
21,UK,Masters,"PHP, Java","Vue, Express",201-1000,158673
38,USA,Some College,"JavaScript, Rust","React, Laravel",1001-5000,242352
11,USA,Bachelors,"Java, PHP","Laravel, Vue",10-Jan,132684
6,Japan,Bachelors,"PHP, Python","Laravel, Laravel",Nov-50,71032
20,USA,Bachelors,"C++, PHP","Django, Spring",51-200,141643
20,USA,PhD,"Rust, PHP","Laravel, React",201-1000,171184
38,France,Some College,"Go, C++","Ruby on Rails, Ruby on Rails",Nov-50,147963
33,USA,Masters,"Ruby, Python","Spring, ASP.NET",51-200,178223
7,Japan,Masters,"Go, C#","Vue, Ruby on Rails",Nov-50,79056
37,Germany,Masters,"C#, Ruby","Ruby on Rails, Ruby on Rails",1001-5000,189050
12,UK,Masters,"PHP, Rust","Express, ASP.NET",1001-5000,112730
18,UK,Some College,"Rust, Rust","Express, Django",51-200,109057
38,USA,Masters,"Java, Python","Spring, React",201-1000,230861
2,Singapore,Masters,"Java, Java","React, ASP.NET",10-Jan,74955
15,USA,PhD,"C#, Java","Express, Laravel",201-1000,167107
0,USA,Masters,"JavaScript, Rust","Vue, Vue",51-200,88429
17,Germany,Masters,"Swift, Ruby","Django, Laravel",10-Jan,117070
33,India,Masters,"PHP, C++","Express, Django",51-200,140427
29,France,Masters,"Rust, C++","Angular, ASP.NET",1001-5000,137949
32,Australia,PhD,"Go, Rust","Express, Vue",201-1000,168525
38,France,Bachelors,"Go, C#","Express, Express",10-Jan,134099
10,USA,Bachelors,"Rust, Swift","Angular, Ruby on Rails",10-Jan,109982
17,USA,Masters,"Ruby, Ruby","Express, Angular",1001-5000,138852
5,USA,Masters,"Swift, C++","Spring, Vue",51-200,95960
25,USA,Some College,"JavaScript, Go","Flask, React",5000+,193662
36,USA,High School,"Java, C++","Express, Flask",51-200,208213
24,UK,Bachelors,"Rust, Java","Express, Spring",1001-5000,143392
35,Germany,Bachelors,"JavaScript, Go","Express, Django",1001-5000,170394
19,India,Masters,"Swift, Rust","Angular, Express",Nov-50,70340
25,USA,Some College,"PHP, Python","React, Flask",5000+,210546
2,USA,Bachelors,"Python, C#","Spring, Spring",51-200,77159
22,USA,Masters,"Ruby, Rust","Angular, Angular",201-1000,192374
10,Canada,Bachelors,"C++, C++","Flask, React",201-1000,80662
17,Canada,Bachelors,"Java, Swift","Laravel, ASP.NET",10-Jan,111789
23,USA,Masters,"Swift, Java","ASP.NET, React",1001-5000,140733
18,UK,Bachelors,"Python, C#","Laravel, Vue",51-200,97416
14,Canada,Masters,"PHP, Rust","Flask, React",10-Jan,94703
7,Canada,Bachelors,"PHP, JavaScript","Spring, React",201-1000,94828
37,Australia,Masters,"PHP, JavaScript","Vue, React",1001-5000,142102
33,USA,Bachelors,"C++, Swift","Express, Spring",51-200,167639
20,Canada,Masters,"Java, Python","Express, React",51-200,133963
1,India,Masters,"Python, JavaScript","Express, Laravel",201-1000,24677
21,USA,Masters,"Go, PHP","Laravel, React",51-200,181796
8,Singapore,Bachelors,"C++, Rust","React, Express",Nov-50,75059
13,Australia,Masters,"Swift, C#","Ruby on Rails, Angular",1001-5000,98458
11,USA,Some College,"Go, PHP","Angular, Express",5000+,141105
37,USA,High School,"JavaScript, Swift","Spring, Angular",5000+,213903
34,Japan,Some College,"Go, PHP","Flask, Flask",1001-5000,148970
8,UK,Masters,"Ruby, JavaScript","React, Spring",Nov-50,100312
9,USA,Bachelors,"Python, Python","Angular, Flask",Nov-50,117414
26,Canada,Masters,"Swift, Python","Ruby on Rails, Express",201-1000,125475
39,Japan,Bachelors,"Go, JavaScript","Flask, ASP.NET",10-Jan,177637
21,Canada,Bachelors,"PHP, Python","Vue, Angular",201-1000,144781
39,USA,Bachelors,"Go, C++","Django, Angular",51-200,178262
24,USA,Masters,"Java, C#","Laravel, Ruby on Rails",51-200,199276
39,USA,Masters,"Ruby, C++","ASP.NET, ASP.NET",201-1000,234002
9,USA,Bachelors,"PHP, Rust","Vue, Express",51-200,122665
26,USA,Bachelors,"Rust, Ruby","Vue, React",51-200,138039
34,UK,Bachelors,"PHP, PHP","Vue, React",1001-5000,161137
24,Japan,Masters,"PHP, Ruby","Express, ASP.NET",51-200,141013
3,USA,Bachelors,"Go, JavaScript","Angular, Angular",1001-5000,79553
14,USA,Bachelors,"C#, C#","React, Laravel",201-1000,148029
29,USA,Some College,"Swift, Rust","Ruby on Rails, Spring",Nov-50,201681
21,India,Masters,"Rust, C++","Angular, Spring",201-1000,101125
34,USA,High School,"Python, Swift","Ruby on Rails, Vue",5000+,234877
20,India,Bachelors,"Rust, JavaScript","ASP.NET, Flask",1001-5000,63869
3,India,Bachelors,"Rust, Swift","Django, Angular",10-Jan,25293
39,USA,Bachelors,"Ruby, PHP","Flask, Express",10-Jan,168452
19,USA,Masters,"Go, Ruby","Flask, Laravel",1001-5000,187175
5,USA,Bachelors,"Ruby, PHP","React, Spring",51-200,98776
5,Australia,Masters,"Python, Java","Vue, Flask",201-1000,72334
8,Singapore,Bachelors,"Swift, C++","Vue, Angular",1001-5000,71344
25,Germany,Bachelors,"C++, Ruby","ASP.NET, Django",5000+,175330
20,Australia,Masters,"Python, Swift","Django, ASP.NET",201-1000,132335
7,Germany,Masters,"Go, C++","Angular, Express",Nov-50,97279
19,UK,Masters,"Python, Go","Angular, Laravel",Nov-50,130598
28,Brazil,Bachelors,"Python, C++","Angular, React",5000+,161612
39,India,Bachelors,"C++, JavaScript","Ruby on Rails, ASP.NET",5000+,173145
15,USA,Bachelors,"Swift, Ruby","Express, ASP.NET",5000+,176589
25,India,Bachelors,"JavaScript, JavaScript","ASP.NET, Angular",1001-5000,103368
36,USA,Some College,"Rust, C#","React, Django",201-1000,173389
19,Canada,Bachelors,"Java, Swift","Angular, Express",51-200,110966
20,Germany,Bachelors,"Java, JavaScript","Flask, Django",Nov-50,104919
17,France,Masters,"JavaScript, C++","Django, Vue",51-200,133110
3,France,Masters,"JavaScript, C++","Ruby on Rails, Vue",51-200,75301
16,Japan,Masters,"Rust, Python","Laravel, Laravel",Nov-50,119570
35,USA,PhD,"C#, Ruby","React, ASP.NET",5000+,271449
5,UK,Masters,"Python, Java","Flask, Spring",5000+,87781
23,USA,Bachelors,"C#, Ruby","Laravel, ASP.NET",201-1000,131658
14,Canada,Masters,"Swift, Java","React, Django",1001-5000,131499
36,Australia,Bachelors,"Ruby, JavaScript","Angular, Vue",5000+,202595
26,USA,Bachelors,"PHP, Swift","Django, React",201-1000,163464
36,Germany,PhD,"JavaScript, Ruby","Angular, Ruby on Rails",5000+,202352
8,France,Masters,"Rust, PHP","Laravel, Express",1001-5000,75401
35,France,PhD,"Java, Rust","Angular, Spring",51-200,205401
40,USA,Bachelors,"Python, Go","Angular, Flask",201-1000,249819
23,Brazil,Masters,"Java, Python","Ruby on Rails, Angular",51-200,132203
29,Australia,Bachelors,"Python, C++","Flask, Laravel",1001-5000,127520
8,Germany,Masters,"C++, PHP","Express, React",1001-5000,102556
37,Germany,PhD,"Swift, PHP","Laravel, Vue",51-200,205428
21,USA,Bachelors,"C#, PHP","Ruby on Rails, Express",51-200,140563
2,UK,Bachelors,"Java, PHP","Flask, Flask",10-Jan,75727
40,Canada,Some College,"Rust, C++","Flask, Angular",10-Jan,158655
5,Germany,Bachelors,"Go, Ruby","Flask, Django",10-Jan,69026
0,USA,Bachelors,"Go, Ruby","Laravel, Express",Nov-50,90511
7,Brazil,Masters,"C#, Java","Angular, React",1001-5000,80655
18,Canada,Bachelors,"Rust, Rust","Flask, Laravel",201-1000,126978
15,USA,Masters,"C#, Java","Django, Angular",1001-5000,126902
28,USA,Masters,"Go, Swift","Django, ASP.NET",51-200,156133
22,USA,Bachelors,"Python, C++","Vue, Angular",Nov-50,149912
12,Canada,Bachelors,"JavaScript, Java","Angular, Spring",1001-5000,102319
10,Germany,Bachelors,"Go, JavaScript","ASP.NET, Flask",10-Jan,86868
9,USA,Masters,"Java, Go","Express, Spring",5000+,141919
33,Japan,High School,"JavaScript, Java","Express, Vue",201-1000,138731
31,Canada,Bachelors,"C#, Python","Angular, Angular",1001-5000,171402
8,Australia,Some College,"Go, Python","Spring, Django",10-Jan,82363
25,Germany,Bachelors,"Go, C++","Django, React",5000+,138057
24,USA,Bachelors,"Ruby, Go","Django, Flask",Nov-50,159192
4,USA,Masters,"Go, Ruby","Ruby on Rails, React",1001-5000,118261
12,USA,PhD,"Go, Ruby","Spring, Vue",1001-5000,152212
38,Canada,Masters,"Swift, Rust","Django, Flask",1001-5000,177848
39,Japan,Bachelors,"Python, Rust","ASP.NET, Vue",10-Jan,199834
8,USA,Masters,"Go, Python","Spring, ASP.NET",51-200,120514
36,UK,Masters,"Rust, Rust","Spring, Vue",201-1000,192926
35,Brazil,Bachelors,"C++, C#","Angular, Vue",5000+,149146
19,UK,Some College,"Python, C#","React, Spring",Nov-50,140273
40,Germany,Masters,"C#, Swift","React, Django",1001-5000,182893
7,USA,Bachelors,"C++, Swift","Express, ASP.NET",1001-5000,109017
18,India,Bachelors,"Python, Python","Spring, Spring",5000+,82978
16,USA,Some College,"Java, C++","Django, Express",201-1000,131688
21,Japan,Bachelors,"JavaScript, Python","Angular, Ruby on Rails",201-1000,99699
30,UK,High School,"Java, Rust","Flask, Django",51-200,142984
20,USA,Bachelors,"Rust, Rust","Laravel, Spring",10-Jan,166862
29,Australia,Masters,"Swift, PHP","Vue, Spring",51-200,151098
20,Germany,Bachelors,"C++, Go","Express, Express",201-1000,126059
1,USA,Bachelors,"JavaScript, Go","Laravel, Express",10-Jan,76894
26,India,High School,"C#, C++","Django, Angular",Nov-50,81485
12,UK,PhD,"JavaScript, Ruby","Spring, Angular",Nov-50,98110
20,USA,Bachelors,"C++, Ruby","Angular, React",51-200,159103
32,France,Masters,"PHP, JavaScript","Django, Express",1001-5000,147095
6,UK,Some College,"C++, Ruby","Laravel, ASP.NET",201-1000,74721
31,USA,Bachelors,"Java, PHP","Spring, Vue",1001-5000,174685
9,UK,Bachelors,"PHP, C++","ASP.NET, ASP.NET",5000+,119029
27,USA,Bachelors,"Swift, Ruby","Spring, Flask",51-200,186140
30,USA,Bachelors,"Ruby, C++","Angular, Angular",Nov-50,171039
1,Japan,Masters,"JavaScript, PHP","Ruby on Rails, Express",51-200,55665
37,Singapore,Masters,"JavaScript, C#","Express, Laravel",1001-5000,194261
8,UK,Bachelors,"Rust, PHP","Express, Ruby on Rails",5000+,103935
26,USA,Some College,"Swift, Swift","Ruby on Rails, Flask",201-1000,178679
13,Germany,Masters,"Ruby, Ruby","Spring, React",10-Jan,124226
39,USA,Bachelors,"JavaScript, Ruby","React, Vue",1001-5000,223256
39,USA,Bachelors,"Go, C#","Spring, Laravel",Nov-50,244760
27,USA,PhD,"Python, PHP","Laravel, React",5000+,205343
35,USA,Some College,"C#, C#","Ruby on Rails, Django",201-1000,219837
29,Australia,Bachelors,"Java, Go","Flask, Flask",1001-5000,136398
33,USA,Bachelors,"JavaScript, C#","ASP.NET, Django",5000+,176531
3,India,Masters,"C++, Rust","Express, Laravel",Nov-50,27669
8,USA,High School,"PHP, PHP","Flask, Ruby on Rails",5000+,123180
10,Japan,Bachelors,"Python, PHP","Spring, Express",5000+,96399
5,Australia,Bachelors,"Java, Java","Django, Laravel",1001-5000,75039
0,Japan,Bachelors,"C++, Java","React, Django",10-Jan,42285
32,India,Some College,"Python, Java","Spring, Laravel",1001-5000,101781
32,USA,Bachelors,"C++, Java","ASP.NET, Flask",1001-5000,212222
15,USA,Masters,"Rust, Ruby","Angular, ASP.NET",201-1000,149097
29,USA,Bachelors,"Swift, C++","React, Express",51-200,154334
16,France,Bachelors,"Java, Java","Vue, ASP.NET",5000+,120424
5,USA,Masters,"Python, C#","Spring, Django",5000+,132811
37,Germany,Bachelors,"Java, Rust","React, Ruby on Rails",Nov-50,178254
40,USA,Bachelors,"PHP, PHP","Flask, ASP.NET",Nov-50,238245
3,USA,Bachelors,"Ruby, JavaScript","Vue, Spring",51-200,82235
3,USA,Bachelors,"PHP, Python","Ruby on Rails, Angular",10-Jan,91964
26,USA,Bachelors,"Swift, Swift","Express, Angular",5000+,219305
7,Germany,Bachelors,"Ruby, Swift","Spring, ASP.NET",1001-5000,67012
18,Germany,Bachelors,"JavaScript, PHP","Spring, Express",201-1000,101272
0,Australia,Masters,"Go, C++","Spring, ASP.NET",201-1000,49413
6,Germany,Bachelors,"C++, Java","Angular, Express",51-200,91840
23,USA,Masters,"C++, Swift","React, Vue",Nov-50,156820
26,India,Bachelors,"C#, PHP","Vue, Angular",10-Jan,92027
2,India,PhD,"C++, Java","React, ASP.NET",10-Jan,46364
19,Australia,Bachelors,"C++, PHP","ASP.NET, Spring",201-1000,112331
11,USA,Some College,"Rust, Go","Spring, Flask",51-200,120373
35,Brazil,Bachelors,"C#, C++","React, Django",201-1000,153538
3,India,Some College,"C++, Swift","Angular, Express",10-Jan,26748
37,India,Bachelors,"PHP, Swift","Vue, Express",Nov-50,127778
2,Japan,Bachelors,"Go, Python","Vue, Angular",201-1000,58097
17,Canada,Some College,"PHP, Python","Express, Angular",51-200,132666
16,India,Bachelors,"Ruby, C#","Angular, Ruby on Rails",51-200,59139
37,Germany,Masters,"Rust, C#","React, Express",201-1000,159164
12,UK,PhD,"JavaScript, Rust","Laravel, React",201-1000,127192
35,USA,Masters,"C++, C#","Ruby on Rails, Angular",Nov-50,186935
18,France,Masters,"PHP, Swift","Flask, Spring",51-200,118263
13,France,Bachelors,"Ruby, Rust","Flask, ASP.NET",5000+,116505
2,Canada,Bachelors,"Java, Ruby","ASP.NET, Ruby on Rails",1001-5000,75361
10,Germany,Bachelors,"PHP, Rust","Express, Laravel",201-1000,85562
26,USA,Masters,"Swift, PHP","Express, Flask",51-200,168284
26,Germany,Bachelors,"Go, Python","Laravel, Ruby on Rails",Nov-50,112734
31,Japan,PhD,"Ruby, C++","Vue, React",10-Jan,183268
8,Japan,Masters,"PHP, Go","Angular, Angular",Nov-50,76828
10,UK,Bachelors,"C++, PHP","Spring, React",201-1000,102672
27,UK,Bachelors,"PHP, Rust","Vue, Vue",5000+,146580
27,Singapore,Bachelors,"Rust, Go","Angular, Vue",5000+,140487
25,USA,Bachelors,"Java, Ruby","Laravel, Django",201-1000,138328
40,Germany,Masters,"PHP, C#","ASP.NET, Spring",51-200,175406
7,USA,Masters,"Rust, PHP","Django, Ruby on Rails",Nov-50,136333
22,UK,Some College,"PHP, Rust","Spring, Express",5000+,130414
4,Canada,Bachelors,"Python, PHP","Express, Spring",10-Jan,67822
28,India,Masters,"JavaScript, C#","React, Ruby on Rails",10-Jan,100540
3,Australia,Bachelors,"Swift, Java","Ruby on Rails, Laravel",10-Jan,54906
28,USA,Masters,"PHP, Python","Flask, React",10-Jan,194362
21,USA,Bachelors,"Swift, Java","Ruby on Rails, Flask",10-Jan,151967
17,Canada,Masters,"Java, Java","Laravel, Ruby on Rails",10-Jan,119710
20,UK,Some College,"PHP, PHP","Angular, ASP.NET",5000+,127699
27,UK,Some College,"Ruby, Python","Django, Flask",51-200,160423
3,USA,Masters,"PHP, Python","Django, Express",51-200,119678
23,Germany,Bachelors,"Rust, Rust","Angular, ASP.NET",Nov-50,109001
24,Canada,Bachelors,"Python, Java","Laravel, Spring",5000+,152116
7,Australia,Some College,"Rust, Rust","ASP.NET, Django",201-1000,62507
14,USA,Masters,"Swift, Swift","Flask, Flask",201-1000,139615
20,UK,Some College,"JavaScript, Python","Flask, Angular",10-Jan,136944
20,Japan,Masters,"C#, JavaScript","Django, Ruby on Rails",5000+,128833
10,Australia,Bachelors,"C++, PHP","Vue, Django",51-200,72444
13,USA,Some College,"Rust, Go","Laravel, Vue",201-1000,146449
34,USA,Bachelors,"Ruby, Swift","Vue, Ruby on Rails",201-1000,177838
34,France,Some College,"Java, Java","Vue, Laravel",1001-5000,141351
24,UK,PhD,"Rust, Python","Express, Laravel",10-Jan,153161
10,Australia,PhD,"JavaScript, Python","React, ASP.NET",51-200,108505
0,Australia,Bachelors,"Swift, Go","Django, Vue",51-200,41543
9,USA,Bachelors,"PHP, C#","Spring, React",Nov-50,118614
40,India,Bachelors,"Swift, C#","Flask, Angular",51-200,155843
2,Germany,Bachelors,"Ruby, C#","React, ASP.NET",201-1000,64504
21,USA,Bachelors,"Ruby, JavaScript","Angular, Laravel",201-1000,156949
14,UK,Masters,"JavaScript, JavaScript","ASP.NET, ASP.NET",10-Jan,133449
40,UK,Bachelors,"PHP, Python","Django, ASP.NET",10-Jan,171907
28,Canada,Masters,"C#, Python","Flask, Ruby on Rails",Nov-50,168876
25,Brazil,Bachelors,"Python, Swift","Ruby on Rails, Spring",51-200,131672
14,India,Bachelors,"JavaScript, PHP","React, React",10-Jan,53172
28,USA,Bachelors,"Java, Swift","Spring, Angular",10-Jan,192741
3,Japan,Masters,"C++, PHP","Django, React",5000+,85802
19,USA,Masters,"Java, JavaScript","Angular, Laravel",10-Jan,186034
37,UK,Bachelors,"C#, PHP","Laravel, ASP.NET",Nov-50,175668
10,USA,Masters,"C#, C++","Spring, Flask",201-1000,149663
2,UK,High School,"PHP, Java","Laravel, Spring",5000+,74948
7,India,Masters,"Java, JavaScript","ASP.NET, Spring",5000+,68279
33,Canada,Masters,"Java, C#","Express, ASP.NET",Nov-50,201663
6,USA,Bachelors,"C#, Swift","Express, Django",201-1000,127658
35,Germany,Bachelors,"Python, Python","Angular, Angular",1001-5000,171391
17,France,Bachelors,"Ruby, Go","React, React",Nov-50,99823
22,UK,Some College,"C#, Python","Ruby on Rails, React",51-200,131983
29,UK,High School,"Ruby, JavaScript","ASP.NET, React",51-200,129011
37,India,Bachelors,"PHP, Python","Express, React",5000+,136392
7,USA,Bachelors,"C++, C#","React, Laravel",5000+,106658
7,India,Masters,"C#, Swift","Django, Angular",10-Jan,42620
35,USA,Bachelors,"C#, JavaScript","Ruby on Rails, Vue",10-Jan,195152
7,USA,Bachelors,"Swift, JavaScript","Laravel, Vue",5000+,131394
34,USA,Bachelors,"Java, Rust","Vue, Angular",5000+,233840
2,USA,Bachelors,"Rust, Python","React, Ruby on Rails",10-Jan,101232
33,Singapore,PhD,"Go, JavaScript","Vue, Ruby on Rails",Nov-50,191971
8,India,PhD,"C++, Java","Vue, Laravel",201-1000,49875
35,Canada,Some College,"PHP, Rust","Express, Vue",201-1000,146886
24,France,Bachelors,"JavaScript, Go","Laravel, React",10-Jan,133211
40,France,Masters,"Go, Swift","Vue, Flask",201-1000,173707
17,Canada,Masters,"PHP, JavaScript","Flask, ASP.NET",Nov-50,97853
21,USA,High School,"C#, Java","Vue, Laravel",1001-5000,136181
39,Australia,PhD,"C#, Ruby","Django, Laravel",10-Jan,172018
7,India,Bachelors,"Python, C++","Flask, Spring",51-200,37119
36,USA,Bachelors,"Swift, Python","React, Django",51-200,160912
6,UK,Masters,"Python, Python","ASP.NET, Vue",10-Jan,104596
37,Germany,Masters,"JavaScript, Swift","Laravel, Laravel",5000+,220594
18,Canada,Bachelors,"JavaScript, PHP","ASP.NET, Spring",Nov-50,96146
38,USA,PhD,"Go, PHP","Ruby on Rails, Django",5000+,206276
1,Germany,Masters,"C++, C#","ASP.NET, Laravel",10-Jan,70063
8,Germany,Bachelors,"C++, Rust","Laravel, React",1001-5000,86093
10,UK,Masters,"Python, Rust","Flask, Django",51-200,117313
37,UK,Masters,"JavaScript, PHP","Ruby on Rails, ASP.NET",5000+,177360
35,USA,Masters,"C#, Swift","Express, Django",1001-5000,207951
11,USA,Some College,"Rust, C++","Express, Ruby on Rails",201-1000,118629
13,USA,Bachelors,"JavaScript, C++","ASP.NET, Ruby on Rails",1001-5000,144195
23,UK,Bachelors,"Go, C#","Django, ASP.NET",5000+,141025
29,Germany,Masters,"Swift, PHP","Vue, Ruby on Rails",1001-5000,160713
14,USA,Masters,"Ruby, Swift","Spring, Flask",51-200,124568
18,Singapore,Bachelors,"Ruby, Ruby","Angular, ASP.NET",201-1000,121134
4,Canada,Masters,"Go, PHP","Vue, Laravel",51-200,94248
7,USA,Some College,"PHP, JavaScript","Django, Laravel",5000+,127902
18,Germany,Masters,"C++, Go","Ruby on Rails, Ruby on Rails",1001-5000,131769
29,Japan,Bachelors,"Ruby, JavaScript","React, React",1001-5000,148083
18,Australia,Bachelors,"Rust, PHP","Express, ASP.NET",5000+,113366
5,USA,Bachelors,"C++, C#","Angular, Spring",5000+,122888
0,Germany,High School,"Python, C++","Spring, Express",51-200,64472
10,Germany,Bachelors,"C#, Swift","Django, Ruby on Rails",Nov-50,84576
40,USA,Bachelors,"Go, JavaScript","Flask, Angular",51-200,192940
0,USA,PhD,"Rust, PHP","Spring, ASP.NET",5000+,126839
0,UK,Bachelors,"JavaScript, C++","Angular, Django",10-Jan,50834
1,Canada,Masters,"Swift, C++","Laravel, Laravel",5000+,73335
23,India,Bachelors,"C#, Ruby","ASP.NET, Angular",5000+,80704
6,France,Masters,"PHP, Go","Flask, Django",Nov-50,81752
22,Canada,Bachelors,"Go, PHP","React, Angular",Nov-50,136258
27,Singapore,Bachelors,"Swift, Python","Angular, Django",51-200,131461
26,France,Masters,"Java, C++","Angular, Vue",51-200,164168
39,Australia,Some College,"Rust, Rust","ASP.NET, Laravel",1001-5000,164061
28,Singapore,Masters,"Ruby, Rust","Spring, Ruby on Rails",51-200,168677
5,Australia,High School,"PHP, Rust","React, ASP.NET",10-Jan,61829
32,USA,Bachelors,"JavaScript, C++","Flask, Angular",10-Jan,193940
1,Singapore,Bachelors,"JavaScript, Ruby","Express, Spring",1001-5000,62442
27,UK,Bachelors,"C#, C#","Spring, Django",5000+,158967
19,Canada,Bachelors,"Go, Swift","Express, React",51-200,140090
5,Australia,Bachelors,"Rust, JavaScript","Angular, Django",1001-5000,64212
30,USA,Masters,"Python, Ruby","Flask, React",51-200,220033
25,USA,Some College,"Java, Rust","React, Angular",201-1000,154896
17,USA,Bachelors,"Swift, Go","Flask, Angular",5000+,166621
37,India,Bachelors,"C#, JavaScript","Ruby on Rails, Angular",1001-5000,139069
1,UK,Masters,"Swift, Java","Laravel, Flask",51-200,77668
17,Japan,Bachelors,"Swift, Go","Laravel, Ruby on Rails",1001-5000,107264
15,Canada,Bachelors,"Rust, C#","React, Ruby on Rails",1001-5000,92531
34,India,Bachelors,"Rust, Ruby","Angular, Vue",51-200,112919
6,UK,Bachelors,"JavaScript, C++","Flask, Angular",Nov-50,77005
32,USA,Some College,"C#, C++","Flask, Vue",1001-5000,167540
21,France,Bachelors,"PHP, Ruby","Express, Spring",10-Jan,115116
9,India,Some College,"Java, C#","Flask, Django",Nov-50,43767
4,USA,Masters,"C++, Java","Flask, Spring",5000+,149376
21,Australia,Bachelors,"Swift, JavaScript","ASP.NET, React",Nov-50,91419
10,UK,Bachelors,"Python, Ruby","ASP.NET, Spring",5000+,113932
15,USA,Bachelors,"JavaScript, Python","Django, Vue",51-200,131857
17,USA,Bachelors,"Go, PHP","Vue, Django",51-200,168180
29,USA,Bachelors,"Java, Python","Django, Spring",1001-5000,190341
22,USA,Bachelors,"C++, JavaScript","Flask, ASP.NET",Nov-50,138985
38,India,High School,"C++, Java","Express, Flask",10-Jan,131622
29,USA,Bachelors,"PHP, Go","React, Express",5000+,195910
33,USA,Masters,"Swift, Java","Angular, Flask",Nov-50,220616
39,UK,Bachelors,"PHP, Ruby","Django, ASP.NET",51-200,185299
14,Singapore,Masters,"Swift, Go","ASP.NET, Angular",10-Jan,93032
17,USA,Bachelors,"C#, PHP","ASP.NET, Django",10-Jan,113692
0,USA,Masters,"Rust, Ruby","ASP.NET, Spring",5000+,97691
22,Germany,Masters,"Java, Swift","Flask, Flask",5000+,163153
26,USA,PhD,"Rust, Java","React, Flask",Nov-50,209836
5,USA,Some College,"Ruby, C#","React, Spring",51-200,106943
35,India,Bachelors,"Ruby, PHP","React, Flask",51-200,104461
11,USA,Some College,"Rust, Java","Flask, Laravel",1001-5000,142512
9,Brazil,Some College,"Rust, Rust","ASP.NET, Django",Nov-50,81153
10,USA,High School,"Rust, PHP","React, React",51-200,112224
25,USA,Bachelors,"Swift, C#","Angular, Laravel",Nov-50,169090
4,USA,Masters,"C++, Swift","Flask, Ruby on Rails",10-Jan,130174
28,USA,Bachelors,"C++, Rust","Flask, Express",51-200,157214
36,USA,High School,"C#, Python","Angular, Laravel",51-200,161923
21,India,Masters,"JavaScript, Swift","React, React",201-1000,80769
2,Australia,Bachelors,"Swift, C++","Spring, Flask",201-1000,51307
3,UK,High School,"PHP, Java","Django, Vue",5000+,98325
35,Germany,PhD,"JavaScript, Rust","Flask, Ruby on Rails",5000+,170133
22,Australia,High School,"JavaScript, Go","Vue, Django",5000+,153718
1,Australia,Masters,"Rust, Rust","ASP.NET, Spring",1001-5000,54060
31,France,Bachelors,"Rust, PHP","Flask, Angular",201-1000,116444
20,USA,Some College,"Python, Java","Flask, Laravel",10-Jan,131194
2,USA,Bachelors,"Swift, JavaScript","Express, Spring",201-1000,101572
34,USA,Bachelors,"JavaScript, Go","Spring, Spring",201-1000,226527
27,USA,Masters,"Rust, C++","Flask, Angular",10-Jan,164127
9,India,Bachelors,"Ruby, Python","React, Angular",10-Jan,49083
2,Canada,PhD,"Ruby, Python","React, Ruby on Rails",51-200,84830
10,India,Masters,"Java, JavaScript","Spring, Ruby on Rails",51-200,58216
20,UK,Masters,"Java, Rust","Angular, Laravel",Nov-50,146894
34,Canada,PhD,"Rust, Go","React, Express",51-200,200650
15,Canada,Masters,"JavaScript, Java","Spring, Spring",10-Jan,130426
1,USA,Bachelors,"Rust, JavaScript","Spring, Vue",201-1000,82092
9,India,Some College,"Swift, Java","React, Spring",Nov-50,33813
25,Japan,Bachelors,"Go, C#","Angular, Flask",51-200,147317
14,India,Masters,"Python, Go","React, Angular",201-1000,59443
25,USA,Masters,"Swift, Python","Laravel, Express",201-1000,153742
26,India,Some College,"Java, Rust","Ruby on Rails, Vue",1001-5000,82926
25,USA,Masters,"C++, Swift","Express, Angular",1001-5000,191446
13,UK,Masters,"Rust, Swift","Vue, Django",201-1000,102652
22,USA,Bachelors,"Rust, C++","Flask, Django",51-200,177886
3,USA,Bachelors,"Ruby, Swift","React, Laravel",10-Jan,104300
6,France,Masters,"PHP, Go","Flask, Angular",51-200,63105
39,USA,Bachelors,"JavaScript, Go","Django, Django",5000+,237251
40,USA,Bachelors,"C#, Python","Flask, React",201-1000,231004
19,USA,Bachelors,"Go, Go","ASP.NET, Django",5000+,130118
25,Germany,Some College,"PHP, Swift","Flask, Flask",5000+,127367
0,UK,Masters,"C#, Rust","Vue, React",Nov-50,76735
40,USA,Some College,"Java, C#","Ruby on Rails, Spring",51-200,213431
25,Australia,Masters,"Rust, PHP","Express, Laravel",51-200,161241
18,USA,Bachelors,"Rust, Python","Vue, Flask",201-1000,162737
28,Japan,Bachelors,"Swift, C#","Django, Angular",5000+,176958
20,India,Bachelors,"JavaScript, Python","Vue, Express",51-200,81074
8,USA,Bachelors,"Go, JavaScript","Spring, Angular",1001-5000,134548
40,USA,PhD,"Python, PHP","Django, Ruby on Rails",201-1000,248009
32,UK,Masters,"Swift, Go","Django, Vue",Nov-50,186765
0,India,Bachelors,"Python, Go","ASP.NET, Express",Nov-50,12173
4,USA,Bachelors,"PHP, Go","Angular, Spring",51-200,105957
30,Germany,Bachelors,"Python, PHP","React, Express",5000+,166955
34,USA,Masters,"Rust, Ruby","Laravel, Express",Nov-50,202874
10,Australia,Bachelors,"Ruby, Ruby","Flask, Express",5000+,98816
39,Brazil,Masters,"Rust, Ruby","Angular, Express",Nov-50,194674
3,USA,Bachelors,"PHP, C++","Angular, ASP.NET",51-200,83083
8,Canada,Masters,"Swift, C#","Flask, React",51-200,76913
9,USA,Masters,"PHP, PHP","Vue, ASP.NET",1001-5000,151030
19,UK,Bachelors,"JavaScript, Rust","Angular, ASP.NET",10-Jan,94731
33,USA,Bachelors,"Java, Go","Express, Vue",Nov-50,186789
3,India,Some College,"JavaScript, Rust","Express, Spring",201-1000,28786
1,USA,Bachelors,"Swift, PHP","Vue, Express",1001-5000,86646
12,USA,Bachelors,"Rust, Python","Flask, Laravel",10-Jan,133839
22,USA,Bachelors,"Go, C++","Angular, Laravel",5000+,189496
31,USA,Masters,"PHP, PHP","Spring, Laravel",51-200,197747
32,India,Masters,"PHP, C#","Angular, Flask",201-1000,143828
15,USA,Masters,"Swift, C++","Spring, Django",51-200,148720
13,USA,Masters,"C#, Swift","Django, Django",51-200,148771
10,Australia,Masters,"Python, Java","Vue, Ruby on Rails",51-200,87664
6,USA,Bachelors,"Swift, Java","Laravel, Django",1001-5000,108213
14,France,Bachelors,"Java, Swift","Spring, Express",201-1000,106626
13,UK,Masters,"Python, PHP","Vue, Vue",10-Jan,87557
13,USA,Masters,"C#, Rust","Ruby on Rails, Express",1001-5000,146165
31,UK,PhD,"Ruby, Java","Laravel, Flask",Nov-50,206371
12,USA,PhD,"Ruby, C#","ASP.NET, Laravel",5000+,165617
37,Japan,Bachelors,"Rust, C++","React, React",10-Jan,148519
17,USA,Masters,"Rust, Python","Flask, Angular",Nov-50,158025
16,USA,Bachelors,"Swift, PHP","Express, Vue",5000+,146280
0,USA,Bachelors,"Swift, Swift","Vue, Django",51-200,101869
21,Canada,Bachelors,"Go, Java","Express, Flask",5000+,119758
2,France,Bachelors,"JavaScript, Swift","Laravel, Laravel",10-Jan,53310
24,USA,Masters,"Rust, JavaScript","Flask, Laravel",5000+,193509
35,USA,Bachelors,"C++, Ruby","Flask, Vue",Nov-50,168146
21,UK,Bachelors,"C++, JavaScript","ASP.NET, Vue",201-1000,131353
35,USA,Masters,"JavaScript, Rust","Flask, Ruby on Rails",51-200,169513
5,India,Bachelors,"JavaScript, Ruby","Spring, ASP.NET",5000+,36667
8,France,Masters,"PHP, Swift","Vue, Ruby on Rails",201-1000,68269
39,USA,Masters,"PHP, Go","ASP.NET, Angular",1001-5000,247158
13,Singapore,PhD,"JavaScript, JavaScript","Django, Ruby on Rails",51-200,114327
21,India,Bachelors,"Ruby, Java","Angular, React",10-Jan,67265
18,USA,Bachelors,"Ruby, C#","Vue, Ruby on Rails",51-200,146868
13,USA,High School,"Swift, C#","Flask, Flask",Nov-50,116185
10,USA,Masters,"C#, Swift","Spring, Angular",Nov-50,125358
3,USA,Bachelors,"Java, Go","Laravel, ASP.NET",1001-5000,85810
30,USA,High School,"Python, Rust","Vue, Django",51-200,183331
5,Canada,Masters,"PHP, Swift","Spring, Spring",5000+,115118
12,India,Some College,"C#, Python","Express, Angular",5000+,74052
1,Germany,Masters,"Java, Python","Flask, Laravel",201-1000,73958
14,Japan,Masters,"JavaScript, Go","Express, Ruby on Rails",201-1000,98748
34,USA,Bachelors,"C#, Go","React, Vue",10-Jan,171987
25,India,Bachelors,"Swift, Java","ASP.NET, Express",51-200,104625
15,Canada,Bachelors,"Swift, Python","Angular, Angular",Nov-50,94050
14,USA,Bachelors,"Rust, C++","React, Express",10-Jan,129374
21,USA,Bachelors,"Java, C#","React, Express",51-200,147133
26,Canada,Bachelors,"Java, Rust","Spring, Ruby on Rails",10-Jan,121590
36,Singapore,Bachelors,"C#, Swift","Angular, Laravel",10-Jan,162040
1,USA,Masters,"Python, Rust","Express, React",1001-5000,88618
3,USA,Bachelors,"PHP, PHP","Express, Laravel",5000+,119186
19,USA,Bachelors,"Rust, C#","Angular, Express",1001-5000,168734
34,India,Bachelors,"C++, Java","Angular, Ruby on Rails",51-200,111924
29,Singapore,Bachelors,"Swift, C#","Express, ASP.NET",201-1000,124239
3,Japan,Masters,"PHP, Go","Ruby on Rails, Spring",51-200,76946
3,USA,Masters,"JavaScript, Rust","Express, Laravel",5000+,101315
6,Germany,Bachelors,"Ruby, JavaScript","Spring, Flask",10-Jan,73334
1,Germany,Masters,"Go, Java","Ruby on Rails, Ruby on Rails",1001-5000,67860
28,Canada,Bachelors,"JavaScript, PHP","Flask, React",1001-5000,122122
7,USA,Some College,"PHP, JavaScript","Spring, Vue",10-Jan,113474
16,USA,Bachelors,"Rust, Go","Laravel, Spring",Nov-50,133779
33,Germany,Bachelors,"Java, JavaScript","Spring, ASP.NET",Nov-50,174742
32,USA,Bachelors,"Ruby, C++","Express, React",10-Jan,207612
33,Brazil,Masters,"PHP, PHP","Express, Laravel",Nov-50,178289
21,UK,PhD,"Ruby, Go","Django, Flask",10-Jan,121947
12,USA,Masters,"C++, Ruby","Django, Vue",5000+,148157
0,USA,Some College,"Go, Rust","Laravel, Flask",5000+,124546
12,USA,Bachelors,"Ruby, Java","Vue, Express",51-200,129308
8,USA,Some College,"Go, PHP","Spring, Flask",Nov-50,117065
9,USA,Some College,"Swift, Swift","Express, React",51-200,133016
17,Brazil,Bachelors,"Java, Java","Ruby on Rails, Flask",10-Jan,120819
32,Japan,Bachelors,"Rust, Rust","Flask, Angular",5000+,161324
10,India,Bachelors,"PHP, Go","Angular, Spring",Nov-50,53605
9,USA,High School,"PHP, Go","ASP.NET, Vue",5000+,132796
27,USA,High School,"Swift, Ruby","Laravel, ASP.NET",1001-5000,201633
20,Australia,Bachelors,"Go, Python","Django, Vue",Nov-50,89688
21,USA,Bachelors,"JavaScript, Python","Flask, ASP.NET",201-1000,144850
17,USA,Bachelors,"Rust, Swift","Ruby on Rails, Laravel",10-Jan,119231
13,Japan,Masters,"Ruby, Java","Laravel, Vue",51-200,84828
24,France,Bachelors,"Java, JavaScript","Flask, Laravel",Nov-50,119082
36,Brazil,Bachelors,"Java, PHP","Angular, Ruby on Rails",201-1000,138784
15,USA,Masters,"C++, Rust","React, Vue",1001-5000,145564
9,UK,Bachelors,"JavaScript, Rust","Flask, Express",201-1000,74080
27,Germany,Bachelors,"C#, C#","Flask, Express",1001-5000,136013
14,USA,Some College,"Rust, PHP","Ruby on Rails, Angular",51-200,129152
35,USA,Bachelors,"Go, C#","Vue, Vue",Nov-50,220524
15,USA,Bachelors,"C#, C#","Ruby on Rails, Laravel",1001-5000,150830
8,Japan,Some College,"Ruby, JavaScript","Express, Ruby on Rails",5000+,92451
27,India,Masters,"JavaScript, Python","Ruby on Rails, Express",Nov-50,102157
34,India,Masters,"C#, Rust","Spring, Express",10-Jan,137246
32,India,Masters,"Python, C#","Vue, Spring",51-200,113634
40,Canada,Masters,"JavaScript, Go","Spring, Laravel",Nov-50,217656
2,France,Bachelors,"Ruby, PHP","Spring, Flask",201-1000,56749
31,Germany,Masters,"C#, Python","Angular, Spring",10-Jan,152215
6,USA,Masters,"C++, Go","Express, Django",51-200,130311
9,USA,Bachelors,"Python, Java","Django, Django",201-1000,120907
17,UK,Masters,"PHP, PHP","Spring, Spring",201-1000,100476
10,India,Masters,"Ruby, Python","Angular, Angular",10-Jan,49933
2,Singapore,Bachelors,"Rust, PHP","Ruby on Rails, Laravel",5000+,84063
2,USA,PhD,"Go, Go","Express, Laravel",201-1000,98906
13,Germany,Bachelors,"JavaScript, Go","Express, Ruby on Rails",Nov-50,118080
36,USA,PhD,"C++, Java","Ruby on Rails, React",5000+,226033
22,Germany,Masters,"Swift, Python","Laravel, ASP.NET",10-Jan,146327
7,Germany,Bachelors,"Rust, Python","Express, Laravel",51-200,97193
40,UK,Masters,"Python, C++","Ruby on Rails, Express",201-1000,199578
2,Germany,Bachelors,"C#, C++","Laravel, Laravel",1001-5000,65415
22,USA,Some College,"Rust, JavaScript","Flask, Ruby on Rails",5000+,196236
2,Canada,Some College,"Java, C++","Django, Angular",1001-5000,67585
19,Japan,Bachelors,"Rust, Ruby","ASP.NET, Laravel",Nov-50,90512
1,UK,Some College,"Ruby, Python","Angular, ASP.NET",Nov-50,64447
3,USA,Masters,"PHP, Rust","Express, Flask",201-1000,101369
37,USA,Bachelors,"Rust, Rust","Angular, ASP.NET",201-1000,208562
23,UK,Bachelors,"Python, C#","ASP.NET, ASP.NET",5000+,162830
35,India,Some College,"Ruby, Java","Express, Ruby on Rails",5000+,141217
14,USA,Bachelors,"C++, Ruby","Vue, Spring",5000+,131023
32,USA,Some College,"C#, C++","Vue, Laravel",Nov-50,220506
5,USA,Bachelors,"C++, Go","React, Angular",51-200,107472
31,USA,Bachelors,"Ruby, Rust","Spring, Django",10-Jan,202612
0,Singapore,Some College,"C#, C#","Angular, Laravel",10-Jan,45695
23,France,Masters,"Java, Python","Ruby on Rails, Laravel",5000+,141709
8,USA,Bachelors,"JavaScript, Rust","Flask, Angular",5000+,127995
35,Canada,Bachelors,"Java, Python","Django, Django",1001-5000,174425
11,Canada,Bachelors,"PHP, Go","Laravel, Ruby on Rails",Nov-50,76750
18,USA,Bachelors,"Ruby, C#","Angular, Flask",51-200,119112
5,Germany,Masters,"C#, Ruby","Flask, ASP.NET",201-1000,70567
6,Brazil,Bachelors,"Ruby, Go","Laravel, Laravel",Nov-50,65217
19,UK,Bachelors,"C#, Swift","React, Laravel",51-200,119103
37,Singapore,Bachelors,"Go, PHP","Vue, Vue",51-200,187657
25,India,Some College,"C#, Python","Express, Express",10-Jan,85649
11,USA,High School,"Python, C++","ASP.NET, Express",1001-5000,141513
27,India,Bachelors,"Swift, Python","React, Spring",5000+,98954
20,France,Bachelors,"Python, JavaScript","Django, ASP.NET",1001-5000,99254
6,USA,Bachelors,"Ruby, JavaScript","Spring, Vue",10-Jan,96850
37,Canada,Some College,"Python, C++","Flask, Express",5000+,222303
40,USA,Bachelors,"C++, C#","Laravel, Angular",201-1000,208593
29,USA,Bachelors,"Python, Ruby","React, React",10-Jan,188168
30,Germany,Masters,"Java, Rust","Angular, React",201-1000,168665
38,USA,Bachelors,"Swift, PHP","Vue, Laravel",10-Jan,223844
16,USA,Masters,"Java, Python","Angular, Django",1001-5000,150026
21,USA,Bachelors,"C++, C#","ASP.NET, Angular",51-200,176052
0,USA,Bachelors,"C++, Rust","Django, Flask",51-200,98182
31,USA,Bachelors,"Ruby, JavaScript","Flask, Angular",201-1000,195055
13,USA,Some College,"Java, Ruby","Laravel, Ruby on Rails",10-Jan,148753
1,India,Bachelors,"Python, Java","ASP.NET, Ruby on Rails",10-Jan,18789
4,Germany,Bachelors,"JavaScript, Python","Flask, Flask",51-200,63087
35,UK,Bachelors,"Python, Go","Vue, React",Nov-50,164083
36,India,Bachelors,"Rust, C#","Angular, Spring",5000+,133026
27,France,Bachelors,"JavaScript, C++","Django, Laravel",51-200,105158
9,Canada,Masters,"Java, PHP","Django, React",5000+,130002
28,Germany,Bachelors,"C#, PHP","Vue, ASP.NET",Nov-50,164669
28,UK,Bachelors,"Go, Rust","Spring, Vue",201-1000,132994
9,France,Some College,"Java, Go","Ruby on Rails, Ruby on Rails",51-200,74836
28,Canada,Bachelors,"C++, Java","ASP.NET, Laravel",5000+,141090
40,Japan,Bachelors,"Python, Java","Angular, Spring",10-Jan,180481
27,Japan,Bachelors,"Python, Go","Django, Express",10-Jan,125779
31,UK,Bachelors,"C#, JavaScript","Flask, Laravel",1001-5000,144938
3,Australia,Bachelors,"Python, Go","Angular, React",5000+,87768
30,USA,Masters,"JavaScript, PHP","React, Laravel",Nov-50,173880
26,USA,Masters,"Python, Java","Laravel, Ruby on Rails",51-200,190641
24,USA,Masters,"JavaScript, Python","Spring, Ruby on Rails",201-1000,158307
1,UK,Bachelors,"C#, Go","Express, Express",Nov-50,52261
27,Germany,High School,"Rust, Rust","React, ASP.NET",Nov-50,137469
29,India,Bachelors,"Python, C#","Vue, Vue",5000+,99132
28,USA,Masters,"C#, Python","Django, Flask",5000+,193083
30,USA,PhD,"Swift, Ruby","Express, Ruby on Rails",10-Jan,162877
0,USA,Masters,"C#, Go","Angular, Angular",1001-5000,114436
8,USA,Bachelors,"Ruby, Ruby","Laravel, React",5000+,138490
17,USA,Masters,"Go, Go","Spring, Vue",10-Jan,152939
28,Australia,Bachelors,"Ruby, Ruby","Ruby on Rails, Flask",1001-5000,154146
0,Canada,Bachelors,"Java, Ruby","Spring, Laravel",10-Jan,70929
8,Canada,Masters,"Python, C#","Vue, React",1001-5000,96971
15,Brazil,Bachelors,"Ruby, C++","Spring, Express",51-200,82494
39,UK,Masters,"JavaScript, Ruby","Express, Spring",201-1000,188183
4,India,Bachelors,"PHP, Go","Angular, Laravel",1001-5000,30723
17,USA,Bachelors,"Rust, C#","ASP.NET, Express",1001-5000,143400
16,Germany,Masters,"Java, Ruby","Django, Django",10-Jan,101699
9,UK,Bachelors,"JavaScript, PHP","React, Angular",10-Jan,102707
36,India,Masters,"C++, C++","Vue, Flask",1001-5000,117750
40,Canada,Masters,"C#, Swift","React, Flask",10-Jan,177780
3,USA,Masters,"Swift, Swift","Vue, Django",1001-5000,124244
17,Canada,Bachelors,"Python, Python","Ruby on Rails, Angular",1001-5000,131160
10,Japan,Some College,"C++, Python","Angular, Django",1001-5000,76926
0,Japan,Bachelors,"C#, Rust","Django, Spring",51-200,58253
22,UK,Some College,"Ruby, C#","Flask, React",1001-5000,106639
3,UK,Bachelors,"Go, C++","React, Laravel",201-1000,67389
17,Germany,Some College,"Rust, Ruby","Flask, Django",51-200,94718
6,USA,Bachelors,"PHP, C#","Ruby on Rails, Vue",10-Jan,96410
23,USA,Bachelors,"JavaScript, C#","Vue, Laravel",1001-5000,160983
38,USA,Some College,"C++, PHP","ASP.NET, ASP.NET",1001-5000,203050
16,India,Bachelors,"C#, JavaScript","Flask, ASP.NET",51-200,54404
1,Australia,Masters,"C++, JavaScript","Flask, ASP.NET",201-1000,59560
23,Japan,Some College,"Java, Ruby","Ruby on Rails, ASP.NET",51-200,96042
29,Brazil,Bachelors,"C#, Go","ASP.NET, Express",Nov-50,119784
23,USA,Masters,"Python, C++","Express, ASP.NET",10-Jan,193062
36,USA,Masters,"Swift, Python","React, ASP.NET",201-1000,167197
30,UK,Bachelors,"Swift, C#","Vue, Laravel",Nov-50,174030
5,USA,PhD,"JavaScript, PHP","Django, Flask",10-Jan,116593
14,Brazil,Bachelors,"C++, Rust","Angular, Django",51-200,99238
1,UK,Masters,"JavaScript, Rust","React, Spring",10-Jan,75422
23,USA,Bachelors,"Python, Python","Flask, Django",1001-5000,172169
31,USA,Bachelors,"C++, Java","Express, ASP.NET",51-200,195646
1,USA,Some College,"C#, C++","Django, Angular",10-Jan,97029
9,Canada,High School,"C#, Rust","Flask, Vue",10-Jan,86186
34,USA,Bachelors,"PHP, JavaScript","Spring, Flask",51-200,180290
13,USA,Bachelors,"Swift, C++","Ruby on Rails, Flask",201-1000,131379
13,USA,Masters,"Go, Python","ASP.NET, ASP.NET",10-Jan,115044
22,Australia,Bachelors,"Ruby, Rust","Express, Laravel",51-200,116378
29,USA,Some College,"Go, Swift","Spring, ASP.NET",Nov-50,210654
9,Japan,PhD,"PHP, Go","Ruby on Rails, Django",51-200,88403
12,Australia,Masters,"Go, C++","Laravel, Spring",51-200,108027
38,Japan,Bachelors,"C#, Python","Angular, Ruby on Rails",10-Jan,138473
3,Singapore,Bachelors,"Python, Rust","Angular, Ruby on Rails",201-1000,62196
7,Brazil,Bachelors,"Go, Go","Angular, Laravel",10-Jan,60869
10,India,Masters,"JavaScript, C++","Laravel, React",5000+,67266
25,USA,Masters,"C#, Ruby","Ruby on Rails, Express",10-Jan,158967
17,Germany,Bachelors,"C#, PHP","React, ASP.NET",Nov-50,104981
32,USA,Masters,"Java, Go","React, Ruby on Rails",5000+,202635
25,USA,Bachelors,"Rust, PHP","Flask, Vue",1001-5000,152752
39,Germany,Bachelors,"C#, C++","Ruby on Rails, Express",51-200,191320
12,USA,Masters,"Ruby, PHP","Laravel, Laravel",51-200,136409
27,USA,Bachelors,"C++, Ruby","Flask, Flask",Nov-50,162170
27,UK,Bachelors,"Ruby, PHP","Django, ASP.NET",1001-5000,120345
36,USA,Masters,"C++, Go","Ruby on Rails, Django",51-200,197510
3,Germany,PhD,"Java, PHP","Angular, Angular",201-1000,96115
20,USA,Some College,"C#, JavaScript","Laravel, Spring",10-Jan,124904
1,France,Masters,"C#, Go","React, Laravel",10-Jan,56082
24,USA,Masters,"C++, Python","Spring, Spring",5000+,216148
29,USA,High School,"PHP, JavaScript","Spring, Flask",1001-5000,142691
20,Australia,Bachelors,"Python, JavaScript","Flask, React",Nov-50,111700
40,USA,Bachelors,"Rust, C#","Laravel, Flask",1001-5000,174047
23,USA,Masters,"Python, Ruby","Express, Vue",10-Jan,155704
36,USA,Bachelors,"Rust, Go","Spring, Spring",10-Jan,182403
2,Brazil,Some College,"PHP, Ruby","Vue, Ruby on Rails",51-200,52323
9,Canada,Bachelors,"Ruby, Rust","Spring, Express",1001-5000,85311
2,Singapore,Bachelors,"Swift, Java","Angular, Laravel",51-200,54546
29,UK,Bachelors,"C#, PHP","Vue, Ruby on Rails",1001-5000,155607
2,Canada,Masters,"JavaScript, C#","Angular, Vue",5000+,106476
24,Canada,Masters,"Python, PHP","React, Vue",10-Jan,119386
9,USA,Masters,"Rust, Java","ASP.NET, Angular",5000+,165432
18,USA,Masters,"C++, JavaScript","ASP.NET, Express",51-200,173995
5,Germany,High School,"PHP, PHP","ASP.NET, React",1001-5000,80161
33,USA,Bachelors,"Python, JavaScript","ASP.NET, Flask",Nov-50,177202
23,Germany,Bachelors,"Java, Python","Spring, Angular",51-200,150530
35,USA,PhD,"C++, Python","Ruby on Rails, Vue",51-200,193091
6,USA,Bachelors,"C#, C++","ASP.NET, Django",Nov-50,127701
1,USA,Bachelors,"JavaScript, Go","Spring, Django",Nov-50,87371
30,USA,Masters,"Swift, Go","Spring, Laravel",201-1000,187369
27,Australia,Some College,"Ruby, Python","Laravel, Django",10-Jan,155643
24,Canada,PhD,"PHP, Rust","React, Angular",201-1000,168949
4,Germany,Some College,"Rust, Go","Ruby on Rails, Flask",51-200,83734
0,USA,Some College,"JavaScript, Swift","Ruby on Rails, Flask",Nov-50,90255
15,USA,Some College,"Java, JavaScript","Angular, Angular",10-Jan,111929
28,India,Bachelors,"Ruby, Go","Vue, Laravel",51-200,101130
13,USA,Bachelors,"Python, Go","React, React",201-1000,112607
11,UK,PhD,"C#, Go","Vue, Django",5000+,152928
31,India,Masters,"JavaScript, C#","ASP.NET, ASP.NET",201-1000,95223
11,Japan,Bachelors,"Swift, C#","React, Spring",51-200,98648
5,USA,Masters,"Java, Python","Flask, React",5000+,132255
16,France,Bachelors,"Java, C++","Angular, Laravel",201-1000,82157
26,Germany,Bachelors,"Go, PHP","Laravel, Django",1001-5000,149230
23,France,Some College,"Python, Python","Laravel, Spring",51-200,119588
7,USA,Bachelors,"Python, PHP","Spring, Flask",10-Jan,112106
27,UK,Masters,"PHP, PHP","Laravel, ASP.NET",201-1000,156642
32,Canada,Bachelors,"C#, Ruby","React, Flask",1001-5000,186724
5,Canada,High School,"Swift, Java","Ruby on Rails, Express",10-Jan,88361
32,India,Bachelors,"JavaScript, Rust","Angular, ASP.NET",51-200,104879
26,Canada,Bachelors,"Swift, Swift","Angular, Flask",201-1000,148839
11,Japan,Masters,"Java, Go","Express, Laravel",51-200,79825
16,USA,High School,"C++, Rust","Ruby on Rails, React",51-200,115347
25,USA,PhD,"C#, PHP","Ruby on Rails, Spring",1001-5000,171636
13,USA,Bachelors,"C#, JavaScript","Ruby on Rails, Laravel",5000+,143666
24,Japan,Masters,"Go, Java","Flask, Spring",Nov-50,116183
1,USA,Masters,"Java, Python","Laravel, ASP.NET",5000+,120575
16,USA,High School,"Ruby, Go","Vue, ASP.NET",1001-5000,118190
32,Canada,Bachelors,"Go, Go","Laravel, Angular",10-Jan,139343
17,USA,Masters,"Java, Go","Spring, Spring",Nov-50,170692
28,USA,Masters,"C++, Go","Django, Django",1001-5000,179726
23,India,Masters,"Swift, Swift","Ruby on Rails, Express",10-Jan,86167
38,UK,Masters,"PHP, Java","React, Express",Nov-50,209176
29,UK,PhD,"Go, C++","ASP.NET, React",51-200,151952
15,USA,Masters,"Python, Rust","Express, Spring",201-1000,117496
4,India,Bachelors,"C++, JavaScript","Ruby on Rails, Express",5000+,49070
38,USA,Bachelors,"Python, JavaScript","Express, ASP.NET",5000+,251098
6,USA,Masters,"C#, Rust","React, ASP.NET",201-1000,110631
14,USA,Bachelors,"Rust, Ruby","ASP.NET, Flask",10-Jan,114830
5,India,Bachelors,"JavaScript, Rust","Spring, Ruby on Rails",5000+,52495
38,Singapore,Masters,"Ruby, Rust","Vue, Angular",51-200,167543
17,France,High School,"C#, Go","Vue, ASP.NET",51-200,101677
29,France,Masters,"Go, JavaScript","Django, Spring",10-Jan,159911
4,USA,Some College,"C#, JavaScript","Express, Vue",201-1000,117240
23,UK,Bachelors,"C#, Go","Express, React",Nov-50,133759
29,USA,PhD,"PHP, JavaScript","React, Angular",1001-5000,207892
11,USA,Bachelors,"Swift, Go","Django, React",Nov-50,142712
36,USA,Bachelors,"C#, Java","Laravel, ASP.NET",Nov-50,193241
4,France,Masters,"JavaScript, JavaScript","Spring, Vue",10-Jan,61062
37,USA,Masters,"Python, Ruby","Flask, ASP.NET",10-Jan,214991
22,Germany,Bachelors,"C++, C#","Django, Angular",51-200,146069
4,USA,PhD,"JavaScript, Ruby","ASP.NET, Vue",1001-5000,137471
23,India,Masters,"Go, Rust","Flask, Vue",10-Jan,87473
31,Canada,Masters,"Go, JavaScript","Vue, ASP.NET",201-1000,143516
27,USA,Bachelors,"C++, Python","Laravel, Laravel",51-200,172887
14,Canada,Masters,"C++, Rust","Angular, Ruby on Rails",51-200,102026
3,Canada,Masters,"Ruby, JavaScript","Django, Express",201-1000,74586
29,USA,Bachelors,"Java, Rust","Ruby on Rails, React",5000+,171505
38,Germany,PhD,"PHP, PHP","Laravel, ASP.NET",201-1000,201767
38,Germany,Bachelors,"C++, PHP","Ruby on Rails, Ruby on Rails",5000+,151250
32,Germany,Masters,"JavaScript, PHP","Laravel, Vue",10-Jan,171711
39,India,Masters,"Rust, Go","React, Laravel",201-1000,115367
23,India,Bachelors,"Swift, Ruby","Flask, Ruby on Rails",1001-5000,68282
3,Germany,Masters,"C++, Ruby","Angular, Spring",10-Jan,84482
31,Japan,Masters,"JavaScript, C#","Express, React",Nov-50,168281
33,India,Bachelors,"C#, PHP","Ruby on Rails, Django",5000+,136698
25,USA,Bachelors,"JavaScript, C#","Spring, Django",201-1000,175969
33,France,Masters,"Python, Go","Express, Django",201-1000,136266
25,Germany,Some College,"PHP, JavaScript","ASP.NET, Angular",1001-5000,155877
36,Germany,Bachelors,"C++, JavaScript","Flask, Ruby on Rails",51-200,177838
40,USA,High School,"C++, Java","Express, React",1001-5000,216127
9,India,Bachelors,"C++, C#","Laravel, Django",51-200,36230
15,Germany,Masters,"Python, Go","Django, Express",5000+,130728
22,Canada,Bachelors,"Python, C#","Spring, React",5000+,161208
9,Germany,Bachelors,"JavaScript, Ruby","Flask, Spring",5000+,89502
18,UK,Bachelors,"Ruby, Swift","Spring, Vue",10-Jan,106004
30,USA,Bachelors,"Rust, PHP","Flask, Angular",1001-5000,202494
1,USA,Masters,"C#, Swift","Flask, Laravel",5000+,125611
37,USA,Some College,"Rust, Ruby","Vue, Laravel",201-1000,230111
4,USA,Bachelors,"Python, Rust","Angular, Django",51-200,106516
33,UK,Bachelors,"JavaScript, PHP","Express, Laravel",51-200,136093
39,USA,Bachelors,"C++, C#","Flask, ASP.NET",Nov-50,192364
6,USA,Bachelors,"JavaScript, Ruby","Vue, Ruby on Rails",51-200,89306
26,France,High School,"Swift, Ruby","Flask, Spring",1001-5000,134930
0,Germany,Masters,"Java, C#","Ruby on Rails, Ruby on Rails",51-200,81914
26,USA,Masters,"Python, C++","Django, Laravel",Nov-50,181095
24,India,Bachelors,"Swift, JavaScript","Angular, Angular",10-Jan,74257
1,UK,Bachelors,"Go, PHP","Laravel, Flask",5000+,67216
5,India,High School,"Swift, Python","Flask, Spring",10-Jan,29695
0,USA,Some College,"Rust, C++","Django, Laravel",Nov-50,78415
21,UK,Masters,"Swift, PHP","Ruby on Rails, Vue",1001-5000,147215
7,Canada,Bachelors,"Python, Java","Express, React",201-1000,85202
0,USA,High School,"C++, C++","Express, ASP.NET",51-200,102866
16,USA,Bachelors,"C#, Go","Ruby on Rails, Flask",Nov-50,147648
16,USA,Masters,"Rust, Ruby","Vue, Django",5000+,189162
34,Canada,Masters,"C++, JavaScript","ASP.NET, Spring",5000+,179644
26,France,Bachelors,"C++, C++","Laravel, Ruby on Rails",10-Jan,145350
16,Japan,Bachelors,"Python, C#","ASP.NET, Angular",5000+,100940
29,USA,Some College,"C#, C++","Angular, Laravel",1001-5000,165574
30,India,Bachelors,"Go, JavaScript","React, React",1001-5000,122253
10,Singapore,Bachelors,"Python, Python","Vue, Vue",Nov-50,71544
40,France,High School,"Swift, JavaScript","Ruby on Rails, Vue",201-1000,200834
29,USA,Masters,"Rust, Swift","Ruby on Rails, Spring",5000+,227668
13,USA,Bachelors,"Rust, Ruby","ASP.NET, Flask",5000+,135417
4,Germany,Masters,"JavaScript, Java","Ruby on Rails, Angular",5000+,82700
22,USA,Masters,"PHP, Swift","Angular, Laravel",201-1000,183204
31,USA,Bachelors,"Rust, JavaScript","Spring, Express",Nov-50,191575
27,USA,Bachelors,"C#, Go","ASP.NET, Spring",Nov-50,150153
9,USA,Bachelors,"JavaScript, Rust","Django, Ruby on Rails",10-Jan,96186
18,USA,Bachelors,"Rust, C++","Ruby on Rails, Flask",51-200,138581
15,Germany,Masters,"Python, Ruby","Spring, Flask",201-1000,137798
38,Germany,Bachelors,"Swift, Go","Ruby on Rails, Django",51-200,169430
5,USA,Bachelors,"Go, C#","Ruby on Rails, ASP.NET",5000+,112036
9,USA,Bachelors,"Java, Rust","Flask, Spring",51-200,101193
20,USA,High School,"C#, Rust","Ruby on Rails, ASP.NET",Nov-50,124178
12,India,Bachelors,"Ruby, PHP","Flask, Flask",Nov-50,44769
18,France,Bachelors,"Swift, Rust","Ruby on Rails, React",10-Jan,111073
38,USA,High School,"Swift, Rust","Vue, Vue",Nov-50,229606
36,USA,Bachelors,"PHP, Python","Angular, Angular",201-1000,208661
28,UK,Bachelors,"Go, C#","Express, Spring",5000+,189878
8,USA,PhD,"Ruby, C#","Django, ASP.NET",201-1000,131210
29,Singapore,Bachelors,"JavaScript, Go","Spring, Django",5000+,150623
15,India,Bachelors,"Rust, Java","Spring, Express",5000+,83906
7,USA,Bachelors,"C#, C++","React, Vue",10-Jan,92763
1,USA,Masters,"Python, JavaScript","Express, Angular",1001-5000,83727
11,USA,High School,"Go, Ruby","Django, Angular",201-1000,122086
4,USA,Bachelors,"Go, PHP","ASP.NET, Ruby on Rails",Nov-50,101532
2,Singapore,Bachelors,"JavaScript, C++","Ruby on Rails, Vue",5000+,73865
17,USA,Bachelors,"Rust, Go","Laravel, React",10-Jan,132556
19,USA,Bachelors,"JavaScript, JavaScript","Flask, Django",201-1000,139866
34,USA,Some College,"PHP, Python","React, Laravel",1001-5000,182799
14,USA,Bachelors,"PHP, Python","Spring, ASP.NET",1001-5000,148190
7,Australia,Bachelors,"PHP, Go","Laravel, React",Nov-50,69149
5,USA,Masters,"C++, Go","Spring, Flask",5000+,108088
23,USA,PhD,"Go, Rust","Angular, Spring",5000+,194559
16,India,Bachelors,"Rust, Swift","Flask, Ruby on Rails",51-200,54062
27,France,Bachelors,"Swift, Python","Vue, Express",5000+,138213
25,USA,Bachelors,"JavaScript, Swift","ASP.NET, Django",5000+,205307
35,USA,Bachelors,"C++, Go","ASP.NET, Laravel",1001-5000,184544
23,USA,Masters,"PHP, Swift","Laravel, Vue",10-Jan,165401
21,USA,Bachelors,"C++, Go","ASP.NET, Vue",1001-5000,151095
28,USA,Masters,"C++, C++","Laravel, Django",10-Jan,199774
26,USA,Bachelors,"Rust, Python","Ruby on Rails, ASP.NET",201-1000,185766
7,USA,Masters,"C++, Ruby","Flask, ASP.NET",51-200,137103
39,Singapore,Some College,"Python, C++","Express, Vue",10-Jan,152634
36,India,Bachelors,"Python, Rust","Ruby on Rails, Ruby on Rails",201-1000,112224
2,France,Bachelors,"Python, Ruby","Django, Flask",10-Jan,65534
14,Germany,Masters,"PHP, Swift","Vue, Angular",Nov-50,126610
16,India,Bachelors,"Java, Java","Django, Express",5000+,75507
0,USA,Bachelors,"C#, Java","Angular, Laravel",51-200,103075
3,Brazil,Bachelors,"Go, Ruby","Express, Spring",201-1000,52496
36,USA,PhD,"Java, Ruby","Flask, React",Nov-50,248403
7,USA,Masters,"Rust, JavaScript","React, Ruby on Rails",Nov-50,136183
2,UK,Some College,"Java, Python","Ruby on Rails, Laravel",51-200,64267
33,USA,Some College,"Java, Swift","Flask, Express",5000+,215311
2,Australia,Bachelors,"PHP, Swift","Angular, Laravel",201-1000,62092
18,Germany,Some College,"PHP, Swift","Ruby on Rails, ASP.NET",10-Jan,133091
4,USA,Masters,"C#, Ruby","Express, Flask",1001-5000,94119
15,USA,Bachelors,"Go, Java","Flask, Django",1001-5000,148348
39,Germany,Bachelors,"Java, Java","ASP.NET, Flask",51-200,181207
0,Germany,Bachelors,"C++, C#","React, Spring",1001-5000,57907
16,Canada,Bachelors,"Java, Ruby","Express, Laravel",10-Jan,108021
38,USA,Bachelors,"Go, Ruby","Vue, Laravel",5000+,242556
20,France,Some College,"Swift, Ruby","ASP.NET, Django",10-Jan,129136
25,France,High School,"Go, Go","Django, Laravel",10-Jan,101422
5,Germany,Bachelors,"Swift, Java","Vue, Django",1001-5000,78332
19,USA,Bachelors,"Java, PHP","Ruby on Rails, Express",10-Jan,156957
19,USA,Some College,"Ruby, Python","Spring, Express",1001-5000,152501
29,UK,Masters,"C#, C++","Flask, Laravel",Nov-50,166585
34,Australia,Bachelors,"Java, Java","Ruby on Rails, Angular",5000+,180516
17,Australia,Bachelors,"JavaScript, C++","Angular, ASP.NET",1001-5000,113995
6,Germany,Bachelors,"PHP, Go","React, Vue",201-1000,71635
9,India,Some College,"Swift, C++","Ruby on Rails, Spring",Nov-50,44144
23,France,Masters,"C++, Rust","Flask, Flask",Nov-50,153872
22,India,Bachelors,"Go, Java","ASP.NET, React",1001-5000,92384
3,USA,Bachelors,"PHP, Python","Angular, Ruby on Rails",Nov-50,91508
17,USA,Masters,"C#, Rust","Laravel, Ruby on Rails",10-Jan,159293
33,Japan,Masters,"Swift, Ruby","Laravel, Vue",51-200,158128
17,USA,Bachelors,"C#, JavaScript","Django, Laravel",201-1000,139929
6,Germany,Masters,"PHP, Rust","Ruby on Rails, Vue",5000+,117333
27,Japan,Bachelors,"C++, C++","Angular, Spring",201-1000,153450
1,Germany,Bachelors,"JavaScript, Go","Flask, Django",51-200,72993
30,UK,High School,"PHP, Java","ASP.NET, Spring",201-1000,160865
31,USA,Bachelors,"C++, Swift","Spring, React",10-Jan,196018
28,UK,Bachelors,"C++, JavaScript","Vue, Ruby on Rails",5000+,143232
11,Australia,Masters,"PHP, C#","Laravel, React",201-1000,77662
12,USA,Bachelors,"Java, Python","React, React",201-1000,128734
34,Brazil,Bachelors,"Java, PHP","Express, ASP.NET",201-1000,140361
28,USA,Masters,"Ruby, JavaScript","Angular, Flask",10-Jan,215167
40,USA,Bachelors,"Go, Python","Express, React",201-1000,205215
28,Japan,Bachelors,"Ruby, JavaScript","Ruby on Rails, Angular",10-Jan,113263
28,USA,Some College,"Ruby, Rust","Flask, Spring",51-200,147712
22,India,Masters,"Swift, PHP","Laravel, Flask",51-200,89835
4,UK,Masters,"Swift, Python","Angular, Spring",10-Jan,72168
15,Australia,Bachelors,"PHP, C++","Ruby on Rails, ASP.NET",51-200,85173
9,France,Bachelors,"Java, PHP","ASP.NET, Angular",51-200,89861
14,UK,Bachelors,"C#, C#","Spring, Express",10-Jan,91389
26,USA,Bachelors,"Ruby, Swift","Angular, ASP.NET",51-200,135988
3,USA,Some College,"Go, Ruby","Spring, Spring",201-1000,106636
40,USA,High School,"Python, Ruby","ASP.NET, React",51-200,184045
0,USA,Bachelors,"Rust, Ruby","Ruby on Rails, Django",1001-5000,75149
22,USA,Masters,"Go, Go","Spring, ASP.NET",10-Jan,190147
5,USA,Masters,"Go, Python","Spring, Laravel",201-1000,119830
31,Germany,Bachelors,"Go, PHP","ASP.NET, Spring",201-1000,155746
27,Germany,Bachelors,"PHP, PHP","ASP.NET, Django",10-Jan,146469
34,France,Some College,"C++, Swift","ASP.NET, Spring",Nov-50,122052
33,USA,Bachelors,"JavaScript, C#","Spring, Django",1001-5000,225641
27,Canada,Bachelors,"Ruby, C++","Vue, Express",5000+,150544
25,UK,Bachelors,"C#, Swift","Vue, Vue",1001-5000,117657
10,Singapore,Bachelors,"C#, PHP","Django, Ruby on Rails",51-200,64535
30,USA,Bachelors,"PHP, Ruby","Laravel, React",51-200,202507
4,USA,Bachelors,"C#, C#","Express, Django",1001-5000,86734
37,India,Bachelors,"Swift, JavaScript","React, Django",5000+,118270
15,Germany,Bachelors,"JavaScript, Swift","Spring, Laravel",Nov-50,114576
14,USA,Bachelors,"Ruby, PHP","ASP.NET, Angular",5000+,176018
20,USA,Masters,"Rust, Swift","Flask, Laravel",51-200,141015
31,India,Masters,"C#, JavaScript","ASP.NET, Django",10-Jan,120218
39,Japan,Bachelors,"PHP, JavaScript","Express, Laravel",Nov-50,146189
21,USA,Bachelors,"Python, C++","Flask, Django",201-1000,128810
1,USA,Some College,"Swift, Python","ASP.NET, ASP.NET",201-1000,79473
29,Canada,Masters,"C++, Rust","Ruby on Rails, ASP.NET",1001-5000,186645
34,USA,Some College,"PHP, Java","Vue, Spring",201-1000,158180
14,India,Bachelors,"Rust, PHP","Laravel, ASP.NET",5000+,76785
8,Canada,Bachelors,"C++, Swift","Laravel, Laravel",Nov-50,97516
28,UK,Bachelors,"Java, Java","Django, Laravel",201-1000,141736
4,Canada,Masters,"Ruby, Ruby","Laravel, Ruby on Rails",10-Jan,74498
27,Brazil,Masters,"JavaScript, Python","ASP.NET, Flask",5000+,152708
2,UK,High School,"Python, Python","Flask, Flask",5000+,69836
20,India,Bachelors,"Go, Python","Laravel, Laravel",201-1000,67583
10,Canada,Bachelors,"Ruby, Ruby","React, React",1001-5000,89545
11,USA,Some College,"C#, Go","Express, ASP.NET",Nov-50,135164
18,USA,Bachelors,"Go, PHP","ASP.NET, React",51-200,121043
18,Germany,Bachelors,"Go, PHP","Express, React",Nov-50,121586
8,UK,Masters,"C++, Python","ASP.NET, Ruby on Rails",10-Jan,96951
33,USA,Some College,"Swift, Rust","Flask, Angular",1001-5000,176211
0,Australia,Some College,"C++, PHP","Express, Angular",1001-5000,50383
9,Japan,Bachelors,"JavaScript, Java","Spring, Laravel",51-200,64948
15,UK,Bachelors,"C#, Java","Vue, Spring",51-200,87937
16,USA,Bachelors,"C++, C++","Angular, Express",51-200,148185
23,USA,Some College,"Ruby, PHP","Express, Express",1001-5000,147166
26,USA,Some College,"Rust, Rust","Laravel, Angular",5000+,211135
1,USA,High School,"JavaScript, Go","Angular, Express",1001-5000,94078
15,Germany,PhD,"Go, Swift","Laravel, ASP.NET",51-200,137269
28,India,PhD,"Go, Rust","Vue, Flask",Nov-50,101598
36,USA,Masters,"JavaScript, Rust","Ruby on Rails, Flask",10-Jan,201989
40,USA,Bachelors,"C#, Rust","Express, Django",1001-5000,173562
20,USA,Masters,"PHP, Python","Vue, Express",51-200,190972
21,Australia,Bachelors,"JavaScript, C++","ASP.NET, Express",5000+,146075
24,USA,Bachelors,"JavaScript, Swift","Angular, Django",10-Jan,133235
35,UK,Masters,"C#, PHP","Spring, Express",1001-5000,175782
31,USA,Bachelors,"Go, Python","Flask, Ruby on Rails",1001-5000,177963
9,Canada,Masters,"PHP, Swift","Django, ASP.NET",1001-5000,93688
7,Canada,Masters,"Python, Java","Ruby on Rails, Angular",10-Jan,82417
40,USA,Bachelors,"C#, Go","Laravel, Laravel",1001-5000,245489
19,India,Bachelors,"Python, Rust","React, ASP.NET",1001-5000,81128
6,Australia,Bachelors,"C#, Rust","Angular, Laravel",51-200,78140
31,Germany,Masters,"PHP, Rust","Vue, Angular",51-200,176347
28,USA,Bachelors,"Python, Go","Vue, Laravel",5000+,185545
12,USA,Some College,"C#, C++","Django, ASP.NET",1001-5000,139030
26,Singapore,Masters,"C#, C#","Angular, Flask",51-200,129110
23,USA,Masters,"Rust, Python","ASP.NET, Angular",5000+,162409
17,USA,Bachelors,"C#, C++","ASP.NET, Django",51-200,121805
33,Japan,PhD,"C++, Java","ASP.NET, Django",201-1000,171250
10,USA,Masters,"PHP, C#","Vue, Spring",1001-5000,136638
4,Germany,Masters,"C++, PHP","ASP.NET, React",Nov-50,97064
24,UK,Bachelors,"Python, Java","ASP.NET, Angular",5000+,135091
40,Germany,PhD,"C++, Swift","Express, Spring",5000+,234489
21,Japan,Bachelors,"C#, C++","React, Express",Nov-50,115216
16,USA,Masters,"Rust, Rust","React, React",1001-5000,171664
5,Australia,Bachelors,"Ruby, Swift","Spring, Spring",10-Jan,72702
32,Germany,Bachelors,"Java, Java","Laravel, React",1001-5000,165080
18,India,Masters,"C++, C++","Flask, Django",Nov-50,84993
38,USA,High School,"Ruby, Python","Spring, Vue",Nov-50,201850
5,Japan,Bachelors,"PHP, Go","ASP.NET, Laravel",10-Jan,74163
29,USA,Bachelors,"Ruby, Python","Spring, Vue",51-200,175383
11,USA,Bachelors,"Ruby, PHP","ASP.NET, Ruby on Rails",10-Jan,105686
7,Germany,Masters,"Ruby, JavaScript","Vue, Express",1001-5000,83172
36,Canada,Some College,"Ruby, Java","Express, Vue",1001-5000,142751
1,India,Masters,"Python, C#","Django, Express",5000+,41990
38,USA,Masters,"JavaScript, Rust","Flask, Vue",1001-5000,254408
9,UK,Some College,"PHP, Rust","Spring, Express",201-1000,103829
3,Canada,Some College,"Rust, Python","Express, Flask",10-Jan,65513
22,Germany,Bachelors,"C++, Rust","ASP.NET, Django",5000+,148845
31,Australia,Some College,"Java, JavaScript","Django, Ruby on Rails",10-Jan,131804
28,USA,Masters,"Swift, Rust","ASP.NET, Flask",Nov-50,178086
37,Brazil,Masters,"Swift, PHP","Vue, Express",1001-5000,166856
1,Canada,PhD,"PHP, Go","Angular, Vue",201-1000,99174
24,France,Bachelors,"Rust, C#","Laravel, Spring",5000+,131953
40,USA,Masters,"Python, C++","Ruby on Rails, React",Nov-50,224010
6,USA,Some College,"PHP, C#","Ruby on Rails, Laravel",5000+,125139
3,USA,Bachelors,"Java, Python","Laravel, Express",5000+,125279
4,Brazil,Masters,"C++, C#","Ruby on Rails, Express",Nov-50,66543
15,Canada,Masters,"Rust, PHP","Flask, ASP.NET",51-200,104531
10,India,Masters,"Swift, Go","Django, Angular",51-200,44622
29,Germany,Masters,"PHP, C++","React, Flask",Nov-50,140455
34,USA,Bachelors,"Go, Swift","Flask, Django",201-1000,221988
28,USA,Masters,"C++, Python","Spring, Django",51-200,171814
24,Japan,High School,"Ruby, Go","Ruby on Rails, Flask",10-Jan,129308
18,Germany,Bachelors,"Go, Java","Angular, Angular",1001-5000,119060
23,India,Masters,"Rust, C#","Django, React",5000+,108784
12,France,Masters,"Go, Go","Flask, Flask",10-Jan,87724
14,USA,High School,"Ruby, Java","Ruby on Rails, Express",201-1000,153237
7,India,Masters,"Python, Python","Spring, React",5000+,55452
27,USA,PhD,"Go, Ruby","Angular, Django",10-Jan,162731
4,USA,Bachelors,"Ruby, PHP","Express, Spring",5000+,104227
20,USA,Masters,"Swift, C++","Express, Spring",201-1000,175024
0,USA,Masters,"PHP, Swift","Vue, Spring",201-1000,88118
35,Brazil,Bachelors,"JavaScript, Python","Vue, Angular",10-Jan,144485
18,USA,Bachelors,"Rust, Go","Express, React",201-1000,123383
21,USA,Bachelors,"Python, PHP","Spring, Laravel",51-200,160684
32,USA,High School,"Java, Python","ASP.NET, Ruby on Rails",5000+,236385
38,USA,Bachelors,"Python, PHP","Spring, Angular",Nov-50,199698
31,Australia,Some College,"Rust, C#","Express, Angular",10-Jan,148410
21,Japan,Bachelors,"Rust, C++","Spring, Angular",51-200,131997
4,India,Masters,"PHP, Go","Angular, Angular",201-1000,38434
27,India,PhD,"Java, JavaScript","Flask, Ruby on Rails",201-1000,93470
37,USA,Some College,"Python, Python","React, React",1001-5000,180792
30,USA,Masters,"JavaScript, C++","React, Flask",5000+,183840
20,Brazil,Bachelors,"C++, PHP","ASP.NET, Spring",1001-5000,110327
2,USA,Bachelors,"Python, Go","Express, ASP.NET",51-200,82837
40,Japan,Bachelors,"Python, C++","Spring, Ruby on Rails",1001-5000,199568
7,USA,Masters,"C++, C#","Ruby on Rails, Spring",Nov-50,124336
29,USA,Masters,"Python, Go","Flask, React",10-Jan,200142
18,UK,PhD,"PHP, C#","Laravel, Django",1001-5000,107613
10,India,Masters,"Swift, Python","Spring, Spring",5000+,57988
17,Australia,High School,"Ruby, Swift","Spring, Express",1001-5000,96104
18,India,Bachelors,"Go, C#","Ruby on Rails, Spring",51-200,60954
18,India,Bachelors,"Swift, JavaScript","React, ASP.NET",10-Jan,80322
8,France,Some College,"Python, Ruby","Django, Vue",5000+,97426
22,USA,Masters,"Go, Swift","Ruby on Rails, ASP.NET",1001-5000,171636
9,USA,Bachelors,"Java, Java","Django, Django",5000+,133497
1,Brazil,Bachelors,"Rust, Ruby","Ruby on Rails, ASP.NET",1001-5000,49862
33,UK,High School,"Rust, Rust","Django, ASP.NET",51-200,179684
21,USA,Bachelors,"C++, PHP","Vue, Flask",1001-5000,141856
21,USA,Bachelors,"C++, Java","Flask, Flask",Nov-50,160924
25,Canada,Some College,"Rust, PHP","React, Express",201-1000,144977
34,Germany,Bachelors,"PHP, Java","Ruby on Rails, Vue",201-1000,193939
18,Australia,Masters,"Ruby, JavaScript","Flask, Angular",201-1000,108153
29,USA,Masters,"Go, Java","React, Laravel",1001-5000,171121
9,Canada,Bachelors,"Go, JavaScript","Django, Express",10-Jan,83610
32,France,Bachelors,"Java, Ruby","Ruby on Rails, React",201-1000,129711
26,India,Masters,"Go, JavaScript","Angular, React",51-200,117962
5,USA,Bachelors,"C#, C#","Ruby on Rails, React",51-200,110376
25,USA,Masters,"Rust, Python","Angular, Flask",Nov-50,173718
32,Australia,Masters,"PHP, Go","Express, ASP.NET",51-200,147382
32,USA,Masters,"C++, Python","Angular, Angular",10-Jan,211133
15,USA,Masters,"C#, JavaScript","Spring, Flask",Nov-50,121097
1,Australia,Bachelors,"Python, Java","Django, ASP.NET",1001-5000,59216
22,UK,Bachelors,"C#, C#","React, Spring",201-1000,140166
34,Canada,Masters,"PHP, Go","Laravel, Django",10-Jan,204851
22,Canada,Some College,"Python, Go","React, ASP.NET",51-200,114815
32,USA,Bachelors,"C#, Swift","Angular, Ruby on Rails",1001-5000,203577
5,USA,Bachelors,"JavaScript, Rust","Spring, Laravel",201-1000,92724
15,USA,Masters,"Swift, JavaScript","ASP.NET, Laravel",5000+,192000
4,Canada,Masters,"JavaScript, C++","Ruby on Rails, Vue",1001-5000,96184
25,USA,Bachelors,"JavaScript, C#","Ruby on Rails, Express",201-1000,195665
13,India,Masters,"PHP, Python","React, ASP.NET",51-200,54513
3,Singapore,Bachelors,"Python, Ruby","ASP.NET, Flask",1001-5000,63341
30,USA,Bachelors,"JavaScript, C#","Laravel, Spring",5000+,191011
20,USA,Masters,"PHP, Ruby","Spring, ASP.NET",5000+,185946
23,USA,Masters,"JavaScript, C++","Django, Vue",10-Jan,192505
33,USA,Bachelors,"Go, PHP","Flask, Express",201-1000,221223
5,UK,Bachelors,"Ruby, Go","Flask, Laravel",10-Jan,81700
32,USA,Masters,"C#, Rust","Spring, Ruby on Rails",51-200,226872
5,USA,Bachelors,"Java, JavaScript","Ruby on Rails, Laravel",5000+,138144
33,France,Masters,"C++, Java","Vue, React",5000+,181090
11,USA,High School,"Java, Swift","Spring, Angular",10-Jan,142243
37,Australia,Bachelors,"C#, PHP","Express, Ruby on Rails",Nov-50,186247
9,Canada,Some College,"C++, Python","React, Angular",Nov-50,84133
22,UK,Bachelors,"C#, Go","Vue, Ruby on Rails",1001-5000,143530
2,USA,High School,"JavaScript, PHP","Laravel, Angular",1001-5000,110367
32,India,Masters,"Python, C++","ASP.NET, React",51-200,112440
0,USA,High School,"Swift, Ruby","ASP.NET, ASP.NET",201-1000,75474
35,USA,Bachelors,"C++, C++","ASP.NET, React",201-1000,177708
3,France,Bachelors,"Python, Rust","Express, Express",10-Jan,62860
8,Canada,Masters,"Rust, Python","Angular, Angular",201-1000,76617
30,USA,Bachelors,"C#, Java","Ruby on Rails, React",Nov-50,183582
21,UK,Bachelors,"Java, Go","Flask, Spring",201-1000,141353
12,Singapore,Bachelors,"PHP, C++","Laravel, Express",Nov-50,101563
33,USA,Some College,"Java, C++","Angular, ASP.NET",51-200,169479
18,USA,High School,"Ruby, Ruby","Laravel, ASP.NET",10-Jan,147587
21,USA,High School,"C#, Ruby","React, Laravel",201-1000,173226
22,USA,Masters,"C++, Ruby","Ruby on Rails, Spring",Nov-50,181737
16,UK,Some College,"Ruby, C#","ASP.NET, Angular",201-1000,90054
0,USA,Masters,"C++, Java","Ruby on Rails, ASP.NET",10-Jan,116539
38,France,PhD,"Rust, Swift","ASP.NET, Ruby on Rails",201-1000,204237
31,USA,Bachelors,"JavaScript, Java","ASP.NET, ASP.NET",201-1000,182984
2,USA,Bachelors,"Ruby, Go","Ruby on Rails, Vue",10-Jan,87454
27,USA,Bachelors,"Swift, Ruby","Angular, Ruby on Rails",5000+,198935
24,Brazil,Bachelors,"JavaScript, C++","Django, ASP.NET",201-1000,141135
12,USA,Bachelors,"PHP, JavaScript","Ruby on Rails, Vue",10-Jan,145166
26,UK,Bachelors,"Rust, Swift","Angular, Flask",1001-5000,142751
2,USA,High School,"JavaScript, Rust","Angular, Express",201-1000,82446
31,USA,Bachelors,"C++, Rust","Angular, Vue",5000+,192447
35,USA,Bachelors,"Ruby, Java","Flask, Vue",201-1000,167435
19,UK,Masters,"Ruby, Python","Django, Spring",201-1000,132233
28,Japan,Bachelors,"Swift, Ruby","Spring, Express",51-200,153376
3,USA,Bachelors,"Swift, C++","Spring, Flask",5000+,122846
21,Japan,Masters,"C#, C++","Flask, Angular",201-1000,101891
38,Germany,Bachelors,"JavaScript, Go","Angular, Vue",10-Jan,161573
2,Germany,Bachelors,"Rust, JavaScript","Ruby on Rails, Ruby on Rails",1001-5000,53964
27,India,Masters,"Python, Go","Ruby on Rails, Flask",10-Jan,102181
36,UK,Bachelors,"Java, PHP","Angular, Vue",1001-5000,153438
17,France,Bachelors,"C++, Go","Django, React",Nov-50,112295
34,Japan,Masters,"Rust, PHP","Angular, Express",10-Jan,183103
14,USA,Bachelors,"Rust, PHP","Angular, Angular",Nov-50,107685
23,USA,Masters,"JavaScript, Swift","Ruby on Rails, Angular",5000+,147521
8,Canada,Some College,"Swift, Java","Laravel, ASP.NET",10-Jan,97867
28,USA,Masters,"Go, Go","Express, Ruby on Rails",Nov-50,206077
31,UK,Bachelors,"C++, C#","ASP.NET, Flask",51-200,150361
29,Canada,Masters,"Go, Ruby","Ruby on Rails, Ruby on Rails",201-1000,181691
37,Canada,Bachelors,"Rust, Java","React, React",1001-5000,196623
4,France,Bachelors,"C#, Python","Express, ASP.NET",Nov-50,57245
2,USA,Some College,"Ruby, C++","Ruby on Rails, Django",Nov-50,92953
15,Germany,Bachelors,"Python, Go","Vue, Vue",201-1000,118877
23,France,Bachelors,"JavaScript, Ruby","Spring, Angular",201-1000,122020
35,UK,Bachelors,"Go, Java","Vue, Ruby on Rails",1001-5000,158405
5,Germany,High School,"Ruby, PHP","Django, Flask",10-Jan,83596
21,USA,Bachelors,"C++, C++","Flask, Ruby on Rails",5000+,180569
29,USA,Bachelors,"Python, Ruby","Express, Laravel",10-Jan,177304
19,India,Bachelors,"Python, Rust","Spring, Angular",51-200,86067
31,Canada,Masters,"Python, PHP","Ruby on Rails, Angular",1001-5000,173081
28,Australia,Masters,"C#, Rust","Flask, Express",201-1000,172345
24,France,Bachelors,"Swift, C#","Spring, ASP.NET",51-200,145444
33,Brazil,Masters,"C#, PHP","Flask, Angular",1001-5000,154464
22,UK,High School,"PHP, Rust","Spring, Ruby on Rails",5000+,119078
37,USA,Masters,"Swift, Rust","Flask, React",51-200,247479
29,UK,Masters,"Rust, Python","Vue, ASP.NET",5000+,177920
31,India,Masters,"Rust, C++","Angular, Angular",51-200,139662
10,USA,Masters,"C#, C#","Django, Express",10-Jan,104316
14,Australia,Masters,"Swift, C#","React, Express",201-1000,102461
0,USA,Bachelors,"Java, Go","Vue, Spring",1001-5000,89618
3,USA,Masters,"C++, C++","Express, Express",1001-5000,128796
22,India,Bachelors,"Python, Java","Angular, Express",51-200,94534
35,USA,Masters,"Ruby, Go","Laravel, React",201-1000,189625
25,Singapore,High School,"C#, Go","Angular, React",51-200,148840
8,UK,Bachelors,"C#, PHP","Flask, ASP.NET",201-1000,86169
15,Australia,Some College,"C++, Ruby","ASP.NET, Flask",1001-5000,91629
34,USA,Masters,"Rust, Java","Django, Express",1001-5000,215290
9,Germany,Masters,"PHP, PHP","Django, Ruby on Rails",1001-5000,99686
7,Germany,Masters,"Ruby, JavaScript","ASP.NET, Vue",201-1000,103145
22,USA,Bachelors,"JavaScript, JavaScript","Spring, Angular",51-200,130058
8,UK,Bachelors,"Python, Swift","ASP.NET, Ruby on Rails",1001-5000,73527
13,Singapore,Bachelors,"C++, Rust","Angular, Laravel",1001-5000,87328
19,Japan,Some College,"Java, C#","Express, Flask",10-Jan,90332
3,Canada,Masters,"Rust, Python","Spring, Flask",51-200,90784
6,USA,Masters,"C#, C#","Laravel, Spring",51-200,138542
9,Australia,Bachelors,"PHP, Go","Laravel, Flask",51-200,64102
10,UK,PhD,"C++, Python","Vue, Laravel",10-Jan,122948
28,USA,Bachelors,"Go, Swift","Laravel, React",1001-5000,191958
32,France,Masters,"Swift, Swift","Vue, Laravel",10-Jan,137517
24,Canada,Bachelors,"Ruby, Ruby","ASP.NET, Flask",1001-5000,121450
4,UK,Bachelors,"Swift, Swift","Flask, ASP.NET",201-1000,71044
13,India,Bachelors,"PHP, Python","React, Ruby on Rails",10-Jan,60092
29,Japan,Bachelors,"Go, Swift","React, Laravel",10-Jan,143707
22,Singapore,Bachelors,"C++, PHP","Express, Laravel",Nov-50,132208
18,France,Masters,"JavaScript, C#","Ruby on Rails, React",1001-5000,119161
13,Australia,Bachelors,"Rust, Ruby","Django, Express",10-Jan,104531
15,Germany,Masters,"PHP, Swift","Express, Laravel",10-Jan,112063
5,USA,Bachelors,"C#, Ruby","Spring, Flask",1001-5000,104347
24,India,Masters,"Ruby, Ruby","Vue, Flask",201-1000,114342
14,USA,High School,"Ruby, C#","Spring, Vue",1001-5000,124060
0,India,Bachelors,"C#, Go","Spring, Django",201-1000,12909
2,India,Bachelors,"JavaScript, JavaScript","Laravel, Vue",201-1000,24412
28,USA,Masters,"Rust, Rust","Laravel, ASP.NET",1001-5000,160930
9,Germany,Masters,"Python, C++","Ruby on Rails, Ruby on Rails",1001-5000,106006
17,USA,Masters,"PHP, C#","Flask, Vue",51-200,132402
20,USA,Bachelors,"PHP, C++","Angular, Ruby on Rails",201-1000,160689
33,Germany,Some College,"Swift, PHP","Ruby on Rails, Laravel",Nov-50,169631
37,Germany,Bachelors,"Python, JavaScript","ASP.NET, ASP.NET",10-Jan,183603
5,Canada,Bachelors,"C#, Rust","Ruby on Rails, Angular",5000+,100964
10,USA,PhD,"Java, Java","Ruby on Rails, Ruby on Rails",10-Jan,125131
6,India,Bachelors,"Ruby, Go","Angular, Angular",1001-5000,36636
15,Australia,Bachelors,"Ruby, Go","Laravel, React",201-1000,89575
3,Canada,Bachelors,"Java, Python","Vue, Ruby on Rails",201-1000,67065
27,USA,Bachelors,"JavaScript, Ruby","Spring, Laravel",1001-5000,188794
0,France,Bachelors,"Go, Python","Express, Angular",10-Jan,52122
33,Canada,Masters,"Rust, Ruby","Django, Flask",5000+,212844
34,India,High School,"JavaScript, JavaScript","Flask, Django",201-1000,108476
33,Germany,Bachelors,"Python, Swift","ASP.NET, Spring",Nov-50,158875
22,USA,Bachelors,"Ruby, C#","ASP.NET, Express",10-Jan,130149
12,USA,Masters,"Rust, PHP","Vue, ASP.NET",10-Jan,147150
31,USA,Bachelors,"Rust, Java","Express, Express",Nov-50,219557
22,USA,High School,"C#, C++","Angular, Angular",5000+,150112
18,Canada,Masters,"Python, PHP","React, Django",Nov-50,107957
21,USA,PhD,"C++, C++","Flask, Ruby on Rails",1001-5000,197307
2,USA,Masters,"Rust, Swift","Spring, Flask",Nov-50,107580
23,UK,Masters,"JavaScript, Swift","Vue, ASP.NET",10-Jan,152233
4,India,Bachelors,"C++, PHP","Spring, Flask",201-1000,27848
19,Australia,Masters,"Swift, Java","Spring, React",51-200,136455
22,USA,Masters,"Rust, Python","Vue, Vue",Nov-50,145780
5,USA,Bachelors,"C++, Java","Vue, Spring",5000+,114920
8,Australia,PhD,"Swift, Python","Express, Flask",5000+,109093
38,India,Bachelors,"JavaScript, JavaScript","Angular, Angular",10-Jan,147807
0,USA,Bachelors,"PHP, C++","React, Flask",1001-5000,74408
8,USA,Masters,"C++, Java","Spring, Spring",201-1000,141132
30,India,High School,"Rust, Java","Flask, Django",1001-5000,114326
35,USA,Bachelors,"Rust, Python","Spring, Angular",51-200,201298
28,France,Masters,"Java, Rust","ASP.NET, Ruby on Rails",Nov-50,164810
26,France,Masters,"Ruby, C#","Laravel, Vue",Nov-50,117436
33,UK,Bachelors,"PHP, PHP","Vue, Angular",201-1000,186020
39,USA,Some College,"Go, Go","React, Express",10-Jan,228737
2,UK,Masters,"C#, JavaScript","Ruby on Rails, Ruby on Rails",5000+,77939
16,UK,Bachelors,"Swift, Go","Django, React",51-200,90120
0,USA,Bachelors,"Rust, JavaScript","ASP.NET, ASP.NET",10-Jan,84045
16,Germany,Masters,"C#, C++","ASP.NET, React",10-Jan,103529
27,France,Masters,"Swift, C#","Ruby on Rails, Spring",1001-5000,147806
18,Germany,Bachelors,"Rust, Go","Vue, Angular",5000+,115248
23,Canada,Bachelors,"Go, Go","Angular, Ruby on Rails",51-200,150537
0,USA,Some College,"C++, Rust","Spring, Django",10-Jan,94440
18,India,Bachelors,"C++, Go","Spring, Spring",Nov-50,62327
7,USA,Bachelors,"Swift, Rust","Express, Ruby on Rails",1001-5000,110020
18,Japan,Masters,"Python, PHP","Ruby on Rails, Ruby on Rails",Nov-50,111859
40,UK,Bachelors,"Java, PHP","Vue, Laravel",10-Jan,183677
23,UK,PhD,"C#, Java","React, ASP.NET",51-200,140340
12,Germany,Bachelors,"Rust, Java","Angular, Laravel",201-1000,100454
12,USA,Bachelors,"Swift, C#","Spring, Ruby on Rails",1001-5000,131851
19,USA,High School,"Ruby, PHP","Express, Express",51-200,170041
0,Canada,Masters,"Java, C++","Express, Angular",10-Jan,60685
38,USA,Masters,"PHP, C++","Express, Laravel",201-1000,210342
21,India,Masters,"C#, Python","Vue, Django",51-200,77189
30,UK,Bachelors,"Rust, Python","Express, ASP.NET",51-200,158578
22,Canada,Some College,"Rust, C++","Ruby on Rails, Laravel",Nov-50,112546
0,USA,Bachelors,"PHP, PHP","React, Django",5000+,123056
30,USA,Masters,"Ruby, Python","Flask, Vue",1001-5000,163893
6,Singapore,High School,"Ruby, Ruby","Express, Flask",5000+,97020
34,USA,Masters,"Swift, Rust","React, Angular",51-200,224620
17,Germany,Bachelors,"Ruby, Ruby","Laravel, React",10-Jan,110593
31,USA,Bachelors,"Java, C#","ASP.NET, Spring",Nov-50,206730
26,USA,Bachelors,"Python, Go","ASP.NET, Express",Nov-50,142247
19,Australia,PhD,"Python, Swift","Flask, Flask",10-Jan,149628
3,USA,Masters,"Rust, Swift","Flask, Angular",5000+,148256
31,India,Bachelors,"C++, Swift","Angular, Spring",1001-5000,116704
6,USA,Bachelors,"C#, Go","React, Laravel",201-1000,100069
13,USA,Some College,"Go, Swift","Flask, Ruby on Rails",201-1000,106782
16,USA,Bachelors,"Go, Swift","Express, Express",10-Jan,150817
18,USA,Bachelors,"Swift, Rust","Laravel, React",5000+,158280
30,UK,PhD,"C++, Ruby","Laravel, Angular",1001-5000,196816
19,USA,Masters,"C#, JavaScript","React, Spring",5000+,173636
28,USA,Bachelors,"C#, Rust","Spring, Spring",Nov-50,192766
1,Japan,Some College,"PHP, Python","React, Vue",Nov-50,51119
15,Japan,Masters,"Go, C#","Django, Laravel",201-1000,112177
7,USA,Masters,"C++, Go","Angular, Laravel",10-Jan,103190
11,Germany,Bachelors,"C++, Java","Flask, ASP.NET",10-Jan,86318
5,UK,Masters,"C#, Go","ASP.NET, Angular",51-200,89760
25,USA,Bachelors,"JavaScript, JavaScript","Angular, Spring",51-200,158721
14,Japan,Masters,"Swift, Go","Vue, Ruby on Rails",5000+,122400
12,UK,Some College,"Java, C++","Laravel, Django",10-Jan,78630
32,USA,Bachelors,"Swift, Swift","Spring, Spring",10-Jan,167763
25,France,Masters,"Rust, Go","Vue, React",5000+,134767
1,Canada,Bachelors,"Rust, Ruby","Laravel, React",201-1000,68584
16,Canada,High School,"Swift, C++","Ruby on Rails, Angular",Nov-50,119414
24,UK,Bachelors,"Rust, Java","Ruby on Rails, Laravel",Nov-50,144012
25,Germany,Bachelors,"PHP, Java","Vue, Angular",201-1000,132910
22,USA,Bachelors,"JavaScript, Rust","Express, ASP.NET",201-1000,179262
17,India,Some College,"Go, Ruby","Laravel, ASP.NET",1001-5000,77890
19,India,Bachelors,"Python, Java","Django, Flask",1001-5000,61634
30,USA,Masters,"Swift, Rust","ASP.NET, Spring",201-1000,176794
30,USA,Bachelors,"C++, Python","Express, Flask",5000+,175501
25,USA,Bachelors,"Ruby, Rust","Ruby on Rails, Express",201-1000,133938
19,USA,High School,"Java, Go","Django, Angular",1001-5000,128817
18,USA,Masters,"JavaScript, Swift","Angular, ASP.NET",Nov-50,132188
30,Canada,PhD,"C++, PHP","Laravel, Flask",Nov-50,178515
12,USA,Masters,"Python, C#","Vue, Express",10-Jan,111682
27,USA,Bachelors,"C#, Swift","Django, Django",5000+,186537
16,USA,Bachelors,"C++, PHP","React, Ruby on Rails",1001-5000,128631
20,UK,Bachelors,"Go, JavaScript","Vue, Spring",5000+,134044
19,USA,Some College,"Python, Rust","Django, Spring",5000+,130754
5,Germany,Bachelors,"Java, Java","Laravel, Spring",51-200,75745
12,France,Bachelors,"Rust, C++","Ruby on Rails, Spring",Nov-50,95239
40,USA,Masters,"C++, C#","React, React",10-Jan,186728
16,USA,Bachelors,"Java, Python","Ruby on Rails, Express",1001-5000,157141
34,Canada,Masters,"JavaScript, Python","Vue, ASP.NET",10-Jan,160347
28,India,Masters,"Go, Ruby","ASP.NET, ASP.NET",Nov-50,111853
26,USA,Masters,"Python, C++","Django, Django",201-1000,170265
25,Canada,Bachelors,"Go, Ruby","Ruby on Rails, Angular",Nov-50,159696
2,India,Masters,"Java, Swift","Vue, Express",51-200,27359
9,USA,Some College,"Java, Rust","Laravel, Ruby on Rails",51-200,138612
16,Japan,Masters,"PHP, JavaScript","Spring, Spring",1001-5000,105045
35,UK,Bachelors,"Ruby, JavaScript","Vue, Angular",10-Jan,194017
3,USA,Masters,"Swift, C++","Angular, Express",Nov-50,100483
11,UK,Masters,"Java, JavaScript","ASP.NET, ASP.NET",5000+,116682
1,USA,Some College,"Ruby, C++","React, Express",Nov-50,103137
11,Singapore,Bachelors,"C++, C++","React, Express",1001-5000,75175
39,USA,Some College,"Swift, Swift","ASP.NET, Django",51-200,197775
16,USA,Masters,"Swift, Rust","ASP.NET, ASP.NET",201-1000,134890
10,USA,Masters,"C++, Swift","Laravel, Vue",1001-5000,155584
28,Singapore,Bachelors,"Java, Ruby","Angular, Django",201-1000,124429
27,UK,Bachelors,"Python, Python","Express, ASP.NET",5000+,183100
26,Germany,Bachelors,"Go, C++","Laravel, React",10-Jan,133237
25,Australia,Some College,"Swift, Python","Express, Ruby on Rails",51-200,109015
11,USA,Masters,"C#, Python","Express, Django",1001-5000,115481
27,USA,Bachelors,"Rust, C++","Vue, Ruby on Rails",51-200,186041
35,India,Bachelors,"Swift, Swift","Angular, Flask",201-1000,123931
37,USA,Some College,"Go, PHP","Express, Ruby on Rails",1001-5000,218634
28,Japan,Masters,"C++, Rust","React, ASP.NET",1001-5000,124128
20,Japan,Bachelors,"C++, JavaScript","Angular, React",201-1000,121809
2,Germany,Bachelors,"Swift, Python","Angular, Angular",5000+,70662
11,Australia,Bachelors,"C++, Java","Angular, Vue",5000+,96182
33,UK,Bachelors,"Python, PHP","Laravel, ASP.NET",51-200,183117
22,India,Masters,"C++, Python","Angular, Express",10-Jan,83588
11,Canada,Bachelors,"Rust, Ruby","ASP.NET, Flask",10-Jan,103566
19,USA,Bachelors,"PHP, Swift","Express, Django",Nov-50,168794
0,Japan,Bachelors,"JavaScript, Swift","Laravel, Django",5000+,53247
19,Brazil,Masters,"Python, Python","Spring, ASP.NET",10-Jan,99141
4,Brazil,Masters,"Swift, Python","Django, ASP.NET",10-Jan,64881
25,Australia,Bachelors,"Go, JavaScript","Angular, Spring",201-1000,145752
18,Brazil,Bachelors,"C++, Python","Vue, Vue",201-1000,95735
28,USA,Masters,"C#, C#","Laravel, React",51-200,169517
12,USA,Bachelors,"Ruby, Rust","React, Ruby on Rails",5000+,163504
25,Germany,Bachelors,"JavaScript, JavaScript","Django, Flask",5000+,147634
14,UK,Masters,"Java, C#","Express, Flask",51-200,100581
19,India,Bachelors,"Java, JavaScript","Spring, Laravel",201-1000,69401
14,USA,Bachelors,"Python, C++","Express, Ruby on Rails",Nov-50,157370
20,Germany,Masters,"Rust, Ruby","Angular, ASP.NET",51-200,113953
15,USA,Masters,"Rust, Go","React, Laravel",51-200,145984
15,USA,Bachelors,"Go, Ruby","Flask, Ruby on Rails",5000+,130100
26,USA,Some College,"Swift, Ruby","Spring, ASP.NET",5000+,194508
12,Japan,Bachelors,"C#, Go","Ruby on Rails, Flask",51-200,96981
6,Canada,Bachelors,"Java, PHP","Django, ASP.NET",Nov-50,89541
1,Germany,Bachelors,"Go, Go","Spring, React",5000+,76637
28,Germany,Masters,"PHP, Go","React, Ruby on Rails",1001-5000,136735
25,UK,Masters,"Rust, C++","Angular, ASP.NET",51-200,136597
23,USA,Bachelors,"Swift, JavaScript","Spring, Spring",10-Jan,153500
33,UK,Masters,"PHP, Ruby","Spring, Django",Nov-50,169278
33,India,High School,"PHP, Swift","Express, Angular",10-Jan,117566
25,USA,PhD,"Swift, Go","Flask, ASP.NET",51-200,185681
27,USA,Some College,"JavaScript, JavaScript","ASP.NET, Vue",1001-5000,177745
10,USA,Masters,"C++, Python","Vue, Flask",10-Jan,127651
8,USA,Bachelors,"Python, Swift","Spring, Flask",10-Jan,99521
20,UK,Bachelors,"Ruby, C++","Ruby on Rails, React",1001-5000,98430
37,USA,Bachelors,"C++, Go","Spring, Vue",51-200,235783
27,Germany,Masters,"Ruby, C++","React, ASP.NET",1001-5000,170181
15,UK,Some College,"Rust, C++","React, React",Nov-50,115730
25,India,Bachelors,"PHP, C#","Express, Ruby on Rails",Nov-50,88116
8,India,Some College,"Java, Python","Ruby on Rails, Django",Nov-50,45855
35,Singapore,Masters,"Rust, Go","Spring, Spring",5000+,149726
36,UK,Bachelors,"Swift, Ruby","Laravel, Angular",5000+,163549
8,USA,Bachelors,"Ruby, Rust","Vue, Flask",51-200,135014
21,USA,Bachelors,"JavaScript, Java","Ruby on Rails, Vue",10-Jan,143572
31,USA,Bachelors,"Python, C++","React, Ruby on Rails",Nov-50,169951
9,USA,PhD,"C++, PHP","Vue, Ruby on Rails",5000+,172051
4,USA,Bachelors,"C#, Java","Ruby on Rails, Express",Nov-50,90471
14,USA,Bachelors,"PHP, Swift","Django, ASP.NET",10-Jan,132563
23,Germany,Bachelors,"Go, Java","Angular, Ruby on Rails",51-200,117320
13,Canada,Bachelors,"Python, C++","Express, Express",51-200,95913
32,USA,Some College,"Python, C#","Ruby on Rails, Django",1001-5000,153691
37,France,Bachelors,"C++, C#","Angular, Angular",201-1000,131474
22,USA,Bachelors,"Go, PHP","Angular, Flask",201-1000,172435
16,Germany,Masters,"C#, Go","Laravel, Express",51-200,98863
4,UK,Bachelors,"Swift, Rust","Vue, Express",10-Jan,69190
40,India,High School,"Ruby, Python","Vue, Ruby on Rails",Nov-50,113704
10,USA,Bachelors,"C#, C#","React, React",201-1000,130627
36,India,Masters,"C++, Python","Laravel, Django",1001-5000,133535
18,USA,Bachelors,"JavaScript, Swift","Vue, Angular",1001-5000,140590
17,USA,Masters,"PHP, Swift","Angular, Angular",Nov-50,173064
13,Japan,Bachelors,"Ruby, Swift","Flask, Flask",Nov-50,98654
30,UK,High School,"Swift, Rust","Spring, React",1001-5000,155891
5,USA,Masters,"Go, C#","Angular, Django",10-Jan,103277
3,Germany,Some College,"PHP, JavaScript","Ruby on Rails, Flask",51-200,64409
9,UK,Masters,"Go, Ruby","React, Flask",51-200,105933
31,Australia,Bachelors,"Swift, C#","Ruby on Rails, Angular",Nov-50,161357
18,India,High School,"C#, Ruby","React, Vue",10-Jan,75727
37,USA,Bachelors,"Python, PHP","Angular, Django",51-200,200934
11,Canada,Masters,"Ruby, Python","Flask, Vue",51-200,82909
26,Japan,Some College,"Java, Python","ASP.NET, Vue",Nov-50,112635
23,USA,Bachelors,"JavaScript, JavaScript","Ruby on Rails, Ruby on Rails",5000+,167795
20,USA,Bachelors,"C++, Rust","Ruby on Rails, Vue",1001-5000,152068
31,UK,PhD,"Java, PHP","Angular, React",Nov-50,181977
16,USA,Bachelors,"C#, Java","Django, Express",1001-5000,156874
25,USA,Bachelors,"C++, Swift","Express, ASP.NET",5000+,212021
21,USA,Some College,"PHP, Rust","Laravel, Flask",1001-5000,124955
18,USA,Bachelors,"Python, PHP","Ruby on Rails, React",Nov-50,159969
4,USA,Bachelors,"Rust, C++","Django, Django",Nov-50,84839
14,India,High School,"C#, JavaScript","Laravel, Spring",5000+,59625
7,UK,Bachelors,"Rust, JavaScript","Ruby on Rails, Laravel",Nov-50,87392
21,UK,Bachelors,"Go, C#","Flask, Flask",1001-5000,110810
32,Canada,Masters,"C++, Swift","Django, Ruby on Rails",201-1000,195165
38,France,Masters,"Python, Go","Laravel, Angular",51-200,140743
21,USA,Some College,"C++, JavaScript","Express, Spring",10-Jan,178076
0,Brazil,Bachelors,"C#, Rust","Laravel, Laravel",5000+,56430
38,USA,Bachelors,"Swift, C#","Django, React",1001-5000,212424
9,UK,Masters,"Swift, Go","ASP.NET, Express",1001-5000,82744
5,USA,Bachelors,"C++, PHP","Laravel, React",201-1000,105404
26,UK,Bachelors,"JavaScript, C#","Django, Flask",1001-5000,125784
26,India,Some College,"Java, Java","React, ASP.NET",201-1000,97543
30,France,Bachelors,"PHP, Python","Django, Ruby on Rails",201-1000,133329
27,India,Bachelors,"Ruby, Rust","Laravel, Vue",5000+,111891
19,USA,Masters,"Python, JavaScript","Angular, Spring",Nov-50,156698
20,USA,Bachelors,"JavaScript, Python","Vue, Flask",201-1000,142687
33,UK,Bachelors,"PHP, Python","Angular, Django",51-200,131990
11,USA,PhD,"JavaScript, Swift","Laravel, Flask",5000+,156772
28,Japan,Masters,"Swift, C#","Laravel, Ruby on Rails",1001-5000,157293
23,USA,High School,"PHP, Ruby","Angular, React",51-200,169263
17,India,Some College,"Swift, C#","Spring, Express",201-1000,63810
16,UK,PhD,"Swift, C++","Express, Vue",51-200,144909
31,USA,PhD,"C#, Go","Vue, Angular",Nov-50,225923
34,USA,Bachelors,"Ruby, Go","Spring, Laravel",51-200,184367
36,USA,Bachelors,"Go, Swift","Vue, Ruby on Rails",51-200,193472
13,UK,Some College,"C++, Go","Express, React",1001-5000,106769
15,France,Bachelors,"Ruby, Java","Ruby on Rails, Django",10-Jan,81386
3,India,Bachelors,"PHP, C#","React, Laravel",51-200,27785
16,UK,Masters,"C++, JavaScript","Express, Django",1001-5000,111373
12,France,Masters,"C#, Ruby","Ruby on Rails, Flask",201-1000,78115
1,India,Bachelors,"Swift, Python","Laravel, React",51-200,18250
34,Australia,Masters,"Java, Java","Spring, Vue",10-Jan,192490
11,Japan,Bachelors,"Python, C#","Django, ASP.NET",10-Jan,81245
1,USA,Bachelors,"PHP, Rust","Ruby on Rails, Flask",1001-5000,80947
5,UK,Some College,"Go, Go","React, Flask",5000+,74349
33,USA,Bachelors,"PHP, Java","Angular, Flask",51-200,182550
19,USA,Masters,"JavaScript, Rust","ASP.NET, Spring",51-200,139902
34,Germany,Masters,"C++, PHP","Angular, Laravel",201-1000,143907
34,USA,High School,"C#, C#","React, Flask",5000+,246950
11,Canada,Bachelors,"C++, Go","Laravel, Django",1001-5000,97826
32,USA,Bachelors,"Ruby, Rust","Django, Angular",51-200,175439
35,Brazil,Bachelors,"Go, Python","Spring, Angular",51-200,134786
3,India,High School,"Ruby, Rust","Flask, Express",Nov-50,21781
9,Singapore,PhD,"Rust, Rust","Laravel, Express",201-1000,95202
1,USA,Masters,"C++, Rust","Laravel, Laravel",5000+,105509
2,USA,Bachelors,"PHP, Swift","Laravel, Vue",Nov-50,87669
23,Japan,Some College,"Java, Rust","React, Laravel",10-Jan,103851
8,USA,Masters,"Go, C#","Flask, Flask",10-Jan,109754
27,Japan,Bachelors,"Python, Go","Ruby on Rails, Spring",5000+,137015
32,Germany,Bachelors,"PHP, Java","Spring, ASP.NET",Nov-50,152169
37,USA,Bachelors,"C#, Rust","ASP.NET, Spring",Nov-50,196578
21,Canada,Masters,"PHP, C#","Django, Vue",Nov-50,158481
37,USA,Bachelors,"C#, Go","React, Laravel",Nov-50,184060
11,UK,Bachelors,"Swift, JavaScript","Vue, Ruby on Rails",Nov-50,85246
19,USA,PhD,"Ruby, C#","Vue, Vue",1001-5000,177882
8,USA,Bachelors,"Go, Python","Spring, Express",5000+,104113
11,USA,High School,"Ruby, Java","Vue, Vue",5000+,143399
21,Australia,Masters,"Swift, Ruby","Laravel, ASP.NET",1001-5000,143854
25,USA,Bachelors,"C#, Java","Flask, React",10-Jan,162037
26,Canada,Bachelors,"Python, Java","React, Flask",10-Jan,123200
38,Germany,PhD,"C#, JavaScript","Flask, Laravel",51-200,197302
8,Germany,Bachelors,"JavaScript, Rust","React, Flask",51-200,76528
12,India,Bachelors,"C++, Swift","ASP.NET, ASP.NET",5000+,61451
2,Canada,Some College,"Java, JavaScript","Laravel, Spring",1001-5000,70955
2,UK,Bachelors,"Ruby, Rust","Flask, Spring",1001-5000,71104
28,USA,Some College,"C++, Ruby","Angular, React",5000+,223097
22,Brazil,Masters,"Python, C++","Vue, Spring",201-1000,108459
19,USA,Bachelors,"C++, Swift","Spring, Flask",5000+,176409
30,USA,Bachelors,"C++, PHP","Laravel, ASP.NET",Nov-50,187880
7,Canada,PhD,"C++, Java","Express, Express",1001-5000,111900
18,USA,Some College,"PHP, Java","Express, ASP.NET",1001-5000,133290
21,USA,PhD,"Swift, Go","Flask, Django",201-1000,179648
31,France,Bachelors,"Swift, JavaScript","React, Angular",201-1000,165236
27,Germany,Masters,"Python, C#","Django, Express",10-Jan,128876
37,USA,Bachelors,"C#, Ruby","ASP.NET, Django",5000+,197251
25,Canada,PhD,"JavaScript, JavaScript","Flask, Express",1001-5000,174039
10,UK,Bachelors,"Ruby, Java","React, React",5000+,108398
20,Australia,Some College,"JavaScript, JavaScript","Flask, Vue",5000+,129201
31,India,High School,"JavaScript, Rust","Flask, ASP.NET",5000+,111308
8,USA,Bachelors,"Ruby, Ruby","Express, Spring",51-200,104364
33,Germany,Masters,"C++, PHP","React, Flask",10-Jan,201779
15,France,Bachelors,"Rust, Go","Django, Django",Nov-50,80908
1,USA,Masters,"Java, C#","Laravel, Vue",201-1000,99355
13,Canada,Masters,"Rust, Swift","Django, Angular",5000+,108643
14,USA,Bachelors,"Rust, JavaScript","React, Django",10-Jan,130687
10,India,Masters,"Go, Go","Django, React",5000+,63337
9,USA,Masters,"C++, Rust","Express, Angular",201-1000,124887
16,Canada,Bachelors,"Rust, Python","ASP.NET, Vue",201-1000,121877
38,Germany,Masters,"C++, Swift","Flask, Ruby on Rails",201-1000,148201
2,USA,Masters,"JavaScript, C++","Vue, Vue",5000+,141575
40,France,Some College,"Rust, Java","Ruby on Rails, React",201-1000,137012
12,USA,Masters,"Rust, C++","Angular, Laravel",201-1000,122302
20,UK,PhD,"Rust, Go","React, Flask",Nov-50,162059
18,France,High School,"Swift, Swift","Vue, Laravel",51-200,85916
18,UK,Bachelors,"JavaScript, C#","Vue, Spring",51-200,118977
0,Germany,Bachelors,"C#, Python","Laravel, Django",201-1000,53236
16,India,Masters,"Go, Rust","React, React",201-1000,58972
13,France,Some College,"Java, PHP","Vue, Express",201-1000,73898
10,India,Bachelors,"C++, Rust","Express, Express",10-Jan,41282
13,USA,Masters,"C++, Java","Laravel, Ruby on Rails",201-1000,132669
16,India,Masters,"C++, Ruby","Angular, Flask",Nov-50,79446
40,Japan,Bachelors,"Java, Java","Vue, Django",51-200,152334
30,Germany,Some College,"C++, Python","Vue, Django",5000+,171606
12,Germany,Bachelors,"Rust, Swift","Ruby on Rails, Spring",10-Jan,96883
5,UK,Bachelors,"Python, Python","Express, Django",10-Jan,84634
2,USA,Some College,"Java, Swift","Express, Vue",Nov-50,105127
0,UK,Bachelors,"C#, PHP","ASP.NET, React",201-1000,69761
26,USA,Bachelors,"PHP, C++","Laravel, ASP.NET",10-Jan,180554
28,USA,Bachelors,"PHP, PHP","Flask, React",1001-5000,139657
32,Canada,PhD,"C++, Rust","Express, Spring",10-Jan,149207
12,Japan,Bachelors,"JavaScript, C++","ASP.NET, Laravel",1001-5000,88004
1,USA,Masters,"Rust, C++","Vue, Vue",10-Jan,104764
12,Canada,Bachelors,"Ruby, C#","Django, React",Nov-50,81351
20,India,Bachelors,"JavaScript, Swift","Express, Angular",Nov-50,68114
3,USA,Masters,"Go, Python","Flask, Angular",51-200,106371
23,Canada,Masters,"PHP, C++","Vue, Express",10-Jan,160672
11,Germany,Bachelors,"Go, Rust","Vue, Spring",Nov-50,86624
3,USA,Some College,"Rust, PHP","Django, Ruby on Rails",51-200,117478
35,Germany,High School,"C++, JavaScript","Flask, Angular",5000+,201986
34,USA,Bachelors,"Java, JavaScript","ASP.NET, Express",51-200,229516
7,UK,Bachelors,"Go, Java","ASP.NET, Django",5000+,84225
3,Singapore,Bachelors,"Ruby, JavaScript","Laravel, Django",51-200,48211
2,France,Bachelors,"C#, Swift","Laravel, Angular",201-1000,49873
15,USA,Bachelors,"Python, Swift","Vue, Vue",5000+,171027
23,USA,Bachelors,"Swift, Ruby","Angular, Angular",Nov-50,164012
1,USA,Masters,"C++, Ruby","Spring, Laravel",201-1000,91782
6,France,Bachelors,"Go, Ruby","Laravel, Vue",Nov-50,70242
12,USA,Bachelors,"Rust, C#","Django, Django",Nov-50,143633
20,USA,Bachelors,"C++, C#","Angular, Spring",51-200,162161
19,Canada,High School,"Swift, Java","Vue, Django",5000+,128165
1,India,Masters,"Go, Java","ASP.NET, Vue",Nov-50,27348
38,Japan,High School,"Ruby, Rust","ASP.NET, Express",201-1000,150672
16,USA,PhD,"Rust, JavaScript","Laravel, Laravel",1001-5000,169792
0,Australia,Bachelors,"Ruby, Swift","ASP.NET, React",1001-5000,59443
35,USA,PhD,"C++, Swift","Vue, Django",1001-5000,203856
38,USA,PhD,"Rust, Python","Flask, Ruby on Rails",201-1000,220654
9,Australia,Masters,"Python, C++","Express, Spring",1001-5000,91309
28,Canada,Bachelors,"Java, JavaScript","Laravel, Django",Nov-50,152811
25,Canada,Bachelors,"C++, Python","Vue, Angular",10-Jan,110143
17,Japan,Some College,"JavaScript, Ruby","Ruby on Rails, Laravel",201-1000,100233
38,Australia,Masters,"PHP, JavaScript","Express, Express",51-200,192338
2,Germany,Bachelors,"C++, Go","Ruby on Rails, Angular",51-200,75781
34,USA,Masters,"JavaScript, PHP","Angular, Ruby on Rails",5000+,177936
20,Japan,Bachelors,"Go, C#","Angular, Angular",10-Jan,102657
1,USA,Bachelors,"JavaScript, PHP","Spring, Ruby on Rails",Nov-50,97522
20,USA,Bachelors,"PHP, PHP","ASP.NET, Express",10-Jan,169203
30,USA,Bachelors,"C#, C#","Django, ASP.NET",5000+,224706
40,Brazil,Bachelors,"Swift, Swift","Flask, Spring",10-Jan,146435
14,USA,PhD,"PHP, PHP","React, Ruby on Rails",Nov-50,152576
11,USA,Bachelors,"Java, C#","Ruby on Rails, Flask",51-200,128406
5,USA,High School,"JavaScript, Go","Vue, Angular",5000+,124002
36,Brazil,Masters,"Python, Python","ASP.NET, Express",10-Jan,190535
27,UK,Bachelors,"Java, JavaScript","Express, Ruby on Rails",201-1000,121853
13,India,Bachelors,"PHP, C#","ASP.NET, ASP.NET",201-1000,45913
20,USA,Bachelors,"C++, C++","ASP.NET, ASP.NET",51-200,176818
15,Canada,Bachelors,"Swift, Java","Spring, Ruby on Rails",Nov-50,100823
0,USA,Some College,"Java, Ruby","Vue, Express",Nov-50,98790
28,USA,Masters,"Swift, C#","ASP.NET, React",5000+,236096
22,France,Bachelors,"Python, C#","Angular, Spring",5000+,138726
8,Canada,Masters,"Rust, Go","Spring, Vue",201-1000,93183
7,UK,Bachelors,"C++, Python","Angular, Angular",201-1000,86319
17,France,Masters,"Swift, JavaScript","Ruby on Rails, Laravel",201-1000,113873
0,USA,Masters,"Java, Swift","Ruby on Rails, Django",1001-5000,110709
22,France,High School,"Ruby, Java","Spring, ASP.NET",5000+,155209
6,UK,Bachelors,"C#, JavaScript","React, Express",Nov-50,78786
38,India,Masters,"Java, Rust","ASP.NET, Express",51-200,125762
4,USA,High School,"Python, JavaScript","Express, Angular",51-200,108153
16,USA,Bachelors,"Go, Go","Ruby on Rails, Angular",51-200,165569
3,USA,Masters,"Java, PHP","Express, Angular",51-200,116601
10,Singapore,Some College,"Swift, Java","Vue, Angular",Nov-50,74870
10,USA,Bachelors,"Ruby, Rust","React, Angular",1001-5000,116451
14,France,Masters,"Python, Swift","Django, Angular",1001-5000,95226
32,Germany,Bachelors,"Java, Swift","Express, Laravel",10-Jan,152068
33,USA,Masters,"Go, Python","React, Express",1001-5000,213560
32,France,Bachelors,"C++, C++","Express, Spring",10-Jan,163440
35,France,Masters,"Python, Swift","Express, Flask",10-Jan,175633
27,Canada,Bachelors,"JavaScript, Python","Ruby on Rails, Express",51-200,165790
15,USA,Bachelors,"Java, C#","Ruby on Rails, ASP.NET",Nov-50,125029
30,India,Bachelors,"Ruby, Rust","Spring, Spring",5000+,118036
28,USA,Masters,"Swift, JavaScript","Vue, Laravel",10-Jan,179374
35,Brazil,Bachelors,"Rust, Go","Flask, ASP.NET",5000+,195778
38,Germany,Bachelors,"C#, Go","React, Flask",51-200,153372
7,UK,Bachelors,"Swift, Swift","Vue, Django",51-200,88188
36,Australia,High School,"Python, Java","Express, Vue",1001-5000,180386
9,USA,PhD,"C++, JavaScript","Spring, React",Nov-50,143867
3,Canada,Bachelors,"Python, Ruby","Flask, Express",1001-5000,81340
10,Germany,Masters,"C#, Ruby","Vue, React",1001-5000,84033
27,Japan,Masters,"Go, JavaScript","Vue, Django",51-200,166821
2,Germany,Masters,"Ruby, Swift","React, Vue",51-200,86668
19,Japan,Bachelors,"C#, Swift","React, Angular",5000+,127372
26,Japan,Bachelors,"JavaScript, PHP","Django, React",10-Jan,107057
32,Germany,Bachelors,"JavaScript, C++","React, Django",10-Jan,125521
3,USA,Bachelors,"Java, Ruby","Express, ASP.NET",201-1000,116755
38,USA,Bachelors,"C++, PHP","Ruby on Rails, Angular",Nov-50,218834
0,India,Some College,"Python, Ruby","Express, Vue",10-Jan,13110
20,Germany,Bachelors,"Go, Java","Vue, Express",5000+,108385
40,Singapore,Bachelors,"JavaScript, Go","Express, Vue",5000+,167971
2,Germany,Bachelors,"Java, Ruby","Flask, Flask",51-200,74187
33,USA,Masters,"Rust, C#","Spring, Express",201-1000,227296
36,Australia,Masters,"PHP, C++","Ruby on Rails, Ruby on Rails",1001-5000,178959
40,Germany,Bachelors,"Java, C#","React, Django",1001-5000,166194
39,Germany,Bachelors,"Ruby, Swift","Laravel, Express",10-Jan,190473
22,Germany,Masters,"Go, Java","Flask, Vue",51-200,116839
27,USA,Masters,"Swift, Swift","Flask, Spring",10-Jan,155273
30,USA,Bachelors,"Java, PHP","React, Laravel",51-200,215577
38,USA,Masters,"Swift, Java","Vue, ASP.NET",51-200,205842
30,Japan,Bachelors,"Rust, PHP","Flask, Flask",10-Jan,133030
32,USA,Bachelors,"Swift, C#","Vue, Django",Nov-50,152118
31,UK,Masters,"Python, Rust","Angular, ASP.NET",Nov-50,174839
28,USA,Masters,"Swift, JavaScript","Spring, Laravel",5000+,223363
12,France,Bachelors,"JavaScript, C++","Angular, Flask",51-200,96438
1,Canada,Masters,"Java, JavaScript","Flask, Vue",201-1000,81989
32,UK,Masters,"Ruby, Java","Vue, Vue",201-1000,190113
23,Germany,Masters,"Python, Java","Vue, Flask",1001-5000,157943
27,USA,Bachelors,"C++, Go","Django, React",Nov-50,196683
35,Japan,Masters,"Ruby, Swift","Spring, React",5000+,171965
30,USA,Some College,"JavaScript, PHP","ASP.NET, Laravel",10-Jan,214089
10,Canada,Masters,"JavaScript, Ruby","Spring, ASP.NET",201-1000,92794
33,UK,Masters,"Go, Java","Express, Django",1001-5000,166778
3,USA,Bachelors,"Ruby, PHP","Vue, Vue",10-Jan,114094
31,India,Masters,"Go, Swift","Flask, Django",Nov-50,97969
16,Singapore,Bachelors,"C++, Rust","Spring, Laravel",5000+,98243
39,UK,Masters,"C++, JavaScript","Flask, Vue",Nov-50,189734
10,USA,PhD,"JavaScript, PHP","React, Flask",1001-5000,152084
6,USA,Bachelors,"PHP, Java","Laravel, Django",201-1000,105525
18,USA,Bachelors,"JavaScript, Swift","Express, Laravel",Nov-50,133918
26,USA,Masters,"Ruby, Go","ASP.NET, Django",Nov-50,143074
3,USA,Bachelors,"Python, Java","ASP.NET, Express",5000+,135602
25,India,Masters,"Java, Swift","Vue, Vue",201-1000,83050
18,UK,Some College,"C++, Java","Ruby on Rails, Laravel",201-1000,115333
25,USA,High School,"PHP, PHP","Django, ASP.NET",10-Jan,152286
2,USA,Masters,"JavaScript, C++","ASP.NET, Flask",10-Jan,95442
28,Canada,Bachelors,"Go, Ruby","React, Laravel",5000+,135979
12,USA,Masters,"Ruby, JavaScript","React, Vue",1001-5000,142784
20,Canada,Masters,"PHP, Go","ASP.NET, React",Nov-50,104130
11,Germany,Bachelors,"C#, Ruby","Vue, Ruby on Rails",10-Jan,86590
26,UK,Masters,"Swift, Rust","Laravel, ASP.NET",201-1000,129955
38,USA,Some College,"Java, Ruby","Ruby on Rails, Vue",201-1000,225006
18,USA,High School,"PHP, C#","Django, ASP.NET",1001-5000,156926
31,USA,Masters,"C#, Python","Ruby on Rails, Vue",10-Jan,218056
23,Canada,Bachelors,"Python, Rust","Angular, Angular",5000+,142400
22,India,Bachelors,"Rust, Swift","React, Laravel",10-Jan,90871
17,Germany,Some College,"C++, Python","Laravel, React",51-200,110418
24,USA,Bachelors,"JavaScript, Rust","Django, Flask",51-200,180396
7,Canada,Bachelors,"Swift, Python","Flask, Express",1001-5000,91010
15,UK,Bachelors,"C++, Rust","Django, Django",5000+,98277
19,Canada,Masters,"Ruby, JavaScript","Laravel, Flask",Nov-50,145300
13,France,Some College,"Ruby, C++","Django, React",201-1000,78017
38,USA,Bachelors,"Swift, PHP","Laravel, ASP.NET",1001-5000,206868
4,UK,Masters,"Swift, Java","Laravel, Angular",10-Jan,97360
3,India,Bachelors,"Go, PHP","ASP.NET, Django",201-1000,27344
9,USA,Bachelors,"Go, Swift","Laravel, Flask",10-Jan,130963
15,USA,Bachelors,"C++, Ruby","Laravel, Laravel",Nov-50,146011
16,USA,Bachelors,"C++, C#","Ruby on Rails, Express",Nov-50,164153
11,USA,Bachelors,"Rust, Python","Spring, Laravel",1001-5000,144185
22,France,Bachelors,"PHP, Rust","Flask, React",5000+,110399
36,USA,PhD,"Python, Swift","Spring, Laravel",Nov-50,234146
3,UK,Bachelors,"C++, Go","Ruby on Rails, Express",51-200,75881
14,India,Bachelors,"C++, Ruby","Flask, Flask",10-Jan,67019
17,UK,Some College,"Java, C#","Express, Vue",Nov-50,131569
11,USA,Masters,"Go, PHP","Angular, Express",1001-5000,143144
16,USA,Masters,"PHP, PHP","Flask, React",Nov-50,148752
31,Australia,Masters,"Java, JavaScript","Ruby on Rails, React",5000+,141135
8,USA,Masters,"Java, Go","Vue, Django",51-200,114502
39,USA,Masters,"C#, PHP","Laravel, Laravel",1001-5000,211915
26,USA,Masters,"Swift, Ruby","Spring, Laravel",5000+,154673
35,UK,Some College,"Ruby, Java","Angular, Flask",5000+,206941
1,Germany,Bachelors,"Swift, Java","Angular, Ruby on Rails",51-200,65488
15,USA,Bachelors,"C++, Python","Laravel, Ruby on Rails",201-1000,125851
34,France,Masters,"Java, Python","ASP.NET, Express",1001-5000,141080
8,Japan,PhD,"PHP, Java","ASP.NET, Spring",201-1000,93482
15,USA,Some College,"Java, Swift","React, Express",5000+,125549
18,USA,Bachelors,"PHP, Python","Flask, Spring",51-200,161577
33,USA,Masters,"C++, Go","Flask, Spring",10-Jan,223458
11,India,High School,"Go, Rust","Laravel, React",Nov-50,45616
30,India,Bachelors,"Go, Ruby","Flask, React",10-Jan,87282
26,Germany,Some College,"Rust, Rust","Ruby on Rails, React",10-Jan,112983
36,India,PhD,"C++, PHP","Laravel, Flask",51-200,168617
1,Australia,Bachelors,"Swift, Ruby","Laravel, React",10-Jan,48565
39,Canada,Masters,"C++, Python","React, Express",10-Jan,156587
37,UK,Bachelors,"Go, C++","ASP.NET, Vue",51-200,164772
12,Australia,Bachelors,"Go, Python","Spring, React",201-1000,77651
4,USA,Bachelors,"PHP, Swift","Ruby on Rails, Express",51-200,86078
20,France,PhD,"C#, Go","React, Express",1001-5000,117186
8,UK,Masters,"Swift, PHP","ASP.NET, Spring",51-200,109120
35,Canada,Bachelors,"Java, PHP","Django, Express",10-Jan,134197
3,USA,Bachelors,"C#, C#","Angular, Ruby on Rails",Nov-50,94708
2,USA,Bachelors,"PHP, JavaScript","ASP.NET, Spring",5000+,119374
6,India,Bachelors,"PHP, C#","Express, Ruby on Rails",10-Jan,33771
40,Brazil,Masters,"PHP, Rust","ASP.NET, Flask",10-Jan,177542
3,Australia,Masters,"Ruby, Rust","Angular, Spring",1001-5000,64472
14,USA,Masters,"Swift, PHP","React, Spring",10-Jan,133499
5,USA,Bachelors,"Ruby, Rust","Spring, ASP.NET",1001-5000,96111
4,Canada,Bachelors,"Swift, Ruby","Angular, Angular",5000+,100947
8,Brazil,High School,"Go, C#","React, Ruby on Rails",51-200,66629
19,USA,Masters,"C++, Python","ASP.NET, Angular",1001-5000,161323
34,Australia,Masters,"Python, Rust","ASP.NET, Flask",5000+,157534
1,Japan,Some College,"Go, Java","Angular, Spring",201-1000,42598
3,France,PhD,"JavaScript, Ruby","Express, Ruby on Rails",1001-5000,70285
19,USA,Masters,"Python, Python","ASP.NET, Vue",Nov-50,133418
4,USA,Bachelors,"Java, Go","Laravel, Vue",Nov-50,115183
33,Canada,High School,"C++, PHP","Django, React",5000+,164567
11,Canada,Bachelors,"Swift, Swift","Vue, Flask",5000+,91743
6,USA,Bachelors,"PHP, Python","Laravel, Angular",1001-5000,103656
10,USA,Masters,"JavaScript, JavaScript","Django, Ruby on Rails",201-1000,143747
21,France,Bachelors,"Ruby, Java","Spring, Spring",5000+,120483
35,Canada,Masters,"JavaScript, Ruby","Angular, Flask",1001-5000,203665
12,UK,Masters,"JavaScript, Rust","Ruby on Rails, Vue",5000+,118461
20,Germany,Bachelors,"C#, Java","Laravel, Flask",10-Jan,101376
35,France,Some College,"Rust, C++","Express, Spring",201-1000,174265
4,Australia,Masters,"Rust, Ruby","Vue, Express",51-200,83003
36,USA,Bachelors,"C++, Python","Flask, Laravel",51-200,203446
30,UK,PhD,"PHP, C#","Vue, Ruby on Rails",10-Jan,182877
25,USA,Bachelors,"Rust, Swift","React, ASP.NET",201-1000,165551
18,Germany,Some College,"JavaScript, JavaScript","React, Express",51-200,107100
11,USA,Some College,"Python, Ruby","React, ASP.NET",Nov-50,128908
1,UK,PhD,"Ruby, JavaScript","Django, Vue",10-Jan,95748
28,France,Bachelors,"Ruby, Go","Django, Spring",201-1000,134161
36,Canada,Bachelors,"Go, Go","Ruby on Rails, Spring",201-1000,164401
15,USA,Masters,"Java, JavaScript","React, Vue",1001-5000,127254
35,USA,Bachelors,"C++, Python","Express, ASP.NET",201-1000,159203
34,France,Bachelors,"Go, JavaScript","Laravel, Vue",201-1000,133351
4,India,Bachelors,"PHP, C#","Spring, ASP.NET",Nov-50,27832
40,UK,Masters,"C++, C#","Express, Django",5000+,242630
0,USA,Masters,"JavaScript, PHP","Angular, ASP.NET",51-200,89592
2,UK,Bachelors,"Ruby, Ruby","Flask, React",51-200,55111
14,USA,High School,"C#, C#","Flask, Ruby on Rails",201-1000,119275
9,UK,Some College,"PHP, PHP","Vue, Flask",201-1000,92702
28,USA,Bachelors,"Python, Java","Vue, Angular",5000+,176980
26,USA,Bachelors,"Swift, Java","Spring, Vue",5000+,155037
37,UK,Bachelors,"C++, PHP","Django, Ruby on Rails",5000+,170033
37,Germany,Bachelors,"C++, C#","React, Spring",5000+,214252
35,Canada,Bachelors,"Python, Swift","Spring, Spring",51-200,181102
7,USA,Masters,"Java, Python","Spring, Laravel",51-200,131656
3,USA,Masters,"PHP, Swift","Ruby on Rails, Django",51-200,106737
8,USA,Bachelors,"Rust, Python","Spring, Ruby on Rails",10-Jan,100010
3,USA,Masters,"C#, Go","Express, React",201-1000,116324
39,Australia,Masters,"C#, Ruby","React, Django",10-Jan,165815
2,France,Some College,"Go, PHP","Laravel, Vue",1001-5000,59305
21,Australia,Masters,"Python, Java","React, React",51-200,131645
35,Germany,Bachelors,"C++, Rust","Angular, Express",51-200,185810
1,USA,Bachelors,"Java, Swift","Vue, Laravel",51-200,106953
4,UK,Bachelors,"PHP, PHP","Angular, Spring",Nov-50,57682
13,USA,Masters,"JavaScript, Go","Ruby on Rails, Django",1001-5000,122534
35,Germany,Masters,"Go, PHP","Flask, Vue",Nov-50,204162
40,USA,Masters,"PHP, PHP","React, Django",1001-5000,196345
15,Singapore,Some College,"C++, Go","Ruby on Rails, Ruby on Rails",10-Jan,94369
12,India,Masters,"Java, C#","Vue, Express",Nov-50,65422
12,India,Masters,"Java, C++","Angular, Laravel",201-1000,68043
17,Canada,Masters,"Python, Swift","Laravel, Express",201-1000,129014
39,UK,Bachelors,"Swift, JavaScript","Laravel, Angular",10-Jan,183182
18,USA,Bachelors,"PHP, C#","Spring, Spring",1001-5000,120434
37,USA,High School,"C#, Go","React, Ruby on Rails",51-200,170540
17,USA,Bachelors,"Swift, C++","Flask, Flask",10-Jan,116682
23,Canada,Masters,"Java, Rust","Vue, Laravel",201-1000,127068
39,Germany,Bachelors,"Go, C++","Ruby on Rails, Django",201-1000,192445
7,USA,Masters,"JavaScript, Java","Express, Ruby on Rails",10-Jan,142335
5,Japan,Masters,"Rust, Python","Django, Laravel",51-200,74089
28,USA,Masters,"Java, JavaScript","Ruby on Rails, Angular",51-200,216793
40,India,Bachelors,"PHP, PHP","ASP.NET, Vue",5000+,139772
4,UK,Masters,"JavaScript, Rust","Laravel, React",Nov-50,68793
32,USA,Masters,"Python, C#","Flask, ASP.NET",51-200,176624
4,Canada,Bachelors,"Rust, Java","Django, ASP.NET",10-Jan,80613
20,UK,Bachelors,"C#, Java","Vue, Spring",201-1000,143861
3,India,Bachelors,"Go, Java","Laravel, Express",10-Jan,27444
25,France,Bachelors,"Swift, JavaScript","Angular, Vue",201-1000,149832
0,Germany,Bachelors,"PHP, Go","React, ASP.NET",1001-5000,49246
18,India,Bachelors,"JavaScript, Rust","Ruby on Rails, Django",201-1000,73679
17,Brazil,Masters,"C++, C++","Flask, Express",Nov-50,97880
38,France,Masters,"Go, C++","Django, Spring",10-Jan,194139
9,Canada,Bachelors,"JavaScript, C#","Flask, Vue",Nov-50,80089
5,UK,Bachelors,"Python, Python","Ruby on Rails, Vue",1001-5000,74820
23,Singapore,Bachelors,"C#, JavaScript","Vue, Flask",201-1000,110905
31,India,Bachelors,"Java, Swift","ASP.NET, React",5000+,108102
13,USA,Some College,"Ruby, Ruby","Express, Spring",1001-5000,116286
14,UK,Bachelors,"C#, Java","Angular, Django",10-Jan,113597
34,Japan,Some College,"Ruby, C++","Spring, Express",51-200,144692
14,UK,Masters,"C#, PHP","React, ASP.NET",Nov-50,95714
18,USA,Bachelors,"JavaScript, Go","Flask, Django",201-1000,146522
38,Canada,Masters,"Go, Ruby","Express, React",51-200,186355
3,USA,Masters,"Rust, Go","Flask, Spring",201-1000,99557
4,USA,Masters,"Python, C++","Flask, Laravel",Nov-50,111191
24,UK,Bachelors,"Rust, JavaScript","Laravel, ASP.NET",Nov-50,142888
28,USA,Masters,"Swift, Python","Flask, Django",10-Jan,171374
6,Australia,Masters,"JavaScript, Go","Ruby on Rails, Angular",5000+,96204
31,UK,High School,"Swift, C++","Angular, React",10-Jan,130673
11,USA,Bachelors,"JavaScript, Go","Angular, Ruby on Rails",5000+,142873
23,France,Some College,"PHP, PHP","Express, Vue",1001-5000,116457
30,USA,PhD,"Python, Python","Ruby on Rails, ASP.NET",5000+,198157
1,India,Bachelors,"Python, C++","Laravel, Express",10-Jan,16596
21,Germany,PhD,"C#, JavaScript","Angular, Express",5000+,184653
23,USA,Bachelors,"Rust, C++","Laravel, React",201-1000,164998
28,Germany,Masters,"Python, JavaScript","React, React",1001-5000,181176
34,India,Bachelors,"C++, Swift","ASP.NET, Express",5000+,139832
10,Canada,Bachelors,"Swift, Java","Laravel, Angular",5000+,110171
17,UK,Bachelors,"C++, Python","Laravel, Laravel",1001-5000,104732
29,USA,Bachelors,"Python, Swift","Spring, Vue",Nov-50,177435
12,Canada,Masters,"C#, Java","ASP.NET, ASP.NET",Nov-50,126379
22,UK,Bachelors,"Python, C++","Flask, Vue",Nov-50,118342
33,USA,Masters,"Rust, C++","Laravel, React",5000+,172844
24,USA,Masters,"Go, Java","Laravel, Django",51-200,187045
10,Australia,Bachelors,"JavaScript, Java","Laravel, Angular",5000+,93348
40,USA,Bachelors,"C++, Ruby","ASP.NET, Angular",5000+,268632
34,USA,Masters,"Go, Java","Flask, Flask",201-1000,224835
30,USA,Bachelors,"C#, Java","Laravel, Ruby on Rails",1001-5000,195251
12,USA,Masters,"Go, JavaScript","Flask, Express",Nov-50,141463
27,USA,Bachelors,"Swift, C#","Flask, Django",Nov-50,165989
25,India,Bachelors,"JavaScript, Rust","Django, Laravel",Nov-50,99929
15,USA,Bachelors,"C#, Rust","Django, Express",5000+,147863
26,France,Some College,"Swift, PHP","Django, Flask",1001-5000,128897
7,USA,Bachelors,"Go, JavaScript","Laravel, Vue",51-200,93263
20,Germany,Some College,"C++, JavaScript","Laravel, ASP.NET",Nov-50,125004
22,UK,Masters,"Ruby, Ruby","ASP.NET, Vue",201-1000,148956
19,Germany,Bachelors,"Go, PHP","Angular, Vue",10-Jan,96433
40,Canada,Bachelors,"Python, PHP","Django, Django",10-Jan,164974
15,USA,Masters,"JavaScript, JavaScript","Laravel, Vue",51-200,125050
16,USA,PhD,"C#, Go","Angular, Angular",5000+,202713
17,USA,Bachelors,"Ruby, Rust","ASP.NET, Vue",Nov-50,153043
17,UK,Bachelors,"Java, Ruby","Django, Vue",51-200,106211
27,Germany,Masters,"Java, Ruby","Express, Flask",1001-5000,123344
23,Germany,Masters,"Swift, Ruby","React, Laravel",Nov-50,141540
36,Japan,Bachelors,"JavaScript, Java","Laravel, React",10-Jan,147462
32,Germany,Bachelors,"PHP, Python","Angular, Vue",51-200,147918
22,Canada,Bachelors,"C++, Python","Django, Flask",51-200,129401
36,USA,Bachelors,"Swift, PHP","Express, Django",10-Jan,178036
29,France,Masters,"JavaScript, PHP","Django, Laravel",201-1000,164073
9,Canada,Masters,"JavaScript, Go","Angular, ASP.NET",10-Jan,96679
1,USA,Bachelors,"JavaScript, Ruby","Ruby on Rails, Laravel",Nov-50,99023
14,Brazil,Masters,"C++, Swift","Vue, Angular",1001-5000,101372
16,USA,Masters,"JavaScript, Python","Ruby on Rails, Flask",201-1000,144316
39,USA,Bachelors,"Java, Python","Laravel, React",10-Jan,220526
19,India,Masters,"Swift, Rust","ASP.NET, Django",51-200,67139
1,Germany,High School,"C++, PHP","Spring, ASP.NET",10-Jan,67690
20,Canada,Masters,"Python, C++","Express, Django",10-Jan,142769
29,USA,Bachelors,"C#, Swift","React, Django",Nov-50,150132
9,USA,Bachelors,"C#, Swift","Express, Angular",10-Jan,135844
34,Canada,Bachelors,"Swift, C++","Django, Vue",201-1000,163236
14,USA,Bachelors,"Ruby, Java","Flask, ASP.NET",51-200,132600
0,USA,Masters,"Rust, PHP","React, React",Nov-50,82378
8,USA,Bachelors,"PHP, JavaScript","ASP.NET, Spring",1001-5000,110194
8,Germany,Bachelors,"C++, Python","Express, ASP.NET",10-Jan,98475
7,Australia,Bachelors,"Swift, C++","Angular, Ruby on Rails",201-1000,59055
7,USA,Masters,"Swift, Swift","React, Angular",5000+,151325
33,USA,Some College,"Rust, Ruby","Flask, Django",5000+,238002
27,USA,Bachelors,"PHP, Rust","ASP.NET, Express",51-200,171709
11,Canada,Masters,"Go, C#","Express, Flask",Nov-50,91116
23,USA,Bachelors,"Ruby, Ruby","Flask, Django",10-Jan,154332
18,Australia,Masters,"Swift, PHP","React, React",10-Jan,103527
36,USA,Bachelors,"C++, Go","Express, Express",51-200,191357
34,USA,Bachelors,"C#, Java","Spring, Express",Nov-50,183508
39,USA,Bachelors,"PHP, C++","Ruby on Rails, Django",10-Jan,170803
2,India,Bachelors,"C++, C#","Flask, Flask",51-200,18127
23,USA,Bachelors,"Swift, JavaScript","Angular, Spring",5000+,180740
16,UK,Masters,"Python, Swift","Express, Flask",201-1000,127887
37,USA,Masters,"PHP, C++","Flask, Ruby on Rails",10-Jan,194871
15,USA,High School,"Java, C#","Flask, Ruby on Rails",Nov-50,128032
7,Japan,Bachelors,"PHP, Rust","React, Django",201-1000,84293
17,USA,High School,"C++, Rust","ASP.NET, Vue",51-200,147111
12,USA,Bachelors,"C#, C++","React, Laravel",51-200,136306
20,India,Bachelors,"Rust, Ruby","Vue, Express",1001-5000,65741
14,USA,Bachelors,"Python, PHP","ASP.NET, Django",Nov-50,114904
40,USA,Masters,"Go, Swift","ASP.NET, Flask",5000+,245302
5,USA,Bachelors,"Java, Go","Laravel, Spring",51-200,91103
39,Australia,Bachelors,"Ruby, Rust","Ruby on Rails, Flask",10-Jan,174528
0,Brazil,Bachelors,"Java, Swift","Ruby on Rails, Laravel",1001-5000,52676
6,USA,Bachelors,"JavaScript, Go","Django, ASP.NET",Nov-50,111664
21,France,Masters,"JavaScript, C++","Ruby on Rails, ASP.NET",5000+,125290
5,Canada,Bachelors,"C#, Swift","Spring, Express",201-1000,62739
25,Germany,Bachelors,"Ruby, C++","Angular, Laravel",5000+,135101
34,USA,Masters,"Swift, Java","Express, React",51-200,236935
39,UK,Masters,"JavaScript, Swift","React, Vue",5000+,162863
14,Germany,Bachelors,"Java, JavaScript","React, Express",5000+,137335
29,USA,Masters,"Go, C#","Flask, Django",5000+,161615
8,UK,Bachelors,"JavaScript, Java","Flask, Django",10-Jan,89960
28,USA,Masters,"Java, Python","Django, React",201-1000,172534
25,UK,Masters,"Ruby, Swift","Angular, Ruby on Rails",5000+,188389
18,USA,Some College,"Python, Rust","React, Vue",1001-5000,140378
21,Brazil,Bachelors,"Go, PHP","Spring, Vue",201-1000,113386
16,USA,Bachelors,"Go, Python","Spring, Laravel",Nov-50,156281
29,Singapore,Bachelors,"C++, C#","ASP.NET, Django",5000+,169985
35,France,Some College,"Swift, C#","Flask, Ruby on Rails",10-Jan,127407
29,USA,Masters,"Swift, Swift","React, ASP.NET",Nov-50,196936
9,USA,Masters,"Python, PHP","Vue, Laravel",5000+,166964
35,Brazil,Bachelors,"Ruby, C#","Express, Laravel",201-1000,145097
7,Canada,Bachelors,"Ruby, Python","Ruby on Rails, Express",5000+,107444
40,Australia,Bachelors,"C++, Go","Vue, Vue",1001-5000,151816
25,USA,Masters,"Python, Rust","Vue, React",51-200,208365
6,Germany,Bachelors,"JavaScript, C#","ASP.NET, Django",1001-5000,66292
24,France,Masters,"C#, JavaScript","Vue, Express",Nov-50,118032
13,UK,Bachelors,"Python, Java","Express, Vue",Nov-50,99344
19,USA,Bachelors,"Python, Swift","ASP.NET, Ruby on Rails",Nov-50,137739
33,Germany,Bachelors,"Ruby, Swift","React, Angular",5000+,144223
20,USA,Masters,"Go, C++","Angular, Spring",5000+,175564
8,Japan,Bachelors,"Ruby, PHP","Express, Ruby on Rails",201-1000,77999
7,Australia,Bachelors,"Rust, JavaScript","React, Spring",1001-5000,62573
19,UK,Bachelors,"Swift, Ruby","Spring, Laravel",1001-5000,118925
38,UK,Bachelors,"Ruby, Rust","Vue, Django",201-1000,164315
25,USA,Masters,"Go, PHP","ASP.NET, Ruby on Rails",1001-5000,173641
32,Germany,Masters,"PHP, C++","ASP.NET, Angular",201-1000,153322
29,Singapore,Bachelors,"Rust, Java","Angular, ASP.NET",1001-5000,133985
27,India,Masters,"C++, Python","Spring, Laravel",Nov-50,113463
11,USA,Some College,"PHP, Swift","Express, Angular",10-Jan,121873
4,India,Some College,"Python, C#","Flask, Django",10-Jan,24799
26,Germany,Bachelors,"C++, Java","Flask, Express",201-1000,135596
22,India,Masters,"Swift, C++","Django, Ruby on Rails",Nov-50,74382
30,France,Bachelors,"PHP, Swift","ASP.NET, Express",201-1000,159937
3,Germany,Masters,"Rust, Go","Spring, React",1001-5000,87068
27,Canada,PhD,"Ruby, Rust","React, Spring",10-Jan,130440
30,India,Masters,"JavaScript, Go","Spring, Spring",5000+,146217
39,Canada,PhD,"C#, Go","Angular, ASP.NET",10-Jan,204301
4,Australia,Masters,"C++, JavaScript","Django, Flask",5000+,75388
18,UK,Bachelors,"Go, Go","React, Vue",1001-5000,133344
26,Australia,Some College,"JavaScript, PHP","Vue, ASP.NET",201-1000,113101
18,USA,Bachelors,"Python, JavaScript","Spring, Angular",10-Jan,142396
14,Canada,Bachelors,"Java, C#","Django, Ruby on Rails",Nov-50,111755
26,Singapore,Some College,"Ruby, Python","Flask, Express",201-1000,109742
15,India,Bachelors,"PHP, JavaScript","Flask, Express",201-1000,62657
20,India,Masters,"Ruby, Swift","Flask, Ruby on Rails",5000+,102966
32,USA,Some College,"Python, PHP","React, ASP.NET",1001-5000,207868
36,USA,Bachelors,"Java, Ruby","Django, Vue",5000+,184244
34,Japan,Masters,"C#, C++","ASP.NET, Vue",1001-5000,186756
27,USA,Some College,"Swift, Rust","ASP.NET, Spring",Nov-50,144763
7,India,PhD,"Java, JavaScript","Flask, React",201-1000,49811
14,USA,Bachelors,"Python, Swift","Spring, Flask",Nov-50,129507
17,UK,Masters,"Ruby, C++","Angular, Flask",51-200,120689
17,Japan,Bachelors,"Rust, Java","Flask, Spring",201-1000,99986
21,India,Bachelors,"Swift, Ruby","React, Spring",51-200,93093
35,USA,Masters,"Go, Java","Laravel, Vue",1001-5000,224725
29,UK,Masters,"JavaScript, C#","React, ASP.NET",1001-5000,184224
10,USA,Bachelors,"C#, PHP","Ruby on Rails, Laravel",201-1000,128690
9,India,Bachelors,"Rust, Swift","Laravel, ASP.NET",201-1000,45579
13,Australia,Bachelors,"C#, Ruby","Angular, Angular",Nov-50,96381
16,India,Masters,"JavaScript, C++","Spring, Flask",Nov-50,82612
12,India,Masters,"C++, PHP","Express, Laravel",51-200,65236
36,France,Bachelors,"Go, JavaScript","React, React",5000+,142004
13,USA,Bachelors,"C++, Go","Angular, Vue",201-1000,111530
21,Japan,Masters,"Ruby, C#","Express, Flask",1001-5000,139459
11,Australia,High School,"C++, Swift","ASP.NET, Vue",201-1000,94036
13,India,Masters,"Rust, Go","Spring, Laravel",51-200,74196
39,USA,Masters,"Ruby, Python","Ruby on Rails, Ruby on Rails",201-1000,251534
5,USA,High School,"Rust, C#","Laravel, Angular",1001-5000,108157
9,USA,Bachelors,"Rust, Java","React, Vue",201-1000,105838
37,Japan,Bachelors,"PHP, Java","Ruby on Rails, Vue",51-200,147292
6,UK,Masters,"JavaScript, C++","Django, Angular",5000+,87355
15,Brazil,Some College,"Java, Python","Spring, Django",5000+,103406
16,Germany,Bachelors,"Ruby, C++","Angular, Express",10-Jan,106564
32,Brazil,Masters,"JavaScript, C#","Ruby on Rails, Angular",51-200,141786
34,Australia,Bachelors,"Java, Go","Express, Laravel",51-200,154980
7,Singapore,Bachelors,"JavaScript, Go","Spring, React",201-1000,76683
39,Canada,Masters,"Python, Java","Vue, Angular",Nov-50,164803
10,UK,Bachelors,"JavaScript, Rust","Laravel, Ruby on Rails",1001-5000,101180
15,India,Bachelors,"PHP, Python","Laravel, Laravel",5000+,74967
5,Japan,Masters,"Rust, PHP","Spring, Vue",51-200,89873
31,USA,Masters,"PHP, JavaScript","Flask, Laravel",5000+,219935
35,USA,Bachelors,"Python, Swift","Ruby on Rails, Laravel",10-Jan,176057
23,USA,Bachelors,"Swift, Go","Django, Laravel",1001-5000,160802
17,Germany,Masters,"C#, JavaScript","Vue, Vue",5000+,139772
21,USA,PhD,"C++, PHP","ASP.NET, React",Nov-50,194811
4,Japan,Masters,"C#, Java","Vue, Flask",Nov-50,81800
32,UK,Some College,"Swift, Java","Express, Django",10-Jan,187035
30,Singapore,Bachelors,"C++, Java","Flask, Ruby on Rails",Nov-50,144972
2,USA,PhD,"Java, Swift","Angular, React",5000+,139508
10,USA,Masters,"Java, JavaScript","Angular, ASP.NET",1001-5000,137592
13,UK,Masters,"Go, C#","Django, Spring",1001-5000,128951
17,USA,Bachelors,"Swift, JavaScript","Express, Spring",10-Jan,151765
28,Germany,Masters,"Ruby, Go","Laravel, Express",10-Jan,178076
33,India,Masters,"Java, Python","Express, Django",201-1000,131112
3,Singapore,High School,"PHP, Go","ASP.NET, Express",201-1000,54634
2,USA,Masters,"Python, Rust","Django, Django",1001-5000,89954
1,USA,Bachelors,"PHP, C++","Vue, Ruby on Rails",5000+,100212
35,USA,Bachelors,"Python, PHP","Express, ASP.NET",1001-5000,198026
24,India,Some College,"Go, Rust","Vue, Express",10-Jan,85727
31,USA,Bachelors,"Python, C#","ASP.NET, Angular",1001-5000,204469
10,USA,Masters,"Java, Java","Ruby on Rails, Django",5000+,123840
27,Germany,Masters,"Python, Java","Angular, Vue",5000+,194208
4,Germany,Bachelors,"Rust, Rust","Ruby on Rails, ASP.NET",1001-5000,76365
17,USA,Bachelors,"JavaScript, PHP","Flask, Laravel",10-Jan,138107
16,Japan,Masters,"C++, C#","ASP.NET, Express",10-Jan,121734
5,USA,Masters,"Java, Java","Flask, React",5000+,133337
23,USA,Bachelors,"Swift, Rust","React, Flask",201-1000,144463
34,Australia,Some College,"Swift, PHP","Flask, Laravel",201-1000,164450
33,France,Bachelors,"Swift, PHP","Vue, ASP.NET",201-1000,150140
36,Canada,Masters,"Ruby, C++","Laravel, React",201-1000,142853
5,Japan,High School,"C++, PHP","ASP.NET, Spring",10-Jan,65607
37,Germany,Bachelors,"Go, JavaScript","ASP.NET, Spring",Nov-50,188565
30,India,Bachelors,"C++, JavaScript","Ruby on Rails, Ruby on Rails",Nov-50,120350
19,USA,Bachelors,"PHP, PHP","Flask, Angular",5000+,153844
15,USA,Masters,"Go, Python","Express, Flask",201-1000,163381
18,Australia,Some College,"Java, Go","React, Django",1001-5000,113763
3,USA,Masters,"Go, C#","Django, Express",Nov-50,119283
5,USA,Masters,"Java, PHP","Ruby on Rails, Laravel",1001-5000,118891
4,India,Bachelors,"PHP, JavaScript","Angular, Flask",Nov-50,24863
5,USA,Some College,"Rust, Ruby","Express, Angular",201-1000,106136
26,Canada,Masters,"Java, Rust","Django, Flask",10-Jan,141452
37,India,Masters,"Python, C++","React, ASP.NET",201-1000,139084
3,Germany,Masters,"Java, Go","React, Laravel",51-200,71167
17,USA,Masters,"Java, C++","Flask, Ruby on Rails",201-1000,150210
13,USA,Bachelors,"Python, PHP","Spring, React",201-1000,144659
2,USA,Bachelors,"Go, C#","React, Django",Nov-50,77296
20,India,Masters,"Swift, C#","React, Django",10-Jan,72193
21,India,Masters,"Rust, Ruby","Flask, Laravel",5000+,120357
33,USA,High School,"Python, JavaScript","Ruby on Rails, Ruby on Rails",51-200,209323
3,Germany,Bachelors,"Java, JavaScript","ASP.NET, Flask",201-1000,71071
5,UK,Bachelors,"C#, Java","ASP.NET, Vue",201-1000,78417
7,Japan,Bachelors,"C#, Python","Express, Laravel",10-Jan,62802
12,Australia,Bachelors,"Java, Java","Flask, Vue",5000+,105886
10,India,Masters,"Ruby, Swift","Django, Vue",Nov-50,46424
7,Germany,Bachelors,"C#, Swift","ASP.NET, Django",5000+,107712
36,USA,Masters,"Rust, C#","Laravel, Vue",51-200,210902
15,USA,Masters,"Rust, Swift","Spring, Spring",5000+,183595
25,USA,Masters,"Go, Ruby","Angular, Express",10-Jan,179630
2,UK,Masters,"PHP, PHP","React, Angular",Nov-50,69320
28,USA,Bachelors,"C#, JavaScript","Ruby on Rails, Vue",10-Jan,155572
30,USA,Bachelors,"Rust, C++","ASP.NET, Laravel",51-200,162685
18,UK,Bachelors,"C++, C++","ASP.NET, Laravel",10-Jan,96559
9,USA,Bachelors,"PHP, Ruby","Spring, Laravel",10-Jan,94148
18,France,PhD,"Go, C++","React, Angular",5000+,114613
9,Japan,Masters,"Rust, Swift","Laravel, Vue",5000+,105875
18,USA,High School,"Java, PHP","Vue, Django",201-1000,128812
3,India,Bachelors,"C++, Go","Ruby on Rails, Vue",1001-5000,21391
8,Germany,Bachelors,"Rust, Python","Laravel, Ruby on Rails",10-Jan,95946
6,Japan,High School,"C++, Ruby","Django, ASP.NET",51-200,79695
17,USA,Bachelors,"C++, PHP","Laravel, Express",51-200,145618
17,France,Masters,"Java, Python","Spring, Flask",5000+,140117
33,USA,Bachelors,"Ruby, Go","React, Angular",1001-5000,222963
7,Australia,Bachelors,"JavaScript, Ruby","ASP.NET, Flask",Nov-50,82814
7,Australia,Masters,"Python, C++","Flask, React",1001-5000,82581
17,USA,Bachelors,"Rust, Python","Express, React",5000+,152590
6,USA,Some College,"PHP, Java","React, Laravel",201-1000,121196
28,USA,Bachelors,"Go, Python","Vue, Spring",1001-5000,172862
13,USA,High School,"Go, Java","Laravel, Ruby on Rails",5000+,116909
39,USA,Masters,"Java, C++","React, Angular",51-200,217094
32,Germany,Masters,"PHP, JavaScript","Angular, Ruby on Rails",Nov-50,158555
13,USA,Bachelors,"Go, Swift","Vue, ASP.NET",10-Jan,118730
37,Canada,Bachelors,"Java, Rust","Vue, Ruby on Rails",201-1000,169220
34,UK,Bachelors,"Ruby, Go","ASP.NET, Flask",51-200,160600
30,USA,Masters,"Python, JavaScript","Ruby on Rails, Vue",Nov-50,174169
5,UK,Masters,"Java, Swift","Angular, Django",5000+,114492
25,USA,Masters,"Swift, PHP","React, Angular",5000+,182669
37,USA,PhD,"JavaScript, C++","Flask, ASP.NET",Nov-50,264467
16,India,Some College,"JavaScript, Java","Spring, Ruby on Rails",51-200,67897
31,USA,Bachelors,"C++, JavaScript","Flask, Flask",51-200,202439
39,USA,Bachelors,"JavaScript, JavaScript","Spring, Flask",1001-5000,229472
20,France,Bachelors,"Ruby, Go","Spring, Laravel",201-1000,97454
17,USA,Bachelors,"Python, C#","Laravel, React",Nov-50,148684
38,Canada,Some College,"Java, JavaScript","Laravel, Ruby on Rails",5000+,168234
16,Canada,Masters,"C#, Java","Laravel, Angular",Nov-50,105153
3,India,Bachelors,"C#, PHP","React, Ruby on Rails",51-200,26336
2,India,Bachelors,"Swift, Rust","Angular, Angular",201-1000,19727
2,Japan,Masters,"Swift, Rust","ASP.NET, React",Nov-50,78907
0,France,Bachelors,"C++, Go","Vue, Ruby on Rails",Nov-50,50673
24,USA,Bachelors,"C++, Python","Spring, Express",51-200,194340
9,Germany,Masters,"PHP, C#","Ruby on Rails, Vue",Nov-50,84552
23,Germany,Masters,"Ruby, C++","Spring, Laravel",51-200,145108
2,USA,PhD,"Python, Python","Django, Angular",5000+,141554
31,France,Bachelors,"Go, Java","Vue, React",5000+,181309
12,USA,Bachelors,"C#, Rust","Spring, Vue",1001-5000,148160
1,USA,Bachelors,"PHP, Java","React, Django",5000+,102194
27,Singapore,Some College,"Go, Java","React, Angular",10-Jan,153424
4,Germany,Bachelors,"Rust, C++","Angular, Flask",1001-5000,66924
31,Canada,Masters,"C++, Rust","Flask, Ruby on Rails",10-Jan,163479
25,UK,Masters,"Ruby, Go","Angular, React",Nov-50,138740
32,Australia,High School,"Swift, JavaScript","Django, Spring",10-Jan,169178
19,India,Bachelors,"Ruby, C++","Django, Angular",1001-5000,84587
4,Germany,Masters,"PHP, Rust","Laravel, Vue",Nov-50,79274
6,UK,Some College,"Python, Java","Express, Vue",10-Jan,93031
4,Brazil,Masters,"JavaScript, C#","Flask, Angular",1001-5000,61678
14,USA,Bachelors,"JavaScript, C++","Express, Django",51-200,149494
4,USA,Masters,"Python, C++","React, React",5000+,139374
22,Australia,Masters,"JavaScript, Go","Flask, ASP.NET",Nov-50,132266
16,Japan,PhD,"JavaScript, PHP","Ruby on Rails, React",201-1000,104389
23,Australia,Bachelors,"JavaScript, Python","ASP.NET, Flask",1001-5000,137146
5,India,Masters,"JavaScript, Python","React, ASP.NET",1001-5000,43755
3,India,Bachelors,"C++, Ruby","Express, ASP.NET",1001-5000,24447
5,USA,Masters,"Rust, JavaScript","Laravel, React",5000+,122620
26,USA,Bachelors,"Java, Python","ASP.NET, Django",51-200,189137
4,Germany,Bachelors,"Python, C++","Flask, Angular",10-Jan,80507
16,UK,Bachelors,"JavaScript, C++","ASP.NET, Express",10-Jan,107468
11,India,Bachelors,"C++, C++","Express, React",201-1000,44454
7,USA,Bachelors,"Rust, Python","ASP.NET, Express",10-Jan,89081
11,India,Bachelors,"Java, Java","Laravel, React",10-Jan,54221
34,Australia,Masters,"Go, C#","Vue, Angular",51-200,183979
2,USA,Bachelors,"Java, C#","Django, Express",10-Jan,77903
36,USA,Masters,"Swift, PHP","Django, Spring",1001-5000,203519
31,USA,Bachelors,"C#, PHP","Ruby on Rails, Django",5000+,204994
32,India,Bachelors,"Ruby, C++","Flask, React",201-1000,107664
0,USA,Bachelors,"Java, C++","Ruby on Rails, Spring",51-200,80930
24,Japan,Masters,"Swift, Java","Express, Django",Nov-50,158020
19,USA,Some College,"Go, Rust","Django, Flask",5000+,134413
28,Australia,PhD,"Java, PHP","Angular, Vue",10-Jan,143794
39,USA,Bachelors,"Ruby, Ruby","Laravel, Express",10-Jan,183073
22,UK,Bachelors,"JavaScript, PHP","Angular, Ruby on Rails",10-Jan,106012
30,USA,Bachelors,"PHP, PHP","React, Vue",10-Jan,210919
9,Australia,Bachelors,"C#, JavaScript","Ruby on Rails, Flask",51-200,73905
13,India,Bachelors,"Ruby, Swift","Django, Vue",1001-5000,45940
32,USA,Masters,"C++, JavaScript","Flask, Flask",1001-5000,180759
27,USA,Bachelors,"PHP, Java","Laravel, Angular",10-Jan,164619
24,USA,High School,"Python, Java","React, Vue",51-200,190651
40,UK,Bachelors,"Rust, Java","Spring, Flask",51-200,192347
32,Brazil,Bachelors,"C#, Rust","React, Express",1001-5000,124561
40,Australia,Masters,"Rust, Go","Angular, Angular",51-200,185468
29,USA,Masters,"C#, Swift","Vue, Ruby on Rails",Nov-50,163264
32,USA,Masters,"Go, C++","Spring, Laravel",5000+,185350
18,USA,Masters,"Python, PHP","Angular, Spring",1001-5000,156799
25,USA,Bachelors,"JavaScript, Rust","Angular, Vue",Nov-50,143197
36,USA,Bachelors,"PHP, Java","Laravel, ASP.NET",1001-5000,222519
34,India,Bachelors,"C#, Swift","Ruby on Rails, Express",5000+,138987
27,USA,Bachelors,"JavaScript, Ruby","React, Flask",201-1000,179529
27,India,Masters,"C++, Java","Spring, Flask",1001-5000,111560
13,UK,Masters,"Swift, Python","Vue, Flask",Nov-50,110331
39,USA,Bachelors,"Java, Ruby","Laravel, Ruby on Rails",51-200,217437
3,Japan,Bachelors,"Go, Go","Express, ASP.NET",Nov-50,61629
17,USA,Bachelors,"Swift, JavaScript","React, Spring",5000+,153374
28,India,Bachelors,"Ruby, Rust","Vue, Django",1001-5000,82416
4,USA,Bachelors,"Ruby, PHP","Angular, Spring",Nov-50,100006
0,Germany,Bachelors,"Go, Python","Angular, Django",10-Jan,52964
21,France,Bachelors,"JavaScript, Go","Vue, Laravel",10-Jan,109243
31,Germany,Masters,"Java, Python","Laravel, Spring",51-200,164981
16,UK,Bachelors,"Swift, Ruby","Spring, ASP.NET",Nov-50,123601
30,India,Masters,"Rust, PHP","ASP.NET, Express",5000+,149347
21,USA,Bachelors,"Swift, JavaScript","React, Express",5000+,154215
3,Singapore,Bachelors,"C#, JavaScript","ASP.NET, React",51-200,50567
9,India,Bachelors,"C++, PHP","Ruby on Rails, Django",5000+,51766
38,Australia,Some College,"Ruby, Swift","Vue, Ruby on Rails",51-200,152280
22,UK,Masters,"Ruby, C++","Django, Laravel",Nov-50,144494
1,USA,High School,"Ruby, Rust","Spring, Django",10-Jan,75180
39,UK,Bachelors,"C#, Go","ASP.NET, Angular",51-200,149203
4,USA,Bachelors,"Swift, C++","Laravel, ASP.NET",5000+,100523
23,USA,Bachelors,"JavaScript, C#","Flask, React",5000+,167088
7,India,Bachelors,"JavaScript, C++","React, Spring",201-1000,40024
38,Canada,Some College,"Go, JavaScript","Django, Laravel",201-1000,161006
19,UK,Some College,"C#, Swift","Vue, Flask",5000+,108500
12,USA,Some College,"Java, PHP","Flask, React",10-Jan,146663
13,India,Masters,"C#, C++","Angular, Spring",51-200,70029
32,USA,Bachelors,"Ruby, C++","ASP.NET, Express",1001-5000,181197
23,Australia,PhD,"Rust, PHP","React, React",10-Jan,138952
11,India,Some College,"Python, Ruby","Express, Laravel",201-1000,40902
14,India,Bachelors,"PHP, Java","Ruby on Rails, Django",5000+,83806
28,Brazil,Bachelors,"Java, Ruby","Flask, Spring",10-Jan,131013
19,Germany,Masters,"Java, PHP","Ruby on Rails, Angular",Nov-50,146665
7,UK,Some College,"C#, C++","React, Laravel",201-1000,83205
29,Japan,Masters,"Java, Ruby","Express, Laravel",51-200,157163
25,Australia,Bachelors,"Rust, Java","Vue, Flask",5000+,115982
5,Canada,Bachelors,"PHP, Python","Flask, Flask",201-1000,87372
5,USA,Bachelors,"JavaScript, Python","Flask, Spring",51-200,112043
26,Canada,Bachelors,"Rust, Python","Angular, Laravel",10-Jan,163682
34,USA,Bachelors,"Ruby, Swift","Django, Angular",1001-5000,154431
,Germany,Masters,"Rust, Java","Django, Angular",201-1000,95968
15,USA,Bachelors,"Rust, PHP","Laravel, Express",201-1000,111545
6,USA,Bachelors,"Swift, Rust","Express, React",5000+,112681
30,Singapore,Masters,"PHP, C++","Ruby on Rails, Ruby on Rails",Nov-50,167996
